path,relative_path,domain,file_name,length,anomaly_count,anomaly_ratio,missing_values,value_mean,value_std
data/raw/YAHOO/YahooA3Benchmark-TS19_data.out,YAHOO/YahooA3Benchmark-TS19_data.out,YAHOO,YahooA3Benchmark-TS19_data.out,1679,10,0.005955926146515783,0,-840.0668643535831,772.0032905170823
data/raw/YAHOO/YahooA3Benchmark-TS100_data.out,YAHOO/YahooA3Benchmark-TS100_data.out,YAHOO,YahooA3Benchmark-TS100_data.out,1679,10,0.005955926146515783,0,0.04083994857330986,123.21410723765585
data/raw/YAHOO/YahooA3Benchmark-TS14_data.out,YAHOO/YahooA3Benchmark-TS14_data.out,YAHOO,YahooA3Benchmark-TS14_data.out,1679,15,0.008933889219773675,0,-2522.8714578286504,1464.3820986598375
data/raw/YAHOO/YahooA3Benchmark-TS29_data.out,YAHOO/YahooA3Benchmark-TS29_data.out,YAHOO,YahooA3Benchmark-TS29_data.out,1679,4,0.0023823704586063135,0,1683.166167282034,1026.430686051783
data/raw/YAHOO/YahooA3Benchmark-TS33_data.out,YAHOO/YahooA3Benchmark-TS33_data.out,YAHOO,YahooA3Benchmark-TS33_data.out,1679,8,0.004764740917212627,0,-6.928864164845544,933.4519871204573
data/raw/YAHOO/YahooA3Benchmark-TS20_data.out,YAHOO/YahooA3Benchmark-TS20_data.out,YAHOO,YahooA3Benchmark-TS20_data.out,1679,12,0.00714711137581894,0,-2524.2247930417266,1578.2653380787067
data/raw/YAHOO/YahooA3Benchmark-TS26_data.out,YAHOO/YahooA3Benchmark-TS26_data.out,YAHOO,YahooA3Benchmark-TS26_data.out,1679,11,0.006551518761167362,0,2523.3350037954724,1505.4920493739323
data/raw/YAHOO/YahooA3Benchmark-TS24_data.out,YAHOO/YahooA3Benchmark-TS24_data.out,YAHOO,YahooA3Benchmark-TS24_data.out,1679,8,0.004764740917212627,0,0.165347387021872,50.996324928557335
data/raw/YAHOO/YahooA3Benchmark-TS11_data.out,YAHOO/YahooA3Benchmark-TS11_data.out,YAHOO,YahooA3Benchmark-TS11_data.out,1679,7,0.004169148302561048,0,1677.3402865289809,1071.9553152960086
data/raw/YAHOO/YahooA3Benchmark-TS28_data.out,YAHOO/YahooA3Benchmark-TS28_data.out,YAHOO,YahooA3Benchmark-TS28_data.out,1679,2,0.0011911852293031567,0,-839.349688132006,780.4816017134913
data/raw/YAHOO/YahooA3Benchmark-TS30_data.out,YAHOO/YahooA3Benchmark-TS30_data.out,YAHOO,YahooA3Benchmark-TS30_data.out,1679,8,0.004764740917212627,0,2523.6641163303348,1462.7977151171854
data/raw/YAHOO/YahooA3Benchmark-TS27_data.out,YAHOO/YahooA3Benchmark-TS27_data.out,YAHOO,YahooA3Benchmark-TS27_data.out,1679,9,0.005360333531864205,0,842.7035353037885,515.461564814449
data/raw/YAHOO/YahooA3Benchmark-TS17_data.out,YAHOO/YahooA3Benchmark-TS17_data.out,YAHOO,YahooA3Benchmark-TS17_data.out,1679,1,0.0005955926146515784,0,2525.265617540501,1533.020644995407
data/raw/YAHOO/YahooA3Benchmark-TS13_data.out,YAHOO/YahooA3Benchmark-TS13_data.out,YAHOO,YahooA3Benchmark-TS13_data.out,1679,9,0.005360333531864205,0,834.0331239461632,951.318412955149
data/raw/YAHOO/YahooA3Benchmark-TS10_data.out,YAHOO/YahooA3Benchmark-TS10_data.out,YAHOO,YahooA3Benchmark-TS10_data.out,1679,10,0.005955926146515783,0,-2524.807838050383,1483.3853323874453
data/raw/YAHOO/YahooA3Benchmark-TS1_data.out,YAHOO/YahooA3Benchmark-TS1_data.out,YAHOO,YahooA3Benchmark-TS1_data.out,1679,11,0.006551518761167362,0,-1680.8724627132583,1262.8012320530026
data/raw/YAHOO/YahooA3Benchmark-TS12_data.out,YAHOO/YahooA3Benchmark-TS12_data.out,YAHOO,YahooA3Benchmark-TS12_data.out,1679,13,0.007742703990470518,0,0.42910638258188083,549.0883145016815
data/raw/YAHOO/YahooA3Benchmark-TS32_data.out,YAHOO/YahooA3Benchmark-TS32_data.out,YAHOO,YahooA3Benchmark-TS32_data.out,1679,14,0.008338296605122097,0,2.898759590919196,296.60125349724706
data/raw/YAHOO/YahooA3Benchmark-TS2_data.out,YAHOO/YahooA3Benchmark-TS2_data.out,YAHOO,YahooA3Benchmark-TS2_data.out,1679,16,0.009529481834425254,0,2524.275979274951,1501.273035189492
data/raw/YAHOO/YahooA3Benchmark-TS31_data.out,YAHOO/YahooA3Benchmark-TS31_data.out,YAHOO,YahooA3Benchmark-TS31_data.out,1679,7,0.004169148302561048,0,-3.409169411908082,692.0478939936276
data/raw/YAHOO/YahooA3Benchmark-TS18_data.out,YAHOO/YahooA3Benchmark-TS18_data.out,YAHOO,YahooA3Benchmark-TS18_data.out,1679,12,0.00714711137581894,0,-2527.1650574501723,1572.4886528491318
data/raw/YAHOO/YahooA3Benchmark-TS25_data.out,YAHOO/YahooA3Benchmark-TS25_data.out,YAHOO,YahooA3Benchmark-TS25_data.out,1679,2,0.0011911852293031567,0,1680.7333177124738,1012.6937664999231
data/raw/YAHOO/YahooA3Benchmark-TS23_data.out,YAHOO/YahooA3Benchmark-TS23_data.out,YAHOO,YahooA3Benchmark-TS23_data.out,1679,15,0.008933889219773675,0,0.8759349381722524,177.3928105291947
data/raw/YAHOO/YahooA3Benchmark-TS15_data.out,YAHOO/YahooA3Benchmark-TS15_data.out,YAHOO,YahooA3Benchmark-TS15_data.out,1679,6,0.00357355568790947,0,-2522.582880612369,1824.2965765681793
data/raw/YAHOO/YahooA3Benchmark-TS16_data.out,YAHOO/YahooA3Benchmark-TS16_data.out,YAHOO,YahooA3Benchmark-TS16_data.out,1679,9,0.005360333531864205,0,2520.7619333374078,1613.4756357643284
data/raw/YAHOO/YahooA3Benchmark-TS22_data.out,YAHOO/YahooA3Benchmark-TS22_data.out,YAHOO,YahooA3Benchmark-TS22_data.out,1679,4,0.0023823704586063135,0,2519.4276907163317,1730.9869637116828
data/raw/YAHOO/YahooA3Benchmark-TS21_data.out,YAHOO/YahooA3Benchmark-TS21_data.out,YAHOO,YahooA3Benchmark-TS21_data.out,1679,12,0.00714711137581894,0,2523.0187203807222,1454.4353307369176
data/raw/YAHOO/YahooA3Benchmark-TS7_data.out,YAHOO/YahooA3Benchmark-TS7_data.out,YAHOO,YahooA3Benchmark-TS7_data.out,1679,5,0.0029779630732578916,0,0.4943059874704637,187.6753751729763
data/raw/YAHOO/YahooA4Benchmark-TS36_data.out,YAHOO/YahooA4Benchmark-TS36_data.out,YAHOO,YahooA4Benchmark-TS36_data.out,1679,15,0.008933889219773675,0,-1193.4815526048476,932.7403300013452
data/raw/YAHOO/YahooA4Benchmark-TS29_data.out,YAHOO/YahooA4Benchmark-TS29_data.out,YAHOO,YahooA4Benchmark-TS29_data.out,1679,14,0.008338296605122097,0,841.7263942544297,573.9282518069637
data/raw/YAHOO/YahooA4Benchmark-TS30_data.out,YAHOO/YahooA4Benchmark-TS30_data.out,YAHOO,YahooA4Benchmark-TS30_data.out,1679,5,0.0029779630732578916,0,2527.498083545296,1595.430081862316
data/raw/YAHOO/YahooA3Benchmark-TS45_data.out,YAHOO/YahooA3Benchmark-TS45_data.out,YAHOO,YahooA3Benchmark-TS45_data.out,1679,5,0.0029779630732578916,0,-5.925289453852219,584.7453730238467
data/raw/YAHOO/YahooA3Benchmark-TS49_data.out,YAHOO/YahooA3Benchmark-TS49_data.out,YAHOO,YahooA3Benchmark-TS49_data.out,1679,16,0.009529481834425254,0,-0.9613383548551547,246.01772174884266
data/raw/YAHOO/YahooA3Benchmark-TS57_data.out,YAHOO/YahooA3Benchmark-TS57_data.out,YAHOO,YahooA3Benchmark-TS57_data.out,1679,9,0.005360333531864205,0,-1681.920762846553,1066.660415862771
data/raw/YAHOO/YahooA3Benchmark-TS84_data.out,YAHOO/YahooA3Benchmark-TS84_data.out,YAHOO,YahooA3Benchmark-TS84_data.out,1679,5,0.0029779630732578916,0,-1682.5928082923158,1064.051718488306
data/raw/YAHOO/YahooA4Benchmark-TS10_data.out,YAHOO/YahooA4Benchmark-TS10_data.out,YAHOO,YahooA4Benchmark-TS10_data.out,1679,4,0.0023823704586063135,0,-741.7836936590999,647.1204667552414
data/raw/YAHOO/YahooA4Benchmark-TS43_data.out,YAHOO/YahooA4Benchmark-TS43_data.out,YAHOO,YahooA4Benchmark-TS43_data.out,1679,11,0.006551518761167362,0,-477.6372711379854,656.0103335515624
data/raw/YAHOO/YahooA4Benchmark-TS84_data.out,YAHOO/YahooA4Benchmark-TS84_data.out,YAHOO,YahooA4Benchmark-TS84_data.out,1679,3,0.001786777843954735,0,-1472.4384675974195,993.4852425165393
data/raw/YAHOO/YahooA3Benchmark-TS79_data.out,YAHOO/YahooA3Benchmark-TS79_data.out,YAHOO,YahooA3Benchmark-TS79_data.out,1679,5,0.0029779630732578916,0,-1686.635746064071,1165.437909492402
data/raw/YAHOO/YahooA3Benchmark-TS66_data.out,YAHOO/YahooA3Benchmark-TS66_data.out,YAHOO,YahooA3Benchmark-TS66_data.out,1679,1,0.0005955926146515784,0,0.8329683861559045,549.743806522716
data/raw/YAHOO/YahooA4Benchmark-TS67_data.out,YAHOO/YahooA4Benchmark-TS67_data.out,YAHOO,YahooA4Benchmark-TS67_data.out,1679,14,0.008338296605122097,0,-1410.7062404984158,1176.7431084862549
data/raw/YAHOO/YahooA4Benchmark-TS12_data.out,YAHOO/YahooA4Benchmark-TS12_data.out,YAHOO,YahooA4Benchmark-TS12_data.out,1679,5,0.0029779630732578916,0,-143.91472389506882,940.2712987592238
data/raw/YAHOO/YahooA3Benchmark-TS93_data.out,YAHOO/YahooA3Benchmark-TS93_data.out,YAHOO,YahooA3Benchmark-TS93_data.out,1679,15,0.008933889219773675,0,1.0484453508169398,120.45533485965308
data/raw/YAHOO/YahooA4Benchmark-TS77_data.out,YAHOO/YahooA4Benchmark-TS77_data.out,YAHOO,YahooA4Benchmark-TS77_data.out,1679,13,0.007742703990470518,0,837.8525521114028,904.6830985238548
data/raw/YAHOO/YahooA4Benchmark-TS26_data.out,YAHOO/YahooA4Benchmark-TS26_data.out,YAHOO,YahooA4Benchmark-TS26_data.out,1679,2,0.0011911852293031567,0,368.9853531447187,749.4886296934195
data/raw/YAHOO/YahooA4Benchmark-TS2_data.out,YAHOO/YahooA4Benchmark-TS2_data.out,YAHOO,YahooA4Benchmark-TS2_data.out,1679,5,0.0029779630732578916,0,2523.013349880335,1463.0518004227738
data/raw/YAHOO/YahooA4Benchmark-TS48_data.out,YAHOO/YahooA4Benchmark-TS48_data.out,YAHOO,YahooA4Benchmark-TS48_data.out,1679,12,0.00714711137581894,0,-497.0752549324734,581.4189001881896
data/raw/YAHOO/YahooA4Benchmark-TS71_data.out,YAHOO/YahooA4Benchmark-TS71_data.out,YAHOO,YahooA4Benchmark-TS71_data.out,1679,10,0.005955926146515783,0,1805.1562572707705,1175.828299205302
data/raw/YAHOO/YahooA4Benchmark-TS21_data.out,YAHOO/YahooA4Benchmark-TS21_data.out,YAHOO,YahooA4Benchmark-TS21_data.out,1679,13,0.007742703990470518,0,1682.6725032762793,982.7357615858972
data/raw/YAHOO/YahooA4Benchmark-TS85_data.out,YAHOO/YahooA4Benchmark-TS85_data.out,YAHOO,YahooA4Benchmark-TS85_data.out,1679,16,0.009529481834425254,0,104.45751918731348,683.3765792135877
data/raw/YAHOO/YahooA3Benchmark-TS47_data.out,YAHOO/YahooA3Benchmark-TS47_data.out,YAHOO,YahooA3Benchmark-TS47_data.out,1679,15,0.008933889219773675,0,1677.6099176272483,1120.5325474065655
data/raw/YAHOO/YahooA3Benchmark-TS39_data.out,YAHOO/YahooA3Benchmark-TS39_data.out,YAHOO,YahooA3Benchmark-TS39_data.out,1679,12,0.00714711137581894,0,841.6633012902478,487.7087901616363
data/raw/YAHOO/YahooA3Benchmark-TS82_data.out,YAHOO/YahooA3Benchmark-TS82_data.out,YAHOO,YahooA3Benchmark-TS82_data.out,1679,7,0.004169148302561048,0,-2523.1636999919,1580.8764162011305
data/raw/YAHOO/YahooA3Benchmark-TS37_data.out,YAHOO/YahooA3Benchmark-TS37_data.out,YAHOO,YahooA3Benchmark-TS37_data.out,1679,10,0.005955926146515783,0,4.03902472544882,614.0557548697469
data/raw/YAHOO/YahooA4Benchmark-TS100_data.out,YAHOO/YahooA4Benchmark-TS100_data.out,YAHOO,YahooA4Benchmark-TS100_data.out,1679,7,0.004169148302561048,0,-269.6676534596185,492.1204761465856
data/raw/YAHOO/YahooA4Benchmark-TS69_data.out,YAHOO/YahooA4Benchmark-TS69_data.out,YAHOO,YahooA4Benchmark-TS69_data.out,1679,2,0.0011911852293031567,0,-53.251212250204134,759.6790207134595
data/raw/YAHOO/YahooA3Benchmark-TS85_data.out,YAHOO/YahooA3Benchmark-TS85_data.out,YAHOO,YahooA3Benchmark-TS85_data.out,1679,8,0.004764740917212627,0,2.140864550547658,491.62732533309554
data/raw/YAHOO/YahooA4Benchmark-TS70_data.out,YAHOO/YahooA4Benchmark-TS70_data.out,YAHOO,YahooA4Benchmark-TS70_data.out,1679,4,0.0023823704586063135,0,0.6672365320833725,372.46058248819816
data/raw/YAHOO/YahooA3Benchmark-TS42_data.out,YAHOO/YahooA3Benchmark-TS42_data.out,YAHOO,YahooA3Benchmark-TS42_data.out,1679,16,0.009529481834425254,0,-2520.057922548988,1524.8592819277928
data/raw/YAHOO/YahooA3Benchmark-TS72_data.out,YAHOO/YahooA3Benchmark-TS72_data.out,YAHOO,YahooA3Benchmark-TS72_data.out,1679,8,0.004764740917212627,0,-2522.944636877763,1458.8289648261227
data/raw/YAHOO/YahooA3Benchmark-TS46_data.out,YAHOO/YahooA3Benchmark-TS46_data.out,YAHOO,YahooA3Benchmark-TS46_data.out,1679,3,0.001786777843954735,0,-2522.2308892206775,1560.3444074354188
data/raw/YAHOO/YahooA3Benchmark-TS9_data.out,YAHOO/YahooA3Benchmark-TS9_data.out,YAHOO,YahooA3Benchmark-TS9_data.out,1679,10,0.005955926146515783,0,-844.1481005085645,895.5475291577933
data/raw/YAHOO/YahooA4Benchmark-TS38_data.out,YAHOO/YahooA4Benchmark-TS38_data.out,YAHOO,YahooA4Benchmark-TS38_data.out,1679,9,0.005360333531864205,0,-1322.1916047470859,615.3199446441218
data/raw/YAHOO/YahooA4Benchmark-TS14_data.out,YAHOO/YahooA4Benchmark-TS14_data.out,YAHOO,YahooA4Benchmark-TS14_data.out,1679,11,0.006551518761167362,0,279.9609881313067,569.691551583867
data/raw/YAHOO/YahooA4Benchmark-TS90_data.out,YAHOO/YahooA4Benchmark-TS90_data.out,YAHOO,YahooA4Benchmark-TS90_data.out,1679,12,0.00714711137581894,0,842.7875133667172,607.0015759926579
data/raw/YAHOO/YahooA3Benchmark-TS44_data.out,YAHOO/YahooA3Benchmark-TS44_data.out,YAHOO,YahooA3Benchmark-TS44_data.out,1679,16,0.009529481834425254,0,0.5401636598084057,167.4699324860604
data/raw/YAHOO/YahooA4Benchmark-TS33_data.out,YAHOO/YahooA4Benchmark-TS33_data.out,YAHOO,YahooA4Benchmark-TS33_data.out,1679,4,0.0023823704586063135,0,778.3740343149799,556.544899367373
data/raw/YAHOO/YahooA4Benchmark-TS89_data.out,YAHOO/YahooA4Benchmark-TS89_data.out,YAHOO,YahooA4Benchmark-TS89_data.out,1679,9,0.005360333531864205,0,-629.1267455160445,667.2925328402099
data/raw/YAHOO/YahooA3Benchmark-TS73_data.out,YAHOO/YahooA3Benchmark-TS73_data.out,YAHOO,YahooA3Benchmark-TS73_data.out,1679,15,0.008933889219773675,0,-0.004905744890294966,86.87365299235708
data/raw/YAHOO/YahooA3Benchmark-TS96_data.out,YAHOO/YahooA3Benchmark-TS96_data.out,YAHOO,YahooA3Benchmark-TS96_data.out,1679,5,0.0029779630732578916,0,-2523.769906592021,1610.1123308818344
data/raw/YAHOO/YahooA4Benchmark-TS41_data.out,YAHOO/YahooA4Benchmark-TS41_data.out,YAHOO,YahooA4Benchmark-TS41_data.out,1679,13,0.007742703990470518,0,1300.3986337910653,707.8972032314854
data/raw/YAHOO/YahooA4Benchmark-TS40_data.out,YAHOO/YahooA4Benchmark-TS40_data.out,YAHOO,YahooA4Benchmark-TS40_data.out,1679,6,0.00357355568790947,0,745.1127090700667,591.5719095254385
data/raw/YAHOO/YahooA3Benchmark-TS34_data.out,YAHOO/YahooA3Benchmark-TS34_data.out,YAHOO,YahooA3Benchmark-TS34_data.out,1679,1,0.0005955926146515784,0,1671.3962299865057,1216.017247191494
data/raw/YAHOO/YahooA4Benchmark-TS56_data.out,YAHOO/YahooA4Benchmark-TS56_data.out,YAHOO,YahooA4Benchmark-TS56_data.out,1679,16,0.009529481834425254,0,-2.193167390736561,879.3278624503757
data/raw/YAHOO/YahooA4Benchmark-TS17_data.out,YAHOO/YahooA4Benchmark-TS17_data.out,YAHOO,YahooA4Benchmark-TS17_data.out,1679,10,0.005955926146515783,0,421.37303097091296,454.25061001331517
data/raw/YAHOO/YahooA3Benchmark-TS8_data.out,YAHOO/YahooA3Benchmark-TS8_data.out,YAHOO,YahooA3Benchmark-TS8_data.out,1679,4,0.0023823704586063135,0,-2523.143961327825,1502.674058340724
data/raw/YAHOO/YahooA3Benchmark-TS94_data.out,YAHOO/YahooA3Benchmark-TS94_data.out,YAHOO,YahooA3Benchmark-TS94_data.out,1679,3,0.001786777843954735,0,1678.6328927889801,1198.9848934980917
data/raw/YAHOO/YahooA4Benchmark-TS27_data.out,YAHOO/YahooA4Benchmark-TS27_data.out,YAHOO,YahooA4Benchmark-TS27_data.out,1679,15,0.008933889219773675,0,-11.154809797763717,745.3152935273949
data/raw/YAHOO/YahooA4Benchmark-TS72_data.out,YAHOO/YahooA4Benchmark-TS72_data.out,YAHOO,YahooA4Benchmark-TS72_data.out,1679,5,0.0029779630732578916,0,246.349635562416,695.6985899121594
data/raw/YAHOO/YahooA4Benchmark-TS74_data.out,YAHOO/YahooA4Benchmark-TS74_data.out,YAHOO,YahooA4Benchmark-TS74_data.out,1679,2,0.0011911852293031567,0,-605.3434668458071,784.9632829462965
data/raw/YAHOO/YahooA3Benchmark-TS98_data.out,YAHOO/YahooA3Benchmark-TS98_data.out,YAHOO,YahooA3Benchmark-TS98_data.out,1679,13,0.007742703990470518,0,-1686.3026085573977,1174.7931420475254
data/raw/YAHOO/YahooA4Benchmark-TS66_data.out,YAHOO/YahooA4Benchmark-TS66_data.out,YAHOO,YahooA4Benchmark-TS66_data.out,1679,1,0.0005955926146515784,0,89.85467639324463,252.6817785532477
data/raw/YAHOO/YahooA4Benchmark-TS65_data.out,YAHOO/YahooA4Benchmark-TS65_data.out,YAHOO,YahooA4Benchmark-TS65_data.out,1679,15,0.008933889219773675,0,-5.734129008730438,643.7441468273288
data/raw/YAHOO/YahooA4Benchmark-TS83_data.out,YAHOO/YahooA4Benchmark-TS83_data.out,YAHOO,YahooA4Benchmark-TS83_data.out,1679,3,0.001786777843954735,0,0.20411600107827635,282.8113554230451
data/raw/YAHOO/YahooA4Benchmark-TS8_data.out,YAHOO/YahooA4Benchmark-TS8_data.out,YAHOO,YahooA4Benchmark-TS8_data.out,1679,13,0.007742703990470518,0,-219.88208715543502,457.5770399051339
data/raw/YAHOO/YahooA3Benchmark-TS91_data.out,YAHOO/YahooA3Benchmark-TS91_data.out,YAHOO,YahooA3Benchmark-TS91_data.out,1679,5,0.0029779630732578916,0,-1.4280740383435104,858.814654078434
data/raw/YAHOO/YahooA3Benchmark-TS81_data.out,YAHOO/YahooA3Benchmark-TS81_data.out,YAHOO,YahooA3Benchmark-TS81_data.out,1679,12,0.00714711137581894,0,837.3509134379561,564.345305715762
data/raw/YAHOO/YahooA4Benchmark-TS79_data.out,YAHOO/YahooA4Benchmark-TS79_data.out,YAHOO,YahooA4Benchmark-TS79_data.out,1679,3,0.001786777843954735,0,1849.1433769680425,869.1130369180648
data/raw/YAHOO/YahooA4Benchmark-TS20_data.out,YAHOO/YahooA4Benchmark-TS20_data.out,YAHOO,YahooA4Benchmark-TS20_data.out,1679,13,0.007742703990470518,0,402.4760466295752,1037.3696124509083
data/raw/YAHOO/YahooA4Benchmark-TS92_data.out,YAHOO/YahooA4Benchmark-TS92_data.out,YAHOO,YahooA4Benchmark-TS92_data.out,1679,15,0.008933889219773675,0,-2521.50648990127,1471.2091370794033
data/raw/YAHOO/YahooA3Benchmark-TS55_data.out,YAHOO/YahooA3Benchmark-TS55_data.out,YAHOO,YahooA3Benchmark-TS55_data.out,1679,12,0.00714711137581894,0,-1680.6307497563205,1137.154444103961
data/raw/YAHOO/YahooA4Benchmark-TS3_data.out,YAHOO/YahooA4Benchmark-TS3_data.out,YAHOO,YahooA4Benchmark-TS3_data.out,1679,6,0.00357355568790947,0,-1076.529576064844,970.4833998441394
data/raw/YAHOO/YahooA4Benchmark-TS39_data.out,YAHOO/YahooA4Benchmark-TS39_data.out,YAHOO,YahooA4Benchmark-TS39_data.out,1679,16,0.009529481834425254,0,1417.0408922648412,842.6812315467865
data/raw/YAHOO/YahooA3Benchmark-TS5_data.out,YAHOO/YahooA3Benchmark-TS5_data.out,YAHOO,YahooA3Benchmark-TS5_data.out,1679,2,0.0011911852293031567,0,1680.0963444843976,1055.3323863565272
data/raw/YAHOO/YahooA4Benchmark-TS49_data.out,YAHOO/YahooA4Benchmark-TS49_data.out,YAHOO,YahooA4Benchmark-TS49_data.out,1679,9,0.005360333531864205,0,-1682.1991251645825,983.376079854766
data/raw/YAHOO/YahooA4Benchmark-TS60_data.out,YAHOO/YahooA4Benchmark-TS60_data.out,YAHOO,YahooA4Benchmark-TS60_data.out,1679,3,0.001786777843954735,0,-205.34479575423646,506.78270860281833
data/raw/YAHOO/YahooA4Benchmark-TS45_data.out,YAHOO/YahooA4Benchmark-TS45_data.out,YAHOO,YahooA4Benchmark-TS45_data.out,1679,7,0.004169148302561048,0,170.02352662422385,1030.6966569995377
data/raw/YAHOO/YahooA3Benchmark-TS69_data.out,YAHOO/YahooA3Benchmark-TS69_data.out,YAHOO,YahooA3Benchmark-TS69_data.out,1679,7,0.004169148302561048,0,0.5653982509642732,70.92628748184124
data/raw/YAHOO/YahooA4Benchmark-TS7_data.out,YAHOO/YahooA4Benchmark-TS7_data.out,YAHOO,YahooA4Benchmark-TS7_data.out,1679,14,0.008338296605122097,0,-1023.7289839772964,607.2322668756344
data/raw/YAHOO/YahooA3Benchmark-TS38_data.out,YAHOO/YahooA3Benchmark-TS38_data.out,YAHOO,YahooA3Benchmark-TS38_data.out,1679,3,0.001786777843954735,0,841.1539579531244,494.9792499772687
data/raw/YAHOO/YahooA3Benchmark-TS90_data.out,YAHOO/YahooA3Benchmark-TS90_data.out,YAHOO,YahooA3Benchmark-TS90_data.out,1679,10,0.005955926146515783,0,841.9593230572575,507.7505175430908
data/raw/YAHOO/YahooA4Benchmark-TS80_data.out,YAHOO/YahooA4Benchmark-TS80_data.out,YAHOO,YahooA4Benchmark-TS80_data.out,1679,12,0.00714711137581894,0,-29.832460818640566,635.8375010457188
data/raw/YAHOO/YahooA3Benchmark-TS67_data.out,YAHOO/YahooA3Benchmark-TS67_data.out,YAHOO,YahooA3Benchmark-TS67_data.out,1679,16,0.009529481834425254,0,-2520.031675120217,1598.1381023219997
data/raw/YAHOO/YahooA4Benchmark-TS16_data.out,YAHOO/YahooA4Benchmark-TS16_data.out,YAHOO,YahooA4Benchmark-TS16_data.out,1679,1,0.0005955926146515784,0,253.03967566519768,531.410283777245
data/raw/YAHOO/YahooA4Benchmark-TS19_data.out,YAHOO/YahooA4Benchmark-TS19_data.out,YAHOO,YahooA4Benchmark-TS19_data.out,1679,12,0.00714711137581894,0,2195.6303082072545,1305.584561078719
data/raw/YAHOO/YahooA4Benchmark-TS24_data.out,YAHOO/YahooA4Benchmark-TS24_data.out,YAHOO,YahooA4Benchmark-TS24_data.out,1679,9,0.005360333531864205,0,-668.6904503127091,594.2988671697786
data/raw/YAHOO/YahooA4Benchmark-TS5_data.out,YAHOO/YahooA4Benchmark-TS5_data.out,YAHOO,YahooA4Benchmark-TS5_data.out,1679,6,0.00357355568790947,0,-866.3530464011855,836.0614756613807
data/raw/YAHOO/YahooA4Benchmark-TS15_data.out,YAHOO/YahooA4Benchmark-TS15_data.out,YAHOO,YahooA4Benchmark-TS15_data.out,1679,9,0.005360333531864205,0,2.8740089817321217,175.25293315933
data/raw/YAHOO/YahooA4Benchmark-TS62_data.out,YAHOO/YahooA4Benchmark-TS62_data.out,YAHOO,YahooA4Benchmark-TS62_data.out,1679,14,0.008338296605122097,0,470.3678806825171,1175.676205794084
data/raw/YAHOO/YahooA3Benchmark-TS64_data.out,YAHOO/YahooA3Benchmark-TS64_data.out,YAHOO,YahooA3Benchmark-TS64_data.out,1679,8,0.004764740917212627,0,-0.44454862635320086,130.88604042486324
data/raw/YAHOO/YahooA4Benchmark-TS13_data.out,YAHOO/YahooA4Benchmark-TS13_data.out,YAHOO,YahooA4Benchmark-TS13_data.out,1679,14,0.008338296605122097,0,1288.4776990350229,1089.7425178156434
data/raw/YAHOO/YahooA3Benchmark-TS48_data.out,YAHOO/YahooA3Benchmark-TS48_data.out,YAHOO,YahooA3Benchmark-TS48_data.out,1679,13,0.007742703990470518,0,1680.9390236962963,1015.4518295637757
data/raw/YAHOO/YahooA4Benchmark-TS86_data.out,YAHOO/YahooA4Benchmark-TS86_data.out,YAHOO,YahooA4Benchmark-TS86_data.out,1679,15,0.008933889219773675,0,1022.5079050449216,724.6652797809774
data/raw/YAHOO/YahooA3Benchmark-TS88_data.out,YAHOO/YahooA3Benchmark-TS88_data.out,YAHOO,YahooA3Benchmark-TS88_data.out,1679,12,0.00714711137581894,0,848.3814079805387,1113.3210987457012
data/raw/YAHOO/YahooA3Benchmark-TS50_data.out,YAHOO/YahooA3Benchmark-TS50_data.out,YAHOO,YahooA3Benchmark-TS50_data.out,1679,7,0.004169148302561048,0,2521.04370725654,1453.3993483125228
data/raw/YAHOO/YahooA4Benchmark-TS63_data.out,YAHOO/YahooA4Benchmark-TS63_data.out,YAHOO,YahooA4Benchmark-TS63_data.out,1679,7,0.004169148302561048,0,841.6127787090235,490.21971014541447
data/raw/YAHOO/YahooA4Benchmark-TS93_data.out,YAHOO/YahooA4Benchmark-TS93_data.out,YAHOO,YahooA4Benchmark-TS93_data.out,1679,6,0.00357355568790947,0,-555.2393889530348,1165.2365776054464
data/raw/YAHOO/YahooA3Benchmark-TS76_data.out,YAHOO/YahooA3Benchmark-TS76_data.out,YAHOO,YahooA3Benchmark-TS76_data.out,1679,5,0.0029779630732578916,0,-1.3317819191192861,595.0539375416483
data/raw/YAHOO/YahooA3Benchmark-TS63_data.out,YAHOO/YahooA3Benchmark-TS63_data.out,YAHOO,YahooA3Benchmark-TS63_data.out,1679,10,0.005955926146515783,0,1680.0404694607946,1030.2801330437212
data/raw/YAHOO/YahooA3Benchmark-TS43_data.out,YAHOO/YahooA3Benchmark-TS43_data.out,YAHOO,YahooA3Benchmark-TS43_data.out,1679,15,0.008933889219773675,0,840.6493961299481,490.32911236217655
data/raw/YAHOO/YahooA4Benchmark-TS57_data.out,YAHOO/YahooA4Benchmark-TS57_data.out,YAHOO,YahooA4Benchmark-TS57_data.out,1679,6,0.00357355568790947,0,151.44323376906456,450.0224456243478
data/raw/YAHOO/YahooA4Benchmark-TS31_data.out,YAHOO/YahooA4Benchmark-TS31_data.out,YAHOO,YahooA4Benchmark-TS31_data.out,1679,4,0.0023823704586063135,0,753.9948876128252,773.8784461715063
data/raw/YAHOO/YahooA3Benchmark-TS87_data.out,YAHOO/YahooA3Benchmark-TS87_data.out,YAHOO,YahooA3Benchmark-TS87_data.out,1679,7,0.004169148302561048,0,-1.949104588616491,428.23664645458234
data/raw/YAHOO/YahooA3Benchmark-TS68_data.out,YAHOO/YahooA3Benchmark-TS68_data.out,YAHOO,YahooA3Benchmark-TS68_data.out,1679,16,0.009529481834425254,0,-838.3253971993834,661.5233361051313
data/raw/YAHOO/YahooA4Benchmark-TS53_data.out,YAHOO/YahooA4Benchmark-TS53_data.out,YAHOO,YahooA4Benchmark-TS53_data.out,1679,2,0.0011911852293031567,0,302.7781536952946,661.6113630689686
data/raw/YAHOO/YahooA3Benchmark-TS53_data.out,YAHOO/YahooA3Benchmark-TS53_data.out,YAHOO,YahooA3Benchmark-TS53_data.out,1679,15,0.008933889219773675,0,843.0952905650422,585.7322405659588
data/raw/YAHOO/YahooA4Benchmark-TS54_data.out,YAHOO/YahooA4Benchmark-TS54_data.out,YAHOO,YahooA4Benchmark-TS54_data.out,1679,3,0.001786777843954735,0,1681.538151052502,1002.9057186812397
data/raw/YAHOO/YahooA3Benchmark-TS35_data.out,YAHOO/YahooA3Benchmark-TS35_data.out,YAHOO,YahooA3Benchmark-TS35_data.out,1679,3,0.001786777843954735,0,838.2533841171091,731.0300259804349
data/raw/YAHOO/YahooA4Benchmark-TS78_data.out,YAHOO/YahooA4Benchmark-TS78_data.out,YAHOO,YahooA4Benchmark-TS78_data.out,1679,13,0.007742703990470518,0,-213.6343051915197,530.4698765458301
data/raw/YAHOO/YahooA4Benchmark-TS82_data.out,YAHOO/YahooA4Benchmark-TS82_data.out,YAHOO,YahooA4Benchmark-TS82_data.out,1679,14,0.008338296605122097,0,10.840317369555477,664.0465659669371
data/raw/YAHOO/YahooA4Benchmark-TS59_data.out,YAHOO/YahooA4Benchmark-TS59_data.out,YAHOO,YahooA4Benchmark-TS59_data.out,1679,1,0.0005955926146515784,0,1259.1807421271087,872.5573715879959
data/raw/YAHOO/YahooA4Benchmark-TS6_data.out,YAHOO/YahooA4Benchmark-TS6_data.out,YAHOO,YahooA4Benchmark-TS6_data.out,1679,8,0.004764740917212627,0,-1.3226768332589407,395.7571092025724
data/raw/YAHOO/YahooA3Benchmark-TS77_data.out,YAHOO/YahooA3Benchmark-TS77_data.out,YAHOO,YahooA3Benchmark-TS77_data.out,1679,16,0.009529481834425254,0,-0.72792968050938,217.697698008828
data/raw/YAHOO/YahooA3Benchmark-TS59_data.out,YAHOO/YahooA3Benchmark-TS59_data.out,YAHOO,YahooA3Benchmark-TS59_data.out,1679,11,0.006551518761167362,0,841.3106015054442,523.9411793860932
data/raw/YAHOO/YahooA4Benchmark-TS35_data.out,YAHOO/YahooA4Benchmark-TS35_data.out,YAHOO,YahooA4Benchmark-TS35_data.out,1679,12,0.00714711137581894,0,0.7589852736650157,588.4846492172541
data/raw/YAHOO/YahooA3Benchmark-TS95_data.out,YAHOO/YahooA3Benchmark-TS95_data.out,YAHOO,YahooA3Benchmark-TS95_data.out,1679,16,0.009529481834425254,0,-1682.6439228167003,974.4808615494069
data/raw/YAHOO/YahooA4Benchmark-TS28_data.out,YAHOO/YahooA4Benchmark-TS28_data.out,YAHOO,YahooA4Benchmark-TS28_data.out,1679,12,0.00714711137581894,0,-153.48172614893394,664.3341519481264
data/raw/YAHOO/YahooA4Benchmark-TS44_data.out,YAHOO/YahooA4Benchmark-TS44_data.out,YAHOO,YahooA4Benchmark-TS44_data.out,1679,16,0.009529481834425254,0,-334.48617412785677,359.8263312452078
data/raw/YAHOO/YahooA3Benchmark-TS83_data.out,YAHOO/YahooA3Benchmark-TS83_data.out,YAHOO,YahooA3Benchmark-TS83_data.out,1679,12,0.00714711137581894,0,846.6325668876058,1051.5158646991438
data/raw/YAHOO/YahooA4Benchmark-TS32_data.out,YAHOO/YahooA4Benchmark-TS32_data.out,YAHOO,YahooA4Benchmark-TS32_data.out,1679,11,0.006551518761167362,0,-105.2501142032512,1142.7743110819115
data/raw/YAHOO/YahooA3Benchmark-TS71_data.out,YAHOO/YahooA3Benchmark-TS71_data.out,YAHOO,YahooA3Benchmark-TS71_data.out,1679,16,0.009529481834425254,0,840.7697605184825,490.1592772500299
data/raw/YAHOO/YahooA3Benchmark-TS97_data.out,YAHOO/YahooA3Benchmark-TS97_data.out,YAHOO,YahooA3Benchmark-TS97_data.out,1679,10,0.005955926146515783,0,-1684.902901133899,1040.8011783842433
data/raw/YAHOO/YahooA4Benchmark-TS47_data.out,YAHOO/YahooA4Benchmark-TS47_data.out,YAHOO,YahooA4Benchmark-TS47_data.out,1679,1,0.0005955926146515784,0,-1115.9040813206361,1286.9718415872105
data/raw/YAHOO/YahooA3Benchmark-TS40_data.out,YAHOO/YahooA3Benchmark-TS40_data.out,YAHOO,YahooA3Benchmark-TS40_data.out,1679,10,0.005955926146515783,0,-1680.5456742788992,992.9073652653784
data/raw/YAHOO/YahooA4Benchmark-TS61_data.out,YAHOO/YahooA4Benchmark-TS61_data.out,YAHOO,YahooA4Benchmark-TS61_data.out,1679,3,0.001786777843954735,0,-5.822324854908048,478.5970144718598
data/raw/YAHOO/YahooA3Benchmark-TS41_data.out,YAHOO/YahooA3Benchmark-TS41_data.out,YAHOO,YahooA3Benchmark-TS41_data.out,1679,14,0.008338296605122097,0,-0.01172347173035688,156.96323390460384
data/raw/YAHOO/YahooA4Benchmark-TS81_data.out,YAHOO/YahooA4Benchmark-TS81_data.out,YAHOO,YahooA4Benchmark-TS81_data.out,1679,9,0.005360333531864205,0,891.7986167275019,627.5606180816528
data/raw/YAHOO/YahooA4Benchmark-TS58_data.out,YAHOO/YahooA4Benchmark-TS58_data.out,YAHOO,YahooA4Benchmark-TS58_data.out,1679,8,0.004764740917212627,0,655.4186565151336,566.7283230837411
data/raw/YAHOO/YahooA4Benchmark-TS55_data.out,YAHOO/YahooA4Benchmark-TS55_data.out,YAHOO,YahooA4Benchmark-TS55_data.out,1679,2,0.0011911852293031567,0,730.7686321198996,489.4409796279145
data/raw/YAHOO/YahooA4Benchmark-TS46_data.out,YAHOO/YahooA4Benchmark-TS46_data.out,YAHOO,YahooA4Benchmark-TS46_data.out,1679,9,0.005360333531864205,0,-479.1052776167901,818.3844396991909
data/raw/YAHOO/YahooA3Benchmark-TS3_data.out,YAHOO/YahooA3Benchmark-TS3_data.out,YAHOO,YahooA3Benchmark-TS3_data.out,1679,6,0.00357355568790947,0,1681.1705252655536,1008.6697222333128
data/raw/YAHOO/YahooA3Benchmark-TS74_data.out,YAHOO/YahooA3Benchmark-TS74_data.out,YAHOO,YahooA3Benchmark-TS74_data.out,1679,6,0.00357355568790947,0,-2521.6741507458823,1481.792970338063
data/raw/YAHOO/YahooA4Benchmark-TS87_data.out,YAHOO/YahooA4Benchmark-TS87_data.out,YAHOO,YahooA4Benchmark-TS87_data.out,1679,1,0.0005955926146515784,0,839.9716985747497,722.7817201484801
data/raw/YAHOO/YahooA3Benchmark-TS70_data.out,YAHOO/YahooA3Benchmark-TS70_data.out,YAHOO,YahooA3Benchmark-TS70_data.out,1679,9,0.005360333531864205,0,2523.3028690442425,1505.1433180091708
data/raw/YAHOO/YahooA3Benchmark-TS65_data.out,YAHOO/YahooA3Benchmark-TS65_data.out,YAHOO,YahooA3Benchmark-TS65_data.out,1679,7,0.004169148302561048,0,2.3619869242185842,660.0939107895631
data/raw/YAHOO/YahooA4Benchmark-TS34_data.out,YAHOO/YahooA4Benchmark-TS34_data.out,YAHOO,YahooA4Benchmark-TS34_data.out,1679,8,0.004764740917212627,0,-0.19651798474834165,81.88658270465413
data/raw/YAHOO/YahooA4Benchmark-TS94_data.out,YAHOO/YahooA4Benchmark-TS94_data.out,YAHOO,YahooA4Benchmark-TS94_data.out,1679,13,0.007742703990470518,0,-170.44487778553813,509.22605456665167
data/raw/YAHOO/YahooA4Benchmark-TS25_data.out,YAHOO/YahooA4Benchmark-TS25_data.out,YAHOO,YahooA4Benchmark-TS25_data.out,1679,11,0.006551518761167362,0,725.1880320684896,644.555605597461
data/raw/YAHOO/YahooA3Benchmark-TS89_data.out,YAHOO/YahooA3Benchmark-TS89_data.out,YAHOO,YahooA3Benchmark-TS89_data.out,1679,14,0.008338296605122097,0,-2529.607537104935,1727.8703770474854
data/raw/YAHOO/YahooA4Benchmark-TS11_data.out,YAHOO/YahooA4Benchmark-TS11_data.out,YAHOO,YahooA4Benchmark-TS11_data.out,1679,5,0.0029779630732578916,0,2435.078236095305,1367.6263578897483
data/raw/YAHOO/YahooA3Benchmark-TS62_data.out,YAHOO/YahooA3Benchmark-TS62_data.out,YAHOO,YahooA3Benchmark-TS62_data.out,1679,12,0.00714711137581894,0,2523.4964681065026,1453.6893897637628
data/raw/YAHOO/YahooA4Benchmark-TS51_data.out,YAHOO/YahooA4Benchmark-TS51_data.out,YAHOO,YahooA4Benchmark-TS51_data.out,1679,1,0.0005955926146515784,0,268.35869995626217,582.387677887584
data/raw/YAHOO/YahooA3Benchmark-TS58_data.out,YAHOO/YahooA3Benchmark-TS58_data.out,YAHOO,YahooA3Benchmark-TS58_data.out,1679,3,0.001786777843954735,0,2.4444101495717185,843.169780489519
data/raw/YAHOO/YahooA4Benchmark-TS64_data.out,YAHOO/YahooA4Benchmark-TS64_data.out,YAHOO,YahooA4Benchmark-TS64_data.out,1679,5,0.0029779630732578916,0,-908.2771285591487,301.1780321282999
data/raw/YAHOO/YahooA3Benchmark-TS80_data.out,YAHOO/YahooA3Benchmark-TS80_data.out,YAHOO,YahooA3Benchmark-TS80_data.out,1679,13,0.007742703990470518,0,-2522.666658925356,1472.326375763177
data/raw/YAHOO/YahooA3Benchmark-TS52_data.out,YAHOO/YahooA3Benchmark-TS52_data.out,YAHOO,YahooA3Benchmark-TS52_data.out,1679,6,0.00357355568790947,0,0.22719965419155105,481.8198759671339
data/raw/YAHOO/YahooA3Benchmark-TS61_data.out,YAHOO/YahooA3Benchmark-TS61_data.out,YAHOO,YahooA3Benchmark-TS61_data.out,1679,13,0.007742703990470518,0,-1681.440810047228,1222.5315600298954
data/raw/YAHOO/YahooA4Benchmark-TS88_data.out,YAHOO/YahooA4Benchmark-TS88_data.out,YAHOO,YahooA4Benchmark-TS88_data.out,1679,13,0.007742703990470518,0,-1236.646203246537,849.5895159242029
data/raw/YAHOO/YahooA3Benchmark-TS99_data.out,YAHOO/YahooA3Benchmark-TS99_data.out,YAHOO,YahooA3Benchmark-TS99_data.out,1679,11,0.006551518761167362,0,-2523.927672803919,1471.1149931785405
data/raw/YAHOO/YahooA3Benchmark-TS36_data.out,YAHOO/YahooA3Benchmark-TS36_data.out,YAHOO,YahooA3Benchmark-TS36_data.out,1679,4,0.0023823704586063135,0,1683.862282137534,1113.846335486933
data/raw/YAHOO/YahooA4Benchmark-TS42_data.out,YAHOO/YahooA4Benchmark-TS42_data.out,YAHOO,YahooA4Benchmark-TS42_data.out,1679,4,0.0023823704586063135,0,2188.5686159830843,1147.0606378884959
data/raw/YAHOO/YahooA3Benchmark-TS6_data.out,YAHOO/YahooA3Benchmark-TS6_data.out,YAHOO,YahooA3Benchmark-TS6_data.out,1679,6,0.00357355568790947,0,0.07331501561368581,66.1981717323328
data/raw/YAHOO/YahooA4Benchmark-TS4_data.out,YAHOO/YahooA4Benchmark-TS4_data.out,YAHOO,YahooA4Benchmark-TS4_data.out,1679,6,0.00357355568790947,0,1682.5622326541597,1085.50211164435
data/raw/YAHOO/YahooA3Benchmark-TS56_data.out,YAHOO/YahooA3Benchmark-TS56_data.out,YAHOO,YahooA3Benchmark-TS56_data.out,1679,1,0.0005955926146515784,0,1682.5041861334262,1024.1675450340877
data/raw/YAHOO/YahooA4Benchmark-TS22_data.out,YAHOO/YahooA4Benchmark-TS22_data.out,YAHOO,YahooA4Benchmark-TS22_data.out,1679,10,0.005955926146515783,0,-410.03942838805114,875.5433027346943
data/raw/YAHOO/YahooA4Benchmark-TS1_data.out,YAHOO/YahooA4Benchmark-TS1_data.out,YAHOO,YahooA4Benchmark-TS1_data.out,1679,13,0.007742703990470518,0,1697.653448484351,685.6549001032898
data/raw/YAHOO/YahooA3Benchmark-TS75_data.out,YAHOO/YahooA3Benchmark-TS75_data.out,YAHOO,YahooA3Benchmark-TS75_data.out,1679,14,0.008338296605122097,0,-845.9463024027489,937.6525013269084
data/raw/YAHOO/YahooA3Benchmark-TS78_data.out,YAHOO/YahooA3Benchmark-TS78_data.out,YAHOO,YahooA3Benchmark-TS78_data.out,1679,15,0.008933889219773675,0,-1691.0032572084936,1067.7515488008737
data/raw/YAHOO/YahooA3Benchmark-TS51_data.out,YAHOO/YahooA3Benchmark-TS51_data.out,YAHOO,YahooA3Benchmark-TS51_data.out,1679,13,0.007742703990470518,0,2518.8216893580393,1616.178199492087
data/raw/YAHOO/YahooA4Benchmark-TS52_data.out,YAHOO/YahooA4Benchmark-TS52_data.out,YAHOO,YahooA4Benchmark-TS52_data.out,1679,11,0.006551518761167362,0,-2.3516974407574156,454.77670677498793
data/raw/YAHOO/YahooA4Benchmark-TS37_data.out,YAHOO/YahooA4Benchmark-TS37_data.out,YAHOO,YahooA4Benchmark-TS37_data.out,1679,3,0.001786777843954735,0,826.4142191808651,906.8029661866198
data/raw/YAHOO/YahooA3Benchmark-TS54_data.out,YAHOO/YahooA3Benchmark-TS54_data.out,YAHOO,YahooA3Benchmark-TS54_data.out,1679,16,0.009529481834425254,0,-845.9941843173492,903.7974047095062
data/raw/YAHOO/YahooA4Benchmark-TS18_data.out,YAHOO/YahooA4Benchmark-TS18_data.out,YAHOO,YahooA4Benchmark-TS18_data.out,1679,1,0.0005955926146515784,0,-351.3170288528701,661.0920860019443
data/raw/YAHOO/YahooA3Benchmark-TS92_data.out,YAHOO/YahooA3Benchmark-TS92_data.out,YAHOO,YahooA3Benchmark-TS92_data.out,1679,8,0.004764740917212627,0,-0.9242657151785446,856.0844341210413
data/raw/YAHOO/YahooA4Benchmark-TS50_data.out,YAHOO/YahooA4Benchmark-TS50_data.out,YAHOO,YahooA4Benchmark-TS50_data.out,1679,7,0.004169148302561048,0,220.83364299962523,461.5319677238523
data/raw/YAHOO/YahooA4Benchmark-TS68_data.out,YAHOO/YahooA4Benchmark-TS68_data.out,YAHOO,YahooA4Benchmark-TS68_data.out,1679,1,0.0005955926146515784,0,841.7515256788907,629.9767208836255
data/raw/YAHOO/YahooA4Benchmark-TS76_data.out,YAHOO/YahooA4Benchmark-TS76_data.out,YAHOO,YahooA4Benchmark-TS76_data.out,1679,10,0.005955926146515783,0,686.5330936541536,1245.410772366358
data/raw/YAHOO/YahooA4Benchmark-TS75_data.out,YAHOO/YahooA4Benchmark-TS75_data.out,YAHOO,YahooA4Benchmark-TS75_data.out,1679,13,0.007742703990470518,0,-819.6743932841853,871.5660546352683
data/raw/YAHOO/YahooA4Benchmark-TS91_data.out,YAHOO/YahooA4Benchmark-TS91_data.out,YAHOO,YahooA4Benchmark-TS91_data.out,1679,12,0.00714711137581894,0,-282.7893102644003,514.3225417989737
data/raw/YAHOO/YahooA4Benchmark-TS23_data.out,YAHOO/YahooA4Benchmark-TS23_data.out,YAHOO,YahooA4Benchmark-TS23_data.out,1679,4,0.0023823704586063135,0,-628.966289047353,1132.3770212881498
data/raw/YAHOO/YahooA3Benchmark-TS86_data.out,YAHOO/YahooA3Benchmark-TS86_data.out,YAHOO,YahooA3Benchmark-TS86_data.out,1679,13,0.007742703990470518,0,-0.08764740467681664,171.5320815487189
data/raw/YAHOO/YahooA4Benchmark-TS73_data.out,YAHOO/YahooA4Benchmark-TS73_data.out,YAHOO,YahooA4Benchmark-TS73_data.out,1679,5,0.0029779630732578916,0,1300.8154502744499,1016.5843231820994
data/raw/YAHOO/YahooA3Benchmark-TS60_data.out,YAHOO/YahooA3Benchmark-TS60_data.out,YAHOO,YahooA3Benchmark-TS60_data.out,1679,12,0.00714711137581894,0,-2522.2175867001247,1509.1876406663173
data/raw/YAHOO/YahooA3Benchmark-TS4_data.out,YAHOO/YahooA3Benchmark-TS4_data.out,YAHOO,YahooA3Benchmark-TS4_data.out,1679,6,0.00357355568790947,0,1682.5622326541597,1085.50211164435
data/raw/YAHOO/Yahoo_A1real_26_data.out,YAHOO/Yahoo_A1real_26_data.out,YAHOO,Yahoo_A1real_26_data.out,1434,75,0.05230125523012552,0,218.3584379358438,175.49434069740965
data/raw/YAHOO/Yahoo_A1real_39_data.out,YAHOO/Yahoo_A1real_39_data.out,YAHOO,Yahoo_A1real_39_data.out,1426,10,0.0070126227208976155,0,33079.87517531557,17183.063703047956
data/raw/YAHOO/Yahoo_A1real_13_data.out,YAHOO/Yahoo_A1real_13_data.out,YAHOO,Yahoo_A1real_13_data.out,1438,12,0.008344923504867872,0,10817.138386648123,3638.1873674169365
data/raw/YAHOO/Yahoo_A1real_20_data.out,YAHOO/Yahoo_A1real_20_data.out,YAHOO,Yahoo_A1real_20_data.out,1421,33,0.02322308233638283,0,0.3962631949331457,0.3985907018246324
data/raw/YAHOO/Yahoo_A1real_52_data.out,YAHOO/Yahoo_A1real_52_data.out,YAHOO,Yahoo_A1real_52_data.out,1431,11,0.007686932215234102,0,5814760.9776380155,1037392.6399766344
data/raw/YAHOO/Yahoo_A1real_16_data.out,YAHOO/Yahoo_A1real_16_data.out,YAHOO,Yahoo_A1real_16_data.out,1460,3,0.002054794520547945,0,1.5745965563165907,1.216651341448089
data/raw/YAHOO/Yahoo_A1real_53_data.out,YAHOO/Yahoo_A1real_53_data.out,YAHOO,Yahoo_A1real_53_data.out,1460,17,0.011643835616438357,0,37.09301956312073,1.9812926616896336
data/raw/YAHOO/Yahoo_A1real_21_data.out,YAHOO/Yahoo_A1real_21_data.out,YAHOO,Yahoo_A1real_21_data.out,1419,6,0.004228329809725159,0,178.32840028188866,156.34681929065624
data/raw/YAHOO/Yahoo_A1real_32_data.out,YAHOO/Yahoo_A1real_32_data.out,YAHOO,Yahoo_A1real_32_data.out,1426,47,0.03295932678821879,0,0.16929318526272222,0.303465714528381
data/raw/YAHOO/Yahoo_A1real_51_data.out,YAHOO/Yahoo_A1real_51_data.out,YAHOO,Yahoo_A1real_51_data.out,1426,4,0.002805049088359046,0,1564.4312762973352,684.5890024615369
data/raw/YAHOO/YahooA4Benchmark-TS97_data.out,YAHOO/YahooA4Benchmark-TS97_data.out,YAHOO,YahooA4Benchmark-TS97_data.out,1679,16,0.009529481834425254,0,-634.0313331319796,863.3783277338791
data/raw/YAHOO/Yahoo_A1real_11_data.out,YAHOO/Yahoo_A1real_11_data.out,YAHOO,Yahoo_A1real_11_data.out,1438,19,0.01321279554937413,0,8148.627955493741,16631.37528257388
data/raw/YAHOO/Yahoo_A1real_56_data.out,YAHOO/Yahoo_A1real_56_data.out,YAHOO,Yahoo_A1real_56_data.out,1426,5,0.0035063113604488078,0,54664.4873772791,15050.176978437705
data/raw/YAHOO/Yahoo_A1real_36_data.out,YAHOO/Yahoo_A1real_36_data.out,YAHOO,Yahoo_A1real_36_data.out,1460,5,0.003424657534246575,0,5.741727281375396,0.41024295459046284
data/raw/YAHOO/Yahoo_A1real_30_data.out,YAHOO/Yahoo_A1real_30_data.out,YAHOO,Yahoo_A1real_30_data.out,1460,9,0.0061643835616438354,0,1.7451499238964991,0.40555640270138144
data/raw/YAHOO/Yahoo_A1real_3_data.out,YAHOO/Yahoo_A1real_3_data.out,YAHOO,Yahoo_A1real_3_data.out,1460,15,0.010273972602739725,0,2.9974977168949763,1.1326973836386809
data/raw/YAHOO/Yahoo_A1real_41_data.out,YAHOO/Yahoo_A1real_41_data.out,YAHOO,Yahoo_A1real_41_data.out,1434,3,0.0020920502092050207,0,82.95327754532775,100.45039489732372
data/raw/YAHOO/Yahoo_A1real_28_data.out,YAHOO/Yahoo_A1real_28_data.out,YAHOO,Yahoo_A1real_28_data.out,1440,82,0.05694444444444444,0,14071.298611111111,7495.317942196948
data/raw/YAHOO/Yahoo_A1real_58_data.out,YAHOO/Yahoo_A1real_58_data.out,YAHOO,Yahoo_A1real_58_data.out,1434,43,0.0299860529986053,0,23.322175732217573,104.95934531733191
data/raw/YAHOO/Yahoo_A1real_55_data.out,YAHOO/Yahoo_A1real_55_data.out,YAHOO,Yahoo_A1real_55_data.out,1426,5,0.0035063113604488078,0,1482.062412342216,515.8823321876505
data/raw/YAHOO/Yahoo_A1real_34_data.out,YAHOO/Yahoo_A1real_34_data.out,YAHOO,Yahoo_A1real_34_data.out,1426,7,0.004908835904628331,0,22906.085553997196,8705.253379327294
data/raw/YAHOO/Yahoo_A1real_57_data.out,YAHOO/Yahoo_A1real_57_data.out,YAHOO,Yahoo_A1real_57_data.out,1440,3,0.0020833333333333333,0,5934.7555555555555,6968.379590059476
data/raw/YAHOO/Yahoo_A1real_38_data.out,YAHOO/Yahoo_A1real_38_data.out,YAHOO,Yahoo_A1real_38_data.out,1426,9,0.006311360448807854,0,462907.73211781203,156799.50930261042
data/raw/YAHOO/Yahoo_A1real_10_data.out,YAHOO/Yahoo_A1real_10_data.out,YAHOO,Yahoo_A1real_10_data.out,1438,13,0.009040333796940195,0,9.270009199858306,0.6366596396373608
data/raw/YAHOO/Yahoo_A1real_35_data.out,YAHOO/Yahoo_A1real_35_data.out,YAHOO,Yahoo_A1real_35_data.out,1426,0,0.0,0,62.82608695652174,33.08427166001748
data/raw/YAHOO/Yahoo_A1real_4_data.out,YAHOO/Yahoo_A1real_4_data.out,YAHOO,Yahoo_A1real_4_data.out,1422,5,0.0035161744022503515,0,104.24331926863573,475.3949532593619
data/raw/YAHOO/Yahoo_A1real_14_data.out,YAHOO/Yahoo_A1real_14_data.out,YAHOO,Yahoo_A1real_14_data.out,1438,2,0.0013908205841446453,0,849.9631432545202,707.8923243191142
data/raw/YAHOO/Yahoo_A1real_19_data.out,YAHOO/Yahoo_A1real_19_data.out,YAHOO,Yahoo_A1real_19_data.out,1423,227,0.1595221363316936,0,40.41602248770204,72.1630036523098
data/raw/YAHOO/Yahoo_A1real_42_data.out,YAHOO/Yahoo_A1real_42_data.out,YAHOO,Yahoo_A1real_42_data.out,1439,44,0.030576789437109102,0,36.49200833912439,146.42089686588344
data/raw/YAHOO/Yahoo_A1real_47_data.out,YAHOO/Yahoo_A1real_47_data.out,YAHOO,Yahoo_A1real_47_data.out,1426,10,0.0070126227208976155,0,10792.555399719495,5270.174900664622
data/raw/YAHOO/Yahoo_A1real_24_data.out,YAHOO/Yahoo_A1real_24_data.out,YAHOO,Yahoo_A1real_24_data.out,1460,16,0.010958904109589041,0,37.09301956312073,1.9812926616896336
data/raw/YAHOO/Yahoo_A1real_31_data.out,YAHOO/Yahoo_A1real_31_data.out,YAHOO,Yahoo_A1real_31_data.out,1426,24,0.016830294530154277,0,300.31065918653576,589.895998789665
data/raw/YAHOO/Yahoo_A1real_40_data.out,YAHOO/Yahoo_A1real_40_data.out,YAHOO,Yahoo_A1real_40_data.out,1426,80,0.056100981767180924,0,286.1023842917251,176.44665622379134
data/raw/YAHOO/Yahoo_A1real_44_data.out,YAHOO/Yahoo_A1real_44_data.out,YAHOO,Yahoo_A1real_44_data.out,1460,9,0.0061643835616438354,0,35262.435221392334,2993.775840304269
data/raw/YAHOO/Yahoo_A1real_50_data.out,YAHOO/Yahoo_A1real_50_data.out,YAHOO,Yahoo_A1real_50_data.out,1438,7,0.004867872044506259,0,9176.086230876217,1922.762034742185
data/raw/YAHOO/Yahoo_A1real_29_data.out,YAHOO/Yahoo_A1real_29_data.out,YAHOO,Yahoo_A1real_29_data.out,1440,7,0.004861111111111111,0,128567.03611111111,20195.24821624435
data/raw/YAHOO/Yahoo_A1real_49_data.out,YAHOO/Yahoo_A1real_49_data.out,YAHOO,Yahoo_A1real_49_data.out,1460,3,0.002054794520547945,0,0.3207664573820396,0.10247506904895151
data/raw/YAHOO/Yahoo_A1real_15_data.out,YAHOO/Yahoo_A1real_15_data.out,YAHOO,Yahoo_A1real_15_data.out,1438,10,0.006954102920723227,0,11144.78859527121,3741.8495433917856
data/raw/YAHOO/Yahoo_A1real_12_data.out,YAHOO/Yahoo_A1real_12_data.out,YAHOO,Yahoo_A1real_12_data.out,1438,3,0.002086230876216968,0,33.354659248956885,31.01223324502998
data/raw/YAHOO/Yahoo_A1real_1_data.out,YAHOO/Yahoo_A1real_1_data.out,YAHOO,Yahoo_A1real_1_data.out,1419,2,0.0014094432699083862,0,0.0797568300065818,0.06325203653278735
data/raw/YAHOO/Yahoo_A1real_2_data.out,YAHOO/Yahoo_A1real_2_data.out,YAHOO,Yahoo_A1real_2_data.out,1438,16,0.011126564673157162,0,11019.2719054242,7773.057476894071
data/raw/YAHOO/YahooA4Benchmark-TS99_data.out,YAHOO/YahooA4Benchmark-TS99_data.out,YAHOO,YahooA4Benchmark-TS99_data.out,1679,16,0.009529481834425254,0,276.76410114108876,411.65048591281334
data/raw/YAHOO/Yahoo_A1real_17_data.out,YAHOO/Yahoo_A1real_17_data.out,YAHOO,Yahoo_A1real_17_data.out,1423,227,0.1595221363316936,0,1756.449754040759,2449.365149551007
data/raw/YAHOO/Yahoo_A1real_45_data.out,YAHOO/Yahoo_A1real_45_data.out,YAHOO,Yahoo_A1real_45_data.out,1439,1,0.0006949270326615705,0,33.50243224461432,40.45729338401745
data/raw/YAHOO/Yahoo_A1real_33_data.out,YAHOO/Yahoo_A1real_33_data.out,YAHOO,Yahoo_A1real_33_data.out,1438,2,0.0013908205841446453,0,33.354659248956885,31.01223324502998
data/raw/YAHOO/Yahoo_A1real_22_data.out,YAHOO/Yahoo_A1real_22_data.out,YAHOO,Yahoo_A1real_22_data.out,1419,63,0.04439746300211417,0,3976.990133897111,11891.978943816906
data/raw/YAHOO/Yahoo_A1real_48_data.out,YAHOO/Yahoo_A1real_48_data.out,YAHOO,Yahoo_A1real_48_data.out,1438,24,0.016689847009735744,0,1384.9867872044506,2276.085536626652
data/raw/YAHOO/Yahoo_A1real_25_data.out,YAHOO/Yahoo_A1real_25_data.out,YAHOO,Yahoo_A1real_25_data.out,1434,43,0.0299860529986053,0,12.62412831241283,54.719499179741945
data/raw/YAHOO/Yahoo_A1real_23_data.out,YAHOO/Yahoo_A1real_23_data.out,YAHOO,Yahoo_A1real_23_data.out,1419,19,0.013389711064129669,0,0.8203926909198638,0.10101120828149525
data/raw/YAHOO/YahooA4Benchmark-TS9_data.out,YAHOO/YahooA4Benchmark-TS9_data.out,YAHOO,YahooA4Benchmark-TS9_data.out,1679,1,0.0005955926146515784,0,-235.9112936811235,548.7990025966976
data/raw/YAHOO/Yahoo_A1real_27_data.out,YAHOO/Yahoo_A1real_27_data.out,YAHOO,Yahoo_A1real_27_data.out,1426,2,0.001402524544179523,0,621.7089761570827,275.5846279738993
data/raw/YAHOO/YahooA4Benchmark-TS96_data.out,YAHOO/YahooA4Benchmark-TS96_data.out,YAHOO,YahooA4Benchmark-TS96_data.out,1679,2,0.0011911852293031567,0,1993.7063360209927,1072.3349846057497
data/raw/YAHOO/Yahoo_A1real_54_data.out,YAHOO/Yahoo_A1real_54_data.out,YAHOO,Yahoo_A1real_54_data.out,740,4,0.005405405405405406,0,10.861458068602541,4.531954353767688
data/raw/YAHOO/Yahoo_A1real_43_data.out,YAHOO/Yahoo_A1real_43_data.out,YAHOO,Yahoo_A1real_43_data.out,1439,32,0.022237665045170257,0,1.5590297776233497,0.20756086715907054
data/raw/YAHOO/YahooA4Benchmark-TS98_data.out,YAHOO/YahooA4Benchmark-TS98_data.out,YAHOO,YahooA4Benchmark-TS98_data.out,1679,15,0.008933889219773675,0,2470.420634308848,1399.2061851690873
data/raw/YAHOO/YahooA4Benchmark-TS95_data.out,YAHOO/YahooA4Benchmark-TS95_data.out,YAHOO,YahooA4Benchmark-TS95_data.out,1679,5,0.0029779630732578916,0,1683.4374147392205,999.8241780643258
data/raw/YAHOO/Yahoo_A1real_46_data.out,YAHOO/Yahoo_A1real_46_data.out,YAHOO,Yahoo_A1real_46_data.out,1440,109,0.07569444444444444,0,852.5159722222222,456.0790591041516
data/raw/YAHOO/Yahoo_A1real_37_data.out,YAHOO/Yahoo_A1real_37_data.out,YAHOO,Yahoo_A1real_37_data.out,1433,34,0.02372644801116539,0,67.26517794836009,113.99495612794244
data/raw/YAHOO/Yahoo_A1real_18_data.out,YAHOO/Yahoo_A1real_18_data.out,YAHOO,Yahoo_A1real_18_data.out,1460,3,0.002054794520547945,0,0.3207664573820396,0.10247506904895151
data/raw/YAHOO/Yahoo_A2synthetic_88_data.out,YAHOO/Yahoo_A2synthetic_88_data.out,YAHOO,Yahoo_A2synthetic_88_data.out,1420,4,0.0028169014084507044,0,10904.305433671627,6378.638896229627
data/raw/YAHOO/Yahoo_A2synthetic_68_data.out,YAHOO/Yahoo_A2synthetic_68_data.out,YAHOO,Yahoo_A2synthetic_68_data.out,1420,9,0.006338028169014085,0,554.4948102642321,1030.9530903141438
data/raw/YAHOO/Yahoo_A2synthetic_64_data.out,YAHOO/Yahoo_A2synthetic_64_data.out,YAHOO,Yahoo_A2synthetic_64_data.out,1420,4,0.0028169014084507044,0,262.71923868948807,980.4000648115522
data/raw/YAHOO/Yahoo_A2synthetic_60_data.out,YAHOO/Yahoo_A2synthetic_60_data.out,YAHOO,Yahoo_A2synthetic_60_data.out,1420,1,0.0007042253521126761,0,9100.705839454437,5324.195468921402
data/raw/YAHOO/Yahoo_A2synthetic_18_data.out,YAHOO/Yahoo_A2synthetic_18_data.out,YAHOO,Yahoo_A2synthetic_18_data.out,1420,1,0.0007042253521126761,0,2598.351924976675,1785.351103317966
data/raw/YAHOO/Yahoo_A2synthetic_69_data.out,YAHOO/Yahoo_A2synthetic_69_data.out,YAHOO,Yahoo_A2synthetic_69_data.out,1420,1,0.0007042253521126761,0,7835.515310407001,4648.998004214724
data/raw/YAHOO/Yahoo_A2synthetic_10_data.out,YAHOO/Yahoo_A2synthetic_10_data.out,YAHOO,Yahoo_A2synthetic_10_data.out,1420,4,0.0028169014084507044,0,100.49093427851984,994.8973760755897
data/raw/YAHOO/Yahoo_A2synthetic_29_data.out,YAHOO/Yahoo_A2synthetic_29_data.out,YAHOO,Yahoo_A2synthetic_29_data.out,1420,9,0.006338028169014085,0,853.4954757203935,1096.4702447835218
data/raw/YAHOO/Yahoo_A2synthetic_36_data.out,YAHOO/Yahoo_A2synthetic_36_data.out,YAHOO,Yahoo_A2synthetic_36_data.out,1420,1,0.0007042253521126761,0,634.9021969124855,1095.6102807936404
data/raw/YAHOO/Yahoo_A2synthetic_16_data.out,YAHOO/Yahoo_A2synthetic_16_data.out,YAHOO,Yahoo_A2synthetic_16_data.out,1420,4,0.0028169014084507044,0,3193.5098761535137,2074.452119323105
data/raw/YAHOO/Yahoo_A2synthetic_3_data.out,YAHOO/Yahoo_A2synthetic_3_data.out,YAHOO,Yahoo_A2synthetic_3_data.out,1420,1,0.0007042253521126761,0,5.554413618638423,989.8691582048076
data/raw/YAHOO/Yahoo_A2synthetic_13_data.out,YAHOO/Yahoo_A2synthetic_13_data.out,YAHOO,Yahoo_A2synthetic_13_data.out,1420,4,0.0028169014084507044,0,1400.5495868631422,1305.6267890626843
data/raw/YAHOO/Yahoo_A2synthetic_15_data.out,YAHOO/Yahoo_A2synthetic_15_data.out,YAHOO,Yahoo_A2synthetic_15_data.out,1420,1,0.0007042253521126761,0,110.83284366074304,1005.4053688398928
data/raw/YAHOO/Yahoo_A2synthetic_4_data.out,YAHOO/Yahoo_A2synthetic_4_data.out,YAHOO,Yahoo_A2synthetic_4_data.out,1420,4,0.0028169014084507044,0,633.1443963918606,1044.091127765169
data/raw/YAHOO/Yahoo_A1real_8_data.out,YAHOO/Yahoo_A1real_8_data.out,YAHOO,Yahoo_A1real_8_data.out,1419,10,0.007047216349541931,0,112.79633544749824,436.31243750061964
data/raw/YAHOO/Yahoo_A2synthetic_26_data.out,YAHOO/Yahoo_A2synthetic_26_data.out,YAHOO,Yahoo_A2synthetic_26_data.out,1420,9,0.006338028169014085,0,677.2656695338299,1079.5786585221804
data/raw/YAHOO/Yahoo_A2synthetic_58_data.out,YAHOO/Yahoo_A2synthetic_58_data.out,YAHOO,Yahoo_A2synthetic_58_data.out,1420,4,0.0028169014084507044,0,8989.84335600009,5304.329048945523
data/raw/YAHOO/Yahoo_A2synthetic_35_data.out,YAHOO/Yahoo_A2synthetic_35_data.out,YAHOO,Yahoo_A2synthetic_35_data.out,1420,9,0.006338028169014085,0,11418.612464588246,7068.717927425676
data/raw/YAHOO/Yahoo_A2synthetic_62_data.out,YAHOO/Yahoo_A2synthetic_62_data.out,YAHOO,Yahoo_A2synthetic_62_data.out,1420,9,0.006338028169014085,0,7249.432801602506,4337.734921129472
data/raw/YAHOO/Yahoo_A2synthetic_59_data.out,YAHOO/Yahoo_A2synthetic_59_data.out,YAHOO,Yahoo_A2synthetic_59_data.out,1420,9,0.006338028169014085,0,3515.917037798989,2397.5317674995345
data/raw/YAHOO/Yahoo_A2synthetic_46_data.out,YAHOO/Yahoo_A2synthetic_46_data.out,YAHOO,Yahoo_A2synthetic_46_data.out,1420,4,0.0028169014084507044,0,4886.71359727561,3002.128093252185
data/raw/YAHOO/Yahoo_A2synthetic_43_data.out,YAHOO/Yahoo_A2synthetic_43_data.out,YAHOO,Yahoo_A2synthetic_43_data.out,1420,4,0.0028169014084507044,0,1845.2945063309376,1440.1434125636947
data/raw/YAHOO/Yahoo_A2synthetic_22_data.out,YAHOO/Yahoo_A2synthetic_22_data.out,YAHOO,Yahoo_A2synthetic_22_data.out,1420,4,0.0028169014084507044,0,480.49391566756924,1014.5957215226733
data/raw/YAHOO/Yahoo_A2synthetic_66_data.out,YAHOO/Yahoo_A2synthetic_66_data.out,YAHOO,Yahoo_A2synthetic_66_data.out,1420,1,0.0007042253521126761,0,197.82188052389506,987.531279277677
data/raw/YAHOO/Yahoo_A2synthetic_33_data.out,YAHOO/Yahoo_A2synthetic_33_data.out,YAHOO,Yahoo_A2synthetic_33_data.out,1420,1,0.0007042253521126761,0,534.4889900712416,1070.457584828688
data/raw/YAHOO/Yahoo_A2synthetic_55_data.out,YAHOO/Yahoo_A2synthetic_55_data.out,YAHOO,Yahoo_A2synthetic_55_data.out,1420,4,0.0028169014084507044,0,3495.5256058956984,2367.220211915629
data/raw/YAHOO/Yahoo_A2synthetic_87_data.out,YAHOO/Yahoo_A2synthetic_87_data.out,YAHOO,Yahoo_A2synthetic_87_data.out,1420,1,0.0007042253521126761,0,1158.0275700306152,1176.5898428286705
data/raw/YAHOO/Yahoo_A2synthetic_14_data.out,YAHOO/Yahoo_A2synthetic_14_data.out,YAHOO,Yahoo_A2synthetic_14_data.out,1420,9,0.006338028169014085,0,4876.719111782715,2959.818959467411
data/raw/YAHOO/Yahoo_A2synthetic_70_data.out,YAHOO/Yahoo_A2synthetic_70_data.out,YAHOO,Yahoo_A2synthetic_70_data.out,1420,4,0.0028169014084507044,0,24144.152345141018,13990.596621316305
data/raw/YAHOO/Yahoo_A1real_64_data.out,YAHOO/Yahoo_A1real_64_data.out,YAHOO,Yahoo_A1real_64_data.out,1440,0,0.0,0,12.428472222222222,6.820167567005617
data/raw/YAHOO/Yahoo_A2synthetic_78_data.out,YAHOO/Yahoo_A2synthetic_78_data.out,YAHOO,Yahoo_A2synthetic_78_data.out,1420,1,0.0007042253521126761,0,692.4411401890634,1045.2764862511838
data/raw/YAHOO/Yahoo_A2synthetic_74_data.out,YAHOO/Yahoo_A2synthetic_74_data.out,YAHOO,Yahoo_A2synthetic_74_data.out,1420,9,0.006338028169014085,0,10268.547128807515,6042.291117572165
data/raw/YAHOO/Yahoo_A2synthetic_85_data.out,YAHOO/Yahoo_A2synthetic_85_data.out,YAHOO,Yahoo_A2synthetic_85_data.out,1420,4,0.0028169014084507044,0,2130.330749308099,1518.0560171219627
data/raw/YAHOO/Yahoo_A2synthetic_73_data.out,YAHOO/Yahoo_A2synthetic_73_data.out,YAHOO,Yahoo_A2synthetic_73_data.out,1420,4,0.0028169014084507044,0,956.826512367337,1119.157773918537
data/raw/YAHOO/Yahoo_A1real_67_data.out,YAHOO/Yahoo_A1real_67_data.out,YAHOO,Yahoo_A1real_67_data.out,1422,23,0.01617440225035162,0,189.53867791842475,979.3698656943659
data/raw/YAHOO/Yahoo_A2synthetic_45_data.out,YAHOO/Yahoo_A2synthetic_45_data.out,YAHOO,Yahoo_A2synthetic_45_data.out,1420,1,0.0007042253521126761,0,994.1564991580697,1188.0659604373548
data/raw/YAHOO/Yahoo_A2synthetic_100_data.out,YAHOO/Yahoo_A2synthetic_100_data.out,YAHOO,Yahoo_A2synthetic_100_data.out,1420,4,0.0028169014084507044,0,17266.883428534853,10040.04314963226
data/raw/YAHOO/Yahoo_A2synthetic_44_data.out,YAHOO/Yahoo_A2synthetic_44_data.out,YAHOO,Yahoo_A2synthetic_44_data.out,1420,9,0.006338028169014085,0,7489.921544543747,4476.889541197799
data/raw/YAHOO/Yahoo_A2synthetic_28_data.out,YAHOO/Yahoo_A2synthetic_28_data.out,YAHOO,Yahoo_A2synthetic_28_data.out,1420,4,0.0028169014084507044,0,9208.4249985762,5381.857424748321
data/raw/YAHOO/Yahoo_A2synthetic_1_data.out,YAHOO/Yahoo_A2synthetic_1_data.out,YAHOO,Yahoo_A2synthetic_1_data.out,1420,4,0.0028169014084507044,0,6.363046288368684,988.1161752851722
data/raw/YAHOO/Yahoo_A2synthetic_53_data.out,YAHOO/Yahoo_A2synthetic_53_data.out,YAHOO,Yahoo_A2synthetic_53_data.out,1420,9,0.006338028169014085,0,5338.181421930449,3432.322902486247
data/raw/YAHOO/Yahoo_A2synthetic_19_data.out,YAHOO/Yahoo_A2synthetic_19_data.out,YAHOO,Yahoo_A2synthetic_19_data.out,1420,4,0.0028169014084507044,0,362.61723480486916,1021.7718884561042
data/raw/YAHOO/Yahoo_A1real_6_data.out,YAHOO/Yahoo_A1real_6_data.out,YAHOO,Yahoo_A1real_6_data.out,1438,8,0.005563282336578581,0,111.93393602225314,34.332938670419345
data/raw/YAHOO/Yahoo_A2synthetic_24_data.out,YAHOO/Yahoo_A2synthetic_24_data.out,YAHOO,Yahoo_A2synthetic_24_data.out,1420,1,0.0007042253521126761,0,281.86588022774583,1015.6463185982171
data/raw/YAHOO/Yahoo_A2synthetic_82_data.out,YAHOO/Yahoo_A2synthetic_82_data.out,YAHOO,Yahoo_A2synthetic_82_data.out,1420,4,0.0028169014084507044,0,1801.1317704747337,1407.664244383015
data/raw/YAHOO/Yahoo_A2synthetic_41_data.out,YAHOO/Yahoo_A2synthetic_41_data.out,YAHOO,Yahoo_A2synthetic_41_data.out,1420,9,0.006338028169014085,0,3226.863028387189,2265.678415357062
data/raw/YAHOO/Yahoo_A2synthetic_77_data.out,YAHOO/Yahoo_A2synthetic_77_data.out,YAHOO,Yahoo_A2synthetic_77_data.out,1420,9,0.006338028169014085,0,26419.4696217061,16291.765829330756
data/raw/YAHOO/Yahoo_A1real_9_data.out,YAHOO/Yahoo_A1real_9_data.out,YAHOO,Yahoo_A1real_9_data.out,1460,8,0.005479452054794521,0,0.030174269933516507,0.03291945473250393
data/raw/YAHOO/Yahoo_A1real_60_data.out,YAHOO/Yahoo_A1real_60_data.out,YAHOO,Yahoo_A1real_60_data.out,1460,16,0.010958904109589041,0,1.0064623287671237,0.40520904909546124
data/raw/YAHOO/Yahoo_A2synthetic_40_data.out,YAHOO/Yahoo_A2synthetic_40_data.out,YAHOO,Yahoo_A2synthetic_40_data.out,1420,4,0.0028169014084507044,0,1588.8292551157333,1365.3453487899696
data/raw/YAHOO/Yahoo_A1real_65_data.out,YAHOO/Yahoo_A1real_65_data.out,YAHOO,Yahoo_A1real_65_data.out,1423,17,0.011946591707659873,0,1738.3991567111736,1791.4430572421384
data/raw/YAHOO/Yahoo_A2synthetic_17_data.out,YAHOO/Yahoo_A2synthetic_17_data.out,YAHOO,Yahoo_A2synthetic_17_data.out,1420,9,0.006338028169014085,0,300.0133099679824,1025.013659170531
data/raw/YAHOO/Yahoo_A2synthetic_47_data.out,YAHOO/Yahoo_A2synthetic_47_data.out,YAHOO,Yahoo_A2synthetic_47_data.out,1420,9,0.006338028169014085,0,2232.2726003245007,1733.0546672882838
data/raw/YAHOO/Yahoo_A2synthetic_76_data.out,YAHOO/Yahoo_A2synthetic_76_data.out,YAHOO,Yahoo_A2synthetic_76_data.out,1420,4,0.0028169014084507044,0,7765.036735953036,4604.097172080278
data/raw/YAHOO/Yahoo_A2synthetic_27_data.out,YAHOO/Yahoo_A2synthetic_27_data.out,YAHOO,Yahoo_A2synthetic_27_data.out,1420,1,0.0007042253521126761,0,2844.0758804149104,1929.611258566467
data/raw/YAHOO/Yahoo_A2synthetic_65_data.out,YAHOO/Yahoo_A2synthetic_65_data.out,YAHOO,Yahoo_A2synthetic_65_data.out,1420,9,0.006338028169014085,0,13731.182526392635,8513.829877114604
data/raw/YAHOO/Yahoo_A1real_7_data.out,YAHOO/Yahoo_A1real_7_data.out,YAHOO,Yahoo_A1real_7_data.out,1422,61,0.04289732770745429,0,283.05133614627283,548.9753741949871
data/raw/YAHOO/Yahoo_A2synthetic_21_data.out,YAHOO/Yahoo_A2synthetic_21_data.out,YAHOO,Yahoo_A2synthetic_21_data.out,1420,1,0.0007042253521126761,0,7287.542370437083,4297.375330409951
data/raw/YAHOO/Yahoo_A2synthetic_48_data.out,YAHOO/Yahoo_A2synthetic_48_data.out,YAHOO,Yahoo_A2synthetic_48_data.out,1420,1,0.0007042253521126761,0,4528.506816583406,2815.90587927565
data/raw/YAHOO/Yahoo_A2synthetic_61_data.out,YAHOO/Yahoo_A2synthetic_61_data.out,YAHOO,Yahoo_A2synthetic_61_data.out,1420,4,0.0028169014084507044,0,72.32628362395981,992.084947777321
data/raw/YAHOO/Yahoo_A2synthetic_54_data.out,YAHOO/Yahoo_A2synthetic_54_data.out,YAHOO,Yahoo_A2synthetic_54_data.out,1420,1,0.0007042253521126761,0,1430.0527833730162,1357.745954652566
data/raw/YAHOO/Yahoo_A2synthetic_39_data.out,YAHOO/Yahoo_A2synthetic_39_data.out,YAHOO,Yahoo_A2synthetic_39_data.out,1420,1,0.0007042253521126761,0,5182.911294982602,3172.1317568966497
data/raw/YAHOO/Yahoo_A2synthetic_81_data.out,YAHOO/Yahoo_A2synthetic_81_data.out,YAHOO,Yahoo_A2synthetic_81_data.out,1420,1,0.0007042253521126761,0,11444.30196763138,6708.964787810048
data/raw/YAHOO/Yahoo_A2synthetic_37_data.out,YAHOO/Yahoo_A2synthetic_37_data.out,YAHOO,Yahoo_A2synthetic_37_data.out,1420,4,0.0028169014084507044,0,6560.513482516807,4013.2841332525613
data/raw/YAHOO/Yahoo_A2synthetic_7_data.out,YAHOO/Yahoo_A2synthetic_7_data.out,YAHOO,Yahoo_A2synthetic_7_data.out,1420,4,0.0028169014084507044,0,2535.850466081684,1760.5182782924524
data/raw/YAHOO/Yahoo_A2synthetic_25_data.out,YAHOO/Yahoo_A2synthetic_25_data.out,YAHOO,Yahoo_A2synthetic_25_data.out,1420,4,0.0028169014084507044,0,3213.8338989381436,2136.571145116529
data/raw/YAHOO/Yahoo_A1real_66_data.out,YAHOO/Yahoo_A1real_66_data.out,YAHOO,Yahoo_A1real_66_data.out,1423,21,0.014757554462403373,0,37.5221363316936,194.09833562086905
data/raw/YAHOO/Yahoo_A1real_62_data.out,YAHOO/Yahoo_A1real_62_data.out,YAHOO,Yahoo_A1real_62_data.out,740,7,0.00945945945945946,0,0.25308868723179634,0.3345127832484378
data/raw/YAHOO/Yahoo_A2synthetic_75_data.out,YAHOO/Yahoo_A2synthetic_75_data.out,YAHOO,Yahoo_A2synthetic_75_data.out,1420,1,0.0007042253521126761,0,556.6260315359226,1032.8334022972629
data/raw/YAHOO/Yahoo_A2synthetic_11_data.out,YAHOO/Yahoo_A2synthetic_11_data.out,YAHOO,Yahoo_A2synthetic_11_data.out,1420,9,0.006338028169014085,0,1614.7973116542187,1382.3403048624305
data/raw/YAHOO/Yahoo_A2synthetic_84_data.out,YAHOO/Yahoo_A2synthetic_84_data.out,YAHOO,Yahoo_A2synthetic_84_data.out,1420,1,0.0007042253521126761,0,28704.240636462004,16551.62298669867
data/raw/YAHOO/Yahoo_A2synthetic_83_data.out,YAHOO/Yahoo_A2synthetic_83_data.out,YAHOO,Yahoo_A2synthetic_83_data.out,1420,9,0.006338028169014085,0,8021.932505683992,5054.89706422561
data/raw/YAHOO/Yahoo_A2synthetic_80_data.out,YAHOO/Yahoo_A2synthetic_80_data.out,YAHOO,Yahoo_A2synthetic_80_data.out,1420,9,0.006338028169014085,0,1608.1736975553893,1325.124217183954
data/raw/YAHOO/Yahoo_A2synthetic_38_data.out,YAHOO/Yahoo_A2synthetic_38_data.out,YAHOO,Yahoo_A2synthetic_38_data.out,1420,9,0.006338028169014085,0,1442.9535089428546,1307.3561536017705
data/raw/YAHOO/Yahoo_A2synthetic_34_data.out,YAHOO/Yahoo_A2synthetic_34_data.out,YAHOO,Yahoo_A2synthetic_34_data.out,1420,4,0.0028169014084507044,0,2875.40279204264,1957.3345918804257
data/raw/YAHOO/Yahoo_A2synthetic_32_data.out,YAHOO/Yahoo_A2synthetic_32_data.out,YAHOO,Yahoo_A2synthetic_32_data.out,1420,9,0.006338028169014085,0,3881.211737556844,2453.292016297851
data/raw/YAHOO/Yahoo_A2synthetic_12_data.out,YAHOO/Yahoo_A2synthetic_12_data.out,YAHOO,Yahoo_A2synthetic_12_data.out,1420,1,0.0007042253521126761,0,70.46952540885665,994.8161964305681
data/raw/YAHOO/Yahoo_A1real_5_data.out,YAHOO/Yahoo_A1real_5_data.out,YAHOO,Yahoo_A1real_5_data.out,1438,2,0.0013908205841446453,0,2843.8776077885955,2373.1325378227507
data/raw/YAHOO/Yahoo_A1real_59_data.out,YAHOO/Yahoo_A1real_59_data.out,YAHOO,Yahoo_A1real_59_data.out,1422,0,0.0,0,0.6514016021592092,0.24499948836644148
data/raw/YAHOO/Yahoo_A2synthetic_52_data.out,YAHOO/Yahoo_A2synthetic_52_data.out,YAHOO,Yahoo_A2synthetic_52_data.out,1420,4,0.0028169014084507044,0,2686.481358234709,1851.6728440994084
data/raw/YAHOO/Yahoo_A2synthetic_67_data.out,YAHOO/Yahoo_A2synthetic_67_data.out,YAHOO,Yahoo_A2synthetic_67_data.out,1420,4,0.0028169014084507044,0,9762.155631634025,5868.520397905797
data/raw/YAHOO/Yahoo_A2synthetic_42_data.out,YAHOO/Yahoo_A2synthetic_42_data.out,YAHOO,Yahoo_A2synthetic_42_data.out,1420,1,0.0007042253521126761,0,14025.833556011547,8109.9474877002485
data/raw/YAHOO/Yahoo_A2synthetic_51_data.out,YAHOO/Yahoo_A2synthetic_51_data.out,YAHOO,Yahoo_A2synthetic_51_data.out,1420,1,0.0007042253521126761,0,9565.196535519091,5632.380784257132
data/raw/YAHOO/Yahoo_A1real_61_data.out,YAHOO/Yahoo_A1real_61_data.out,YAHOO,Yahoo_A1real_61_data.out,1440,24,0.016666666666666666,0,117.98333333333333,122.4014050617233
data/raw/YAHOO/Yahoo_A2synthetic_8_data.out,YAHOO/Yahoo_A2synthetic_8_data.out,YAHOO,Yahoo_A2synthetic_8_data.out,1420,9,0.006338028169014085,0,68.68457424270841,984.782911679882
data/raw/YAHOO/Yahoo_A2synthetic_56_data.out,YAHOO/Yahoo_A2synthetic_56_data.out,YAHOO,Yahoo_A2synthetic_56_data.out,1420,9,0.006338028169014085,0,16847.1789968779,9844.10547280747
data/raw/YAHOO/Yahoo_A2synthetic_71_data.out,YAHOO/Yahoo_A2synthetic_71_data.out,YAHOO,Yahoo_A2synthetic_71_data.out,1420,9,0.006338028169014085,0,802.0385312781456,1051.23251855
data/raw/YAHOO/Yahoo_A2synthetic_49_data.out,YAHOO/Yahoo_A2synthetic_49_data.out,YAHOO,Yahoo_A2synthetic_49_data.out,1420,4,0.0028169014084507044,0,15081.405697223685,8996.872920099107
data/raw/YAHOO/Yahoo_A1real_63_data.out,YAHOO/Yahoo_A1real_63_data.out,YAHOO,Yahoo_A1real_63_data.out,1438,8,0.005563282336578581,0,14.032527337549551,1.9849322843181798
data/raw/YAHOO/Yahoo_A2synthetic_63_data.out,YAHOO/Yahoo_A2synthetic_63_data.out,YAHOO,Yahoo_A2synthetic_63_data.out,1420,1,0.0007042253521126761,0,22230.308995939817,12914.877390083011
data/raw/YAHOO/Yahoo_A2synthetic_6_data.out,YAHOO/Yahoo_A2synthetic_6_data.out,YAHOO,Yahoo_A2synthetic_6_data.out,1420,1,0.0007042253521126761,0,719.3491996861867,1067.4399483240918
data/raw/YAHOO/Yahoo_A2synthetic_20_data.out,YAHOO/Yahoo_A2synthetic_20_data.out,YAHOO,Yahoo_A2synthetic_20_data.out,1420,9,0.006338028169014085,0,1996.898760971304,1534.6421842645466
data/raw/YAHOO/Yahoo_A2synthetic_23_data.out,YAHOO/Yahoo_A2synthetic_23_data.out,YAHOO,Yahoo_A2synthetic_23_data.out,1420,9,0.006338028169014085,0,4474.608550156129,2925.353442323751
data/raw/YAHOO/Yahoo_A2synthetic_50_data.out,YAHOO/Yahoo_A2synthetic_50_data.out,YAHOO,Yahoo_A2synthetic_50_data.out,1420,9,0.006338028169014085,0,2497.898732601945,1712.7580920170394
data/raw/YAHOO/Yahoo_A2synthetic_57_data.out,YAHOO/Yahoo_A2synthetic_57_data.out,YAHOO,Yahoo_A2synthetic_57_data.out,1420,1,0.0007042253521126761,0,1595.676013155396,1417.1313436539865
data/raw/YAHOO/Yahoo_A2synthetic_89_data.out,YAHOO/Yahoo_A2synthetic_89_data.out,YAHOO,Yahoo_A2synthetic_89_data.out,1420,9,0.006338028169014085,0,2617.220323244836,1884.0999617380508
data/raw/YAHOO/Yahoo_A2synthetic_79_data.out,YAHOO/Yahoo_A2synthetic_79_data.out,YAHOO,Yahoo_A2synthetic_79_data.out,1420,4,0.0028169014084507044,0,15378.700331246007,9183.809987185035
data/raw/YAHOO/Yahoo_A2synthetic_30_data.out,YAHOO/Yahoo_A2synthetic_30_data.out,YAHOO,Yahoo_A2synthetic_30_data.out,1420,1,0.0007042253521126761,0,5954.734746874011,3551.7546851431403
data/raw/YAHOO/Yahoo_A2synthetic_86_data.out,YAHOO/Yahoo_A2synthetic_86_data.out,YAHOO,Yahoo_A2synthetic_86_data.out,1420,9,0.006338028169014085,0,16149.549011811168,9458.565467457225
data/raw/YAHOO/Yahoo_A2synthetic_2_data.out,YAHOO/Yahoo_A2synthetic_2_data.out,YAHOO,Yahoo_A2synthetic_2_data.out,1420,9,0.006338028169014085,0,486.70799048476727,1025.0405562712476
data/raw/YAHOO/Yahoo_A2synthetic_31_data.out,YAHOO/Yahoo_A2synthetic_31_data.out,YAHOO,Yahoo_A2synthetic_31_data.out,1420,4,0.0028169014084507044,0,959.7928499538921,1156.5662603385606
data/raw/YAHOO/Yahoo_A2synthetic_72_data.out,YAHOO/Yahoo_A2synthetic_72_data.out,YAHOO,Yahoo_A2synthetic_72_data.out,1420,1,0.0007042253521126761,0,14853.422861795114,8600.252494732786
data/raw/YAHOO/Yahoo_A2synthetic_5_data.out,YAHOO/Yahoo_A2synthetic_5_data.out,YAHOO,Yahoo_A2synthetic_5_data.out,1420,9,0.006338028169014085,0,37.10487216159116,1005.651745813201
data/raw/YAHOO/Yahoo_A2synthetic_99_data.out,YAHOO/Yahoo_A2synthetic_99_data.out,YAHOO,Yahoo_A2synthetic_99_data.out,1420,1,0.0007042253521126761,0,1901.3146208720348,1455.8895985427603
data/raw/YAHOO/Yahoo_A2synthetic_90_data.out,YAHOO/Yahoo_A2synthetic_90_data.out,YAHOO,Yahoo_A2synthetic_90_data.out,1420,1,0.0007042253521126761,0,9266.696867790419,5430.752304523571
data/raw/YAHOO/Yahoo_A2synthetic_96_data.out,YAHOO/Yahoo_A2synthetic_96_data.out,YAHOO,Yahoo_A2synthetic_96_data.out,1420,1,0.0007042253521126761,0,1700.0497355790974,1393.160696173412
data/raw/YAHOO/Yahoo_A2synthetic_93_data.out,YAHOO/Yahoo_A2synthetic_93_data.out,YAHOO,Yahoo_A2synthetic_93_data.out,1420,1,0.0007042253521126761,0,18225.561273731033,10616.190073816719
data/raw/YAHOO/Yahoo_A2synthetic_98_data.out,YAHOO/Yahoo_A2synthetic_98_data.out,YAHOO,Yahoo_A2synthetic_98_data.out,1420,9,0.006338028169014085,0,31192.562548518526,18193.902014652373
data/raw/YAHOO/Yahoo_A2synthetic_97_data.out,YAHOO/Yahoo_A2synthetic_97_data.out,YAHOO,Yahoo_A2synthetic_97_data.out,1420,4,0.0028169014084507044,0,7901.944593805668,4821.5990798192925
data/raw/YAHOO/Yahoo_A2synthetic_95_data.out,YAHOO/Yahoo_A2synthetic_95_data.out,YAHOO,Yahoo_A2synthetic_95_data.out,1420,9,0.006338028169014085,0,11279.616514253814,6994.579481102818
data/raw/YAHOO/Yahoo_A2synthetic_91_data.out,YAHOO/Yahoo_A2synthetic_91_data.out,YAHOO,Yahoo_A2synthetic_91_data.out,1420,4,0.0028169014084507044,0,29579.111033492736,17606.71761146933
data/raw/YAHOO/Yahoo_A2synthetic_9_data.out,YAHOO/Yahoo_A2synthetic_9_data.out,YAHOO,Yahoo_A2synthetic_9_data.out,1420,1,0.0007042253521126761,0,1923.6087295065179,1465.8721809867648
data/raw/YAHOO/Yahoo_A2synthetic_94_data.out,YAHOO/Yahoo_A2synthetic_94_data.out,YAHOO,Yahoo_A2synthetic_94_data.out,1420,4,0.0028169014084507044,0,3185.8008951956076,2051.7329080504046
data/raw/YAHOO/Yahoo_A2synthetic_92_data.out,YAHOO/Yahoo_A2synthetic_92_data.out,YAHOO,Yahoo_A2synthetic_92_data.out,1420,9,0.006338028169014085,0,2951.6644525538663,1884.6971999781147
data/raw/Dodgers/101-freeway-traffic.test.out,Dodgers/101-freeway-traffic.test.out,Dodgers,101-freeway-traffic.test.out,50399,5611,0.11133157403916745,0,19.653227246572353,13.723856199662404
data/raw/IOPS/KPI-05f10d3a-239c-3bef-9bdc-a2feeb0037aa.test.out,IOPS/KPI-05f10d3a-239c-3bef-9bdc-a2feeb0037aa.test.out,IOPS,KPI-05f10d3a-239c-3bef-9bdc-a2feeb0037aa.test.out,149129,991,0.006645253438298386,0,35.38869924696069,4.146959819376361
data/raw/IOPS/KPI-301c70d8-1630-35ac-8f96-bc1b6f4359ea.test.out,IOPS/KPI-301c70d8-1630-35ac-8f96-bc1b6f4359ea.test.out,IOPS,KPI-301c70d8-1630-35ac-8f96-bc1b6f4359ea.test.out,8783,206,0.023454400546510303,0,0.20122902171556567,0.10646318600017504
data/raw/IOPS/KPI-05f10d3a-239c-3bef-9bdc-a2feeb0037aa.train.out,IOPS/KPI-05f10d3a-239c-3bef-9bdc-a2feeb0037aa.train.out,IOPS,KPI-05f10d3a-239c-3bef-9bdc-a2feeb0037aa.train.out,146254,1285,0.008786084483159436,0,34.43895490037878,4.203542868799598
data/raw/IOPS/KPI-43115f2a-baeb-3b01-96f7-4ea14188343c.test.out,IOPS/KPI-43115f2a-baeb-3b01-96f7-4ea14188343c.test.out,IOPS,KPI-43115f2a-baeb-3b01-96f7-4ea14188343c.test.out,110628,939,0.00848790541273457,0,24.11626369454387,1.6633838726341943
data/raw/IOPS/KPI-42d6616d-c9c5-370a-a8ba-17ead74f3114.train.out,IOPS/KPI-42d6616d-c9c5-370a-a8ba-17ead74f3114.train.out,IOPS,KPI-42d6616d-c9c5-370a-a8ba-17ead74f3114.train.out,146252,1407,0.009620381259743457,0,34.06573407543145,5.37739094144529
data/raw/IOPS/KPI-1c6d7a26-1f1a-3321-bb4d-7a9d969ec8f0.train.out,IOPS/KPI-1c6d7a26-1f1a-3321-bb4d-7a9d969ec8f0.train.out,IOPS,KPI-1c6d7a26-1f1a-3321-bb4d-7a9d969ec8f0.train.out,146253,1064,0.007275064443122534,0,35.539617443744746,5.729787145745716
data/raw/IOPS/KPI-42d6616d-c9c5-370a-a8ba-17ead74f3114.test.out,IOPS/KPI-42d6616d-c9c5-370a-a8ba-17ead74f3114.test.out,IOPS,KPI-42d6616d-c9c5-370a-a8ba-17ead74f3114.test.out,149160,1896,0.012711182622687047,0,34.74327534191473,3.5614729507771856
data/raw/IOPS/KPI-0efb375b-b902-3661-ab23-9a0bb799f4e3.train.out,IOPS/KPI-0efb375b-b902-3661-ab23-9a0bb799f4e3.train.out,IOPS,KPI-0efb375b-b902-3661-ab23-9a0bb799f4e3.train.out,8783,13,0.001480132073323466,0,0.1965034746658117,0.10411076055379243
data/raw/IOPS/KPI-301c70d8-1630-35ac-8f96-bc1b6f4359ea.train.out,IOPS/KPI-301c70d8-1630-35ac-8f96-bc1b6f4359ea.train.out,IOPS,KPI-301c70d8-1630-35ac-8f96-bc1b6f4359ea.train.out,8783,114,0.012979619719913469,0,0.19461788779270225,0.10359094444684307
data/raw/IOPS/KPI-1c6d7a26-1f1a-3321-bb4d-7a9d969ec8f0.test.out,IOPS/KPI-1c6d7a26-1f1a-3321-bb4d-7a9d969ec8f0.test.out,IOPS,KPI-1c6d7a26-1f1a-3321-bb4d-7a9d969ec8f0.test.out,149155,633,0.004243907344708525,0,35.77254956253562,4.301358320039995
data/raw/IOPS/KPI-0efb375b-b902-3661-ab23-9a0bb799f4e3.test.out,IOPS/KPI-0efb375b-b902-3661-ab23-9a0bb799f4e3.test.out,IOPS,KPI-0efb375b-b902-3661-ab23-9a0bb799f4e3.test.out,8783,71,0.008083798246612775,0,0.1993436804464944,0.10603807284566122
data/raw/IOPS/KPI-43115f2a-baeb-3b01-96f7-4ea14188343c.train.out,IOPS/KPI-43115f2a-baeb-3b01-96f7-4ea14188343c.train.out,IOPS,KPI-43115f2a-baeb-3b01-96f7-4ea14188343c.train.out,108070,5609,0.05190154529471639,0,24.708905061534193,8.177406528949284
data/raw/IOPS/KPI-431a8542-c468-3988-a508-3afd06a218da.test.out,IOPS/KPI-431a8542-c468-3988-a508-3afd06a218da.test.out,IOPS,KPI-431a8542-c468-3988-a508-3afd06a218da.test.out,111565,3286,0.029453681710213776,0,4.053820012235812,1.4506326505762575
data/raw/IOPS/KPI-54350a12-7a9d-3ca8-b81f-f886b9d156fd.test.out,IOPS/KPI-54350a12-7a9d-3ca8-b81f-f886b9d156fd.test.out,IOPS,KPI-54350a12-7a9d-3ca8-b81f-f886b9d156fd.test.out,7615,108,0.014182534471437951,0,-0.02931874938476761,1.1557287731017474
data/raw/IOPS/KPI-55f8b8b8-b659-38df-b3df-e4a5a8a54bc9.train.out,IOPS/KPI-55f8b8b8-b659-38df-b3df-e4a5a8a54bc9.train.out,IOPS,KPI-55f8b8b8-b659-38df-b3df-e4a5a8a54bc9.train.out,146203,3867,0.02644952565952819,0,146.25666046524353,35.92705088032722
data/raw/IOPS/KPI-4d2af31a-9916-3d9f-8a8e-8a268a48c095.test.out,IOPS/KPI-4d2af31a-9916-3d9f-8a8e-8a268a48c095.test.out,IOPS,KPI-4d2af31a-9916-3d9f-8a8e-8a268a48c095.test.out,111369,2585,0.023211126974292666,0,3.5015400233162595,0.867342936897781
data/raw/IOPS/KPI-55f8b8b8-b659-38df-b3df-e4a5a8a54bc9.test.out,IOPS/KPI-55f8b8b8-b659-38df-b3df-e4a5a8a54bc9.test.out,IOPS,KPI-55f8b8b8-b659-38df-b3df-e4a5a8a54bc9.test.out,149132,6091,0.04084301156022852,0,126.00048004452434,16.81792007833913
data/raw/IOPS/KPI-431a8542-c468-3988-a508-3afd06a218da.train.out,IOPS/KPI-431a8542-c468-3988-a508-3afd06a218da.train.out,IOPS,KPI-431a8542-c468-3988-a508-3afd06a218da.train.out,129045,8222,0.06371420822193809,0,3.7183569529831413,1.5844572786264695
data/raw/IOPS/KPI-4d2af31a-9916-3d9f-8a8e-8a268a48c095.train.out,IOPS/KPI-4d2af31a-9916-3d9f-8a8e-8a268a48c095.train.out,IOPS,KPI-4d2af31a-9916-3d9f-8a8e-8a268a48c095.train.out,128871,7396,0.05739072405739072,0,3.955076293823641,2.309064550838174
data/raw/IOPS/KPI-54350a12-7a9d-3ca8-b81f-f886b9d156fd.train.out,IOPS/KPI-54350a12-7a9d-3ca8-b81f-f886b9d156fd.train.out,IOPS,KPI-54350a12-7a9d-3ca8-b81f-f886b9d156fd.train.out,8865,62,0.006993795826283136,0,0.025230744478900884,0.84302906862712
data/raw/IOPS/KPI-57051487-3a40-3828-9084-a12f7f23ee38.test.out,IOPS/KPI-57051487-3a40-3828-9084-a12f7f23ee38.test.out,IOPS,KPI-57051487-3a40-3828-9084-a12f7f23ee38.test.out,111678,46,0.0004118984938842028,0,0.26129005883492734,15.666155986672193
data/raw/IOPS/KPI-6a757df4-95e5-3357-8406-165e2bd49360.train.out,IOPS/KPI-6a757df4-95e5-3357-8406-165e2bd49360.train.out,IOPS,KPI-6a757df4-95e5-3357-8406-165e2bd49360.train.out,129009,6853,0.053120324938570176,0,1.4993218998615379,0.5563022455693047
data/raw/IOPS/KPI-6d1114ae-be04-3c46-b5aa-be1a003a57cd.train.out,IOPS/KPI-6d1114ae-be04-3c46-b5aa-be1a003a57cd.train.out,IOPS,KPI-6d1114ae-be04-3c46-b5aa-be1a003a57cd.train.out,146238,360,0.0024617404504985022,0,165.81567896169256,39.70377540923545
data/raw/IOPS/KPI-57051487-3a40-3828-9084-a12f7f23ee38.train.out,IOPS/KPI-57051487-3a40-3828-9084-a12f7f23ee38.train.out,IOPS,KPI-57051487-3a40-3828-9084-a12f7f23ee38.train.out,128786,105,0.0008153060115229917,0,0.2240939565496292,9.784043280390259
data/raw/IOPS/KPI-6a757df4-95e5-3357-8406-165e2bd49360.test.out,IOPS/KPI-6a757df4-95e5-3357-8406-165e2bd49360.test.out,IOPS,KPI-6a757df4-95e5-3357-8406-165e2bd49360.test.out,110875,2638,0.023792559188275084,0,1.2834575036328315,0.4517219976130333
data/raw/IOPS/KPI-6d1114ae-be04-3c46-b5aa-be1a003a57cd.test.out,IOPS/KPI-6d1114ae-be04-3c46-b5aa-be1a003a57cd.test.out,IOPS,KPI-6d1114ae-be04-3c46-b5aa-be1a003a57cd.test.out,149121,761,0.005103238309828931,0,144.66234467311781,30.445978225319703
data/raw/IOPS/KPI-7103fa0f-cac4-314f-addc-866190247439.train.out,IOPS/KPI-7103fa0f-cac4-314f-addc-866190247439.train.out,IOPS,KPI-7103fa0f-cac4-314f-addc-866190247439.train.out,128991,110,0.0008527726740625315,0,0.8500709361544516,10.780453311146227
data/raw/IOPS/KPI-6efa3a07-4544-34a0-b921-a155bd1a05e8.test.out,IOPS/KPI-6efa3a07-4544-34a0-b921-a155bd1a05e8.test.out,IOPS,KPI-6efa3a07-4544-34a0-b921-a155bd1a05e8.test.out,149147,5283,0.035421429864496104,0,52.12567956445655,12.26904803541497
data/raw/IOPS/KPI-6efa3a07-4544-34a0-b921-a155bd1a05e8.train.out,IOPS/KPI-6efa3a07-4544-34a0-b921-a155bd1a05e8.train.out,IOPS,KPI-6efa3a07-4544-34a0-b921-a155bd1a05e8.train.out,145134,2767,0.019065139801838302,0,48.53540796780907,14.218522704000407
data/raw/IOPS/KPI-847e8ecc-f8d2-3a93-9107-f367a0aab37d.test.out,IOPS/KPI-847e8ecc-f8d2-3a93-9107-f367a0aab37d.test.out,IOPS,KPI-847e8ecc-f8d2-3a93-9107-f367a0aab37d.test.out,149122,790,0.00529767572859806,0,37.41016965974168,4.46915366853313
data/raw/IOPS/KPI-7103fa0f-cac4-314f-addc-866190247439.test.out,IOPS/KPI-7103fa0f-cac4-314f-addc-866190247439.test.out,IOPS,KPI-7103fa0f-cac4-314f-addc-866190247439.test.out,108424,68,0.0006271674168080867,0,0.9298314953314312,10.189096808324571
data/raw/IOPS/KPI-847e8ecc-f8d2-3a93-9107-f367a0aab37d.train.out,IOPS/KPI-847e8ecc-f8d2-3a93-9107-f367a0aab37d.train.out,IOPS,KPI-847e8ecc-f8d2-3a93-9107-f367a0aab37d.train.out,146227,1121,0.007666162883735562,0,36.70398592599178,4.541142352215126
data/raw/IOPS/KPI-ab216663-dcc2-3a24-b1ee-2c3e550e06c9.test.out,IOPS/KPI-ab216663-dcc2-3a24-b1ee-2c3e550e06c9.test.out,IOPS,KPI-ab216663-dcc2-3a24-b1ee-2c3e550e06c9.test.out,10779,187,0.017348548102792467,0,-0.18071310614455183,0.9304272228771471
data/raw/IOPS/KPI-8723f0fb-eaef-32e6-b372-6034c9c04b80.test.out,IOPS/KPI-8723f0fb-eaef-32e6-b372-6034c9c04b80.test.out,IOPS,KPI-8723f0fb-eaef-32e6-b372-6034c9c04b80.test.out,149117,811,0.0054386823769255015,0,148.05819584621472,30.92852407015813
data/raw/IOPS/KPI-a8c06b47-cc41-3738-9110-12df0ee4c721.test.out,IOPS/KPI-a8c06b47-cc41-3738-9110-12df0ee4c721.test.out,IOPS,KPI-a8c06b47-cc41-3738-9110-12df0ee4c721.test.out,7577,127,0.01676125115481061,0,0.032440109141858124,1.007778482191936
data/raw/IOPS/KPI-adb2fde9-8589-3f5b-a410-5fe14386c7af.test.out,IOPS/KPI-adb2fde9-8589-3f5b-a410-5fe14386c7af.test.out,IOPS,KPI-adb2fde9-8589-3f5b-a410-5fe14386c7af.test.out,149154,1692,0.011343980047467717,0,34.556869141960654,3.692877366026524
data/raw/IOPS/KPI-9c639a46-34c8-39bc-aaf0-9144b37adfc8.train.out,IOPS/KPI-9c639a46-34c8-39bc-aaf0-9144b37adfc8.train.out,IOPS,KPI-9c639a46-34c8-39bc-aaf0-9144b37adfc8.train.out,108073,6095,0.056397064946841484,0,24.508875759903027,8.12343644658679
data/raw/IOPS/KPI-adb2fde9-8589-3f5b-a410-5fe14386c7af.train.out,IOPS/KPI-adb2fde9-8589-3f5b-a410-5fe14386c7af.train.out,IOPS,KPI-adb2fde9-8589-3f5b-a410-5fe14386c7af.train.out,146253,1428,0.009763902278927612,0,34.18862108811444,5.287166201743979
data/raw/IOPS/KPI-a07ac296-de40-3a7c-8df3-91f642cc14d0.train.out,IOPS/KPI-a07ac296-de40-3a7c-8df3-91f642cc14d0.train.out,IOPS,KPI-a07ac296-de40-3a7c-8df3-91f642cc14d0.train.out,106474,5663,0.05318669346507129,0,135.25112149444934,26.063430609893036
data/raw/IOPS/KPI-a8c06b47-cc41-3738-9110-12df0ee4c721.train.out,IOPS/KPI-a8c06b47-cc41-3738-9110-12df0ee4c721.train.out,IOPS,KPI-a8c06b47-cc41-3738-9110-12df0ee4c721.train.out,8862,349,0.03938162942902279,0,-0.02772010890532323,0.9926859799278781
data/raw/IOPS/KPI-8723f0fb-eaef-32e6-b372-6034c9c04b80.train.out,IOPS/KPI-8723f0fb-eaef-32e6-b372-6034c9c04b80.train.out,IOPS,KPI-8723f0fb-eaef-32e6-b372-6034c9c04b80.train.out,146242,556,0.003801917369839034,0,166.6821893163387,39.70388723046584
data/raw/IOPS/KPI-a07ac296-de40-3a7c-8df3-91f642cc14d0.test.out,IOPS/KPI-a07ac296-de40-3a7c-8df3-91f642cc14d0.test.out,IOPS,KPI-a07ac296-de40-3a7c-8df3-91f642cc14d0.test.out,111306,2259,0.020295401865128564,0,139.01789975383178,16.51020356994661
data/raw/IOPS/KPI-ab216663-dcc2-3a24-b1ee-2c3e550e06c9.train.out,IOPS/KPI-ab216663-dcc2-3a24-b1ee-2c3e550e06c9.train.out,IOPS,KPI-ab216663-dcc2-3a24-b1ee-2c3e550e06c9.train.out,11137,178,0.01598276016880668,0,0.14709286920497017,1.0483084980632118
data/raw/IOPS/KPI-9c639a46-34c8-39bc-aaf0-9144b37adfc8.test.out,IOPS/KPI-9c639a46-34c8-39bc-aaf0-9144b37adfc8.test.out,IOPS,KPI-9c639a46-34c8-39bc-aaf0-9144b37adfc8.test.out,110635,989,0.008939304921589009,0,23.920444524788717,1.6532219725178603
data/raw/IOPS/KPI-ba5f3328-9f3f-3ff5-a683-84437d16d554.train.out,IOPS/KPI-ba5f3328-9f3f-3ff5-a683-84437d16d554.train.out,IOPS,KPI-ba5f3328-9f3f-3ff5-a683-84437d16d554.train.out,146125,2514,0.017204448246364416,0,146.8457984602224,34.99359279336429
data/raw/IOPS/KPI-ba5f3328-9f3f-3ff5-a683-84437d16d554.test.out,IOPS/KPI-ba5f3328-9f3f-3ff5-a683-84437d16d554.test.out,IOPS,KPI-ba5f3328-9f3f-3ff5-a683-84437d16d554.test.out,149131,6777,0.0454432679992758,0,125.72903983745833,16.665742428933033
data/raw/IOPS/KPI-c69a50cf-ee03-3bd7-831e-407d36c7ee91.test.out,IOPS/KPI-c69a50cf-ee03-3bd7-831e-407d36c7ee91.test.out,IOPS,KPI-c69a50cf-ee03-3bd7-831e-407d36c7ee91.test.out,149158,702,0.0047064186969522255,0,35.266972807358634,4.270548887867826
data/raw/IOPS/KPI-e0747cad-8dc8-38a9-a9ab-855b61f5551d.train.out,IOPS/KPI-e0747cad-8dc8-38a9-a9ab-855b61f5551d.train.out,IOPS,KPI-e0747cad-8dc8-38a9-a9ab-855b61f5551d.train.out,8783,93,0.01058863713992941,0,-0.0302530948860298,0.9623669785336634
data/raw/IOPS/KPI-e0747cad-8dc8-38a9-a9ab-855b61f5551d.test.out,IOPS/KPI-e0747cad-8dc8-38a9-a9ab-855b61f5551d.test.out,IOPS,KPI-e0747cad-8dc8-38a9-a9ab-855b61f5551d.test.out,8783,116,0.013207332346578617,0,0.030097873230900657,1.0355538944153433
data/raw/IOPS/KPI-da10a69f-d836-3baa-ad40-3e548ecf1fbd.train.out,IOPS/KPI-da10a69f-d836-3baa-ad40-3e548ecf1fbd.train.out,IOPS,KPI-da10a69f-d836-3baa-ad40-3e548ecf1fbd.train.out,107716,7363,0.06835567603698615,0,0.04342811489267108,0.04459774481338717
data/raw/IOPS/KPI-c02607e8-7399-3dde-9d28-8a8da5e5d251.train.out,IOPS/KPI-c02607e8-7399-3dde-9d28-8a8da5e5d251.train.out,IOPS,KPI-c02607e8-7399-3dde-9d28-8a8da5e5d251.train.out,8783,6,0.0006831378799954458,0,0.19243212955534617,0.10144918638541026
data/raw/IOPS/KPI-c02607e8-7399-3dde-9d28-8a8da5e5d251.test.out,IOPS/KPI-c02607e8-7399-3dde-9d28-8a8da5e5d251.test.out,IOPS,KPI-c02607e8-7399-3dde-9d28-8a8da5e5d251.test.out,8783,61,0.006945235113287032,0,0.20341796108272445,0.10832894507671283
data/raw/IOPS/KPI-c69a50cf-ee03-3bd7-831e-407d36c7ee91.train.out,IOPS/KPI-c69a50cf-ee03-3bd7-831e-407d36c7ee91.train.out,IOPS,KPI-c69a50cf-ee03-3bd7-831e-407d36c7ee91.train.out,146254,878,0.0060032546118396765,0,35.04874861542248,5.692432384134857
data/raw/IOPS/KPI-da10a69f-d836-3baa-ad40-3e548ecf1fbd.test.out,IOPS/KPI-da10a69f-d836-3baa-ad40-3e548ecf1fbd.test.out,IOPS,KPI-da10a69f-d836-3baa-ad40-3e548ecf1fbd.test.out,107166,8750,0.08164903047608384,0,0.03888858617644447,0.038454276611031936
data/raw/IOPS/KPI-ffb82d38-5f00-37db-abc0-5d2e4e4cb6aa.test.out,IOPS/KPI-ffb82d38-5f00-37db-abc0-5d2e4e4cb6aa.test.out,IOPS,KPI-ffb82d38-5f00-37db-abc0-5d2e4e4cb6aa.test.out,111395,2855,0.025629516585125005,0,1.924336183460894,0.7375484962416011
data/raw/IOPS/KPI-f0932edd-6400-3e63-9559-0a9860a1baa9.train.out,IOPS/KPI-f0932edd-6400-3e63-9559-0a9860a1baa9.train.out,IOPS,KPI-f0932edd-6400-3e63-9559-0a9860a1baa9.train.out,128788,7254,0.056325123458707334,0,11.10072045049762,8.771607547140043
data/raw/IOPS/KPI-ffb82d38-5f00-37db-abc0-5d2e4e4cb6aa.train.out,IOPS/KPI-ffb82d38-5f00-37db-abc0-5d2e4e4cb6aa.train.out,IOPS,KPI-ffb82d38-5f00-37db-abc0-5d2e4e4cb6aa.train.out,128783,6822,0.05297283026486415,0,2.275827424130758,1.042000747941689
data/raw/IOPS/KPI-f0932edd-6400-3e63-9559-0a9860a1baa9.test.out,IOPS/KPI-f0932edd-6400-3e63-9559-0a9860a1baa9.test.out,IOPS,KPI-f0932edd-6400-3e63-9559-0a9860a1baa9.test.out,112148,2842,0.025341513000677676,0,13.917758098169939,12.437818307485509
data/raw/MGAB/1.test.out,MGAB/1.test.out,MGAB,1.test.out,99999,200,0.002000020000200002,0,0.9610258037126638,0.31944507011284734
data/raw/MGAB/10.test.out,MGAB/10.test.out,MGAB,10.test.out,99999,200,0.002000020000200002,0,0.9607251690284615,0.31924877168502996
data/raw/MGAB/3.test.out,MGAB/3.test.out,MGAB,3.test.out,99999,200,0.002000020000200002,0,0.9607685806769075,0.31920240911054604
data/raw/MGAB/6.test.out,MGAB/6.test.out,MGAB,6.test.out,99999,200,0.002000020000200002,0,0.9609551326871315,0.3192483462802542
data/raw/MGAB/4.test.out,MGAB/4.test.out,MGAB,4.test.out,99999,200,0.002000020000200002,0,0.9610091126034113,0.31949783683547855
data/raw/MGAB/5.test.out,MGAB/5.test.out,MGAB,5.test.out,99999,200,0.002000020000200002,0,0.9609229387526274,0.31949800123289895
data/raw/MGAB/2.test.out,MGAB/2.test.out,MGAB,2.test.out,99999,200,0.002000020000200002,0,0.960850578697711,0.31942267826627735
data/raw/MGAB/8.test.out,MGAB/8.test.out,MGAB,8.test.out,99999,200,0.002000020000200002,0,0.9608434730213332,0.3192294646150664
data/raw/MGAB/9.test.out,MGAB/9.test.out,MGAB,9.test.out,99999,200,0.002000020000200002,0,0.9605058486896753,0.31903171182783147
data/raw/MGAB/7.test.out,MGAB/7.test.out,MGAB,7.test.out,99999,200,0.002000020000200002,0,0.9605134744602117,0.31928758654023287
data/raw/NAB/NAB_data_CloudWatch_2.out,NAB/NAB_data_CloudWatch_2.out,NAB,NAB_data_CloudWatch_2.out,4030,400,0.09925558312655088,0,1.8296034739454097,0.10145982647836865
data/raw/NAB/NAB_data_Traffic_7.out,NAB/NAB_data_Traffic_7.out,NAB,NAB_data_Traffic_7.out,2493,248,0.09947853991175291,0,62.93622141997593,5.1937910210998215
data/raw/NAB/NAB_data_CloudWatch_6.out,NAB/NAB_data_CloudWatch_6.out,NAB,NAB_data_CloudWatch_6.out,4030,402,0.09975186104218363,0,40.984578039702235,21.926580830705632
data/raw/NAB/NAB_data_CloudWatch_5.out,NAB/NAB_data_CloudWatch_5.out,NAB,NAB_data_CloudWatch_5.out,4030,342,0.084863523573201,0,89.78948225806451,12.081399603316898
data/raw/NAB/NAB_data_KnownCause_7.out,NAB/NAB_data_KnownCause_7.out,NAB,NAB_data_KnownCause_7.out,5313,528,0.09937888198757763,0,0.48791059534613207,5.3717112341747
data/raw/NAB/NAB_data_Traffic_5.out,NAB/NAB_data_Traffic_5.out,NAB,NAB_data_Traffic_5.out,2498,238,0.09527622097678143,0,81.90432345876701,8.748525439152
data/raw/NAB/NAB_data_Traffic_1.out,NAB/NAB_data_Traffic_1.out,NAB,NAB_data_Traffic_1.out,2498,246,0.09847878302642114,0,324.835868694956,399.60428298761275
data/raw/NAB/NAB_data_art0_3.out,NAB/NAB_data_art0_3.out,NAB,NAB_data_art0_3.out,4030,0,0.0,0,45.0,0.0
data/raw/NAB/NAB_data_art0_1.out,NAB/NAB_data_art0_1.out,NAB,NAB_data_art0_1.out,4030,0,0.0,0,42.511166253101734,29.053860842634574
data/raw/NAB/NAB_data_KnownCause_3.out,NAB/NAB_data_KnownCause_3.out,NAB,NAB_data_KnownCause_3.out,4030,343,0.08511166253101737,0,45.1550888337469,2.2873036801312807
data/raw/NAB/NAB_data_art0_2.out,NAB/NAB_data_art0_2.out,NAB,NAB_data_art0_2.out,4030,0,0.0,0,42.44941573306473,28.079667006415352
data/raw/NAB/NAB_data_art1_1.out,NAB/NAB_data_art1_1.out,NAB,NAB_data_art1_1.out,4030,402,0.09975186104218363,0,41.520831137317096,27.514367866549193
data/raw/NAB/NAB_data_KnownCause_4.out,NAB/NAB_data_KnownCause_4.out,NAB,NAB_data_KnownCause_4.out,22693,2264,0.09976644780328736,0,85.92750952660808,13.74709538309106
data/raw/NAB/NAB_data_Exchange_3.out,NAB/NAB_data_Exchange_3.out,NAB,NAB_data_Exchange_3.out,1536,150,0.09765625,0,0.13732683106650767,0.07569449585691176
data/raw/NAB/NAB_data_KnownCause_2.out,NAB/NAB_data_KnownCause_2.out,NAB,NAB_data_KnownCause_2.out,18048,1498,0.0830008865248227,0,38.27735730828901,15.631743521545195
data/raw/NAB/NAB_data_CloudWatch_4.out,NAB/NAB_data_CloudWatch_4.out,NAB,NAB_data_CloudWatch_4.out,4030,402,0.09975186104218363,0,10.523353846153844,26.934313362293224
data/raw/NAB/NAB_data_CloudWatch_14.out,NAB/NAB_data_CloudWatch_14.out,NAB,NAB_data_CloudWatch_14.out,4619,462,0.10002164970772895,0,27.682204743450963,13.14708328686201
data/raw/NAB/NAB_data_Traffic_3.out,NAB/NAB_data_Traffic_3.out,NAB,NAB_data_Traffic_3.out,2378,238,0.10008410428931876,0,4.494932716568545,3.4056257399144725
data/raw/NAB/NAB_data_Traffic_2.out,NAB/NAB_data_Traffic_2.out,NAB,NAB_data_Traffic_2.out,2160,216,0.1,0,327.3273148148148,444.9349644064605
data/raw/NAB/NAB_data_Exchange_5.out,NAB/NAB_data_Exchange_5.out,NAB,NAB_data_Exchange_5.out,1641,162,0.09872029250457039,0,0.08644322153331088,0.12905560520187107
data/raw/NAB/NAB_data_CloudWatch_10.out,NAB/NAB_data_CloudWatch_10.out,NAB,NAB_data_CloudWatch_10.out,4030,402,0.09975186104218363,0,17339874.447493795,79715487.33735546
data/raw/NAB/NAB_data_KnownCause_6.out,NAB/NAB_data_KnownCause_6.out,NAB,NAB_data_KnownCause_6.out,1880,188,0.1,0,0.03955128249521276,0.05656960449707305
data/raw/NAB/NAB_data_art0_4.out,NAB/NAB_data_art0_4.out,NAB,NAB_data_art0_4.out,4030,0,0.0,0,13.48990114807176,3.1520668175541116
data/raw/NAB/NAB_data_CloudWatch_12.out,NAB/NAB_data_CloudWatch_12.out,NAB,NAB_data_CloudWatch_12.out,4728,472,0.09983079526226735,0,118764.831535533,775878.9775959639
data/raw/NAB/NAB_data_CloudWatch_15.out,NAB/NAB_data_CloudWatch_15.out,NAB,NAB_data_CloudWatch_15.out,1241,124,0.0999194198227236,0,4573770.104915392,4341877.586853747
data/raw/NAB/NAB_data_Exchange_1.out,NAB/NAB_data_Exchange_1.out,NAB,NAB_data_Exchange_1.out,1622,162,0.0998766954377312,0,0.10183660405770122,0.03374575210889437
data/raw/NAB/NAB_data_art1_5.out,NAB/NAB_data_art1_5.out,NAB,NAB_data_art1_5.out,4030,402,0.09975186104218363,0,0.1076250717869231,0.4423687261562448
data/raw/NAB/NAB_data_art1_4.out,NAB/NAB_data_art1_4.out,NAB,NAB_data_art1_4.out,4030,402,0.09975186104218363,0,0.41687344913151364,2.857570951217172
data/raw/NAB/NAB_data_art1_0.out,NAB/NAB_data_art1_0.out,NAB,NAB_data_art1_0.out,4030,402,0.09975186104218363,0,19.000821010299358,45.376827212347095
data/raw/NAB/NAB_data_CloudWatch_17.out,NAB/NAB_data_CloudWatch_17.out,NAB,NAB_data_CloudWatch_17.out,4030,400,0.09925558312655088,0,18.937478908188584,5.605350996374454
data/raw/NAB/NAB_data_CloudWatch_1.out,NAB/NAB_data_CloudWatch_1.out,NAB,NAB_data_CloudWatch_1.out,4030,400,0.09925558312655088,0,0.12629975186104217,0.09483625671088336
data/raw/NAB/NAB_data_Traffic_6.out,NAB/NAB_data_Traffic_6.out,NAB,NAB_data_Traffic_6.out,1125,112,0.09955555555555555,0,64.04266666666666,9.241132712380505
data/raw/NAB/NAB_data_CloudWatch_3.out,NAB/NAB_data_CloudWatch_3.out,NAB,NAB_data_CloudWatch_3.out,4030,400,0.09925558312655088,0,43.10785714640198,4.30237500305092
data/raw/NAB/NAB_data_tweets_1.out,NAB/NAB_data_tweets_1.out,NAB,NAB_data_tweets_1.out,15900,1584,0.09962264150943397,0,85.55025157232704,321.07085929496617
data/raw/NAB/NAB_data_Exchange_2.out,NAB/NAB_data_Exchange_2.out,NAB,NAB_data_Exchange_2.out,1622,160,0.09864364981504316,0,0.3364480880201122,0.16227305660793995
data/raw/NAB/NAB_data_KnownCause_5.out,NAB/NAB_data_KnownCause_5.out,NAB,NAB_data_KnownCause_5.out,10318,1030,0.09982554758674161,0,15138.664954448537,6939.696364479265
data/raw/NAB/NAB_data_art1_3.out,NAB/NAB_data_art1_3.out,NAB,NAB_data_art1_3.out,4030,402,0.09975186104218363,0,40.828403979783744,27.64380071904431
data/raw/NAB/NAB_data_Traffic_4.out,NAB/NAB_data_Traffic_4.out,NAB,NAB_data_Traffic_4.out,2498,248,0.09927942353883107,0,7.239675740592474,4.372189591626852
data/raw/NAB/NAB_data_CloudWatch_11.out,NAB/NAB_data_CloudWatch_11.out,NAB,NAB_data_CloudWatch_11.out,4030,402,0.09975186104218363,0,570235.775955335,4608747.040441592
data/raw/NAB/NAB_data_Exchange_4.out,NAB/NAB_data_Exchange_4.out,NAB,NAB_data_Exchange_4.out,1536,152,0.09895833333333333,0,0.7732498959046392,0.3370584365231401
data/raw/NAB/NAB_data_Exchange_6.out,NAB/NAB_data_Exchange_6.out,NAB,NAB_data_Exchange_6.out,1641,160,0.09750152346130408,0,0.5337955885035747,0.7474736986719339
data/raw/NAB/NAB_data_art1_2.out,NAB/NAB_data_art1_2.out,NAB,NAB_data_art1_2.out,4030,402,0.09975186104218363,0,44.506345079581386,32.435976350692876
data/raw/NAB/NAB_data_CloudWatch_7.out,NAB/NAB_data_CloudWatch_7.out,NAB,NAB_data_CloudWatch_7.out,4030,0,0.0,0,0.0869588089330025,0.08523144313313316
data/raw/NAB/NAB_data_CloudWatch_16.out,NAB/NAB_data_CloudWatch_16.out,NAB,NAB_data_CloudWatch_16.out,4030,400,0.09925558312655088,0,8.113189272952853,3.653162095338007
data/raw/NAB/NAB_data_CloudWatch_8.out,NAB/NAB_data_CloudWatch_8.out,NAB,NAB_data_CloudWatch_8.out,4030,402,0.09975186104218363,0,5.780730024813896,11.814353517881838
data/raw/NAB/NAB_data_art0_0.out,NAB/NAB_data_art0_0.out,NAB,NAB_data_art0_0.out,4030,0,0.0,0,42.51112623326729,27.95679034672751
data/raw/NAB/NAB_data_CloudWatch_9.out,NAB/NAB_data_CloudWatch_9.out,NAB,NAB_data_CloudWatch_9.out,4728,472,0.09983079526226735,0,6584344.845642977,40393995.939765684
data/raw/NAB/NAB_data_CloudWatch_13.out,NAB/NAB_data_CloudWatch_13.out,NAB,NAB_data_CloudWatch_13.out,4030,400,0.09925558312655088,0,61.83052109181141,56.6764257563212
data/raw/NAB/NAB_data_KnownCause_1.out,NAB/NAB_data_KnownCause_1.out,NAB,NAB_data_KnownCause_1.out,7265,724,0.09965588437715073,0,71.24262318361046,4.248064057026868
data/raw/NAB/NAB_data_tweets_4.out,NAB/NAB_data_tweets_4.out,NAB,NAB_data_tweets_4.out,15851,1523,0.09608226610308498,0,0.3596618509873194,1.093674609119382
data/raw/NAB/NAB_data_tweets_3.out,NAB/NAB_data_tweets_3.out,NAB,NAB_data_tweets_3.out,15900,1590,0.1,0,3.348427672955975,4.604912033567304
data/raw/NAB/NAB_data_tweets_5.out,NAB/NAB_data_tweets_5.out,NAB,NAB_data_tweets_5.out,15831,1580,0.09980418166887751,0,17.806139852188743,19.735906464939088
data/raw/NAB/NAB_data_tweets_7.out,NAB/NAB_data_tweets_7.out,NAB,NAB_data_tweets_7.out,15891,1588,0.09993077842804103,0,4.390095022339689,5.5016949213820325
data/raw/NAB/NAB_data_tweets_8.out,NAB/NAB_data_tweets_8.out,NAB,NAB_data_tweets_8.out,15849,1584,0.09994321408290743,0,11.397690706038237,24.80591542145728
data/raw/NAB/NAB_data_tweets_10.out,NAB/NAB_data_tweets_10.out,NAB,NAB_data_tweets_10.out,15864,1580,0.09959657085224408,0,5.456757438224912,21.575600704810043
data/raw/NAB/NAB_data_tweets_6.out,NAB/NAB_data_tweets_6.out,NAB,NAB_data_tweets_6.out,15840,1429,0.09021464646464647,0,20.734217171717173,18.564754444942825
data/raw/NAB/NAB_data_tweets_9.out,NAB/NAB_data_tweets_9.out,NAB,NAB_data_tweets_9.out,15856,1584,0.09989909182643794,0,0.8663597376387487,1.46197069997915
data/raw/NAB/NAB_data_tweets_2.out,NAB/NAB_data_tweets_2.out,NAB,NAB_data_tweets_2.out,15829,1576,0.09956409122496683,0,53.298881799229264,30.55495365255228
data/raw/NASA-MSL/T-12.train.out,NASA-MSL/T-12.train.out,NASA-MSL,T-12.train.out,1144,0,0.0,0,-0.14452893152913654,0.4772711434120611
data/raw/NASA-MSL/F-5.test.out,NASA-MSL/F-5.test.out,NASA-MSL,F-5.test.out,3921,151,0.038510584034685026,0,-0.06154532839649614,1.1257231019431553
data/raw/NASA-MSL/F-4.train.out,NASA-MSL/F-4.train.out,NASA-MSL,F-4.train.out,2243,0,0.0,0,-0.598205478945173,0.3874136004434068
data/raw/NASA-MSL/P-14.train.out,NASA-MSL/P-14.train.out,NASA-MSL,P-14.train.out,2879,0,0.0,0,0.9994897019283959,8.194419125707967e-05
data/raw/NASA-MSL/C-1.train.out,NASA-MSL/C-1.train.out,NASA-MSL,C-1.train.out,2157,0,0.0,0,-0.6710908213797259,0.42774415036036145
data/raw/NASA-MSL/F-7.test.out,NASA-MSL/F-7.test.out,NASA-MSL,F-7.test.out,5053,423,0.08371264595289926,0,-0.5533275847445646,0.6586215076317495
data/raw/NASA-MSL/T-13.train.out,NASA-MSL/T-13.train.out,NASA-MSL,T-13.train.out,1144,0,0.0,0,0.05390002248391379,0.5281488831155617
data/raw/NASA-MSL/M-7.train.out,NASA-MSL/M-7.train.out,NASA-MSL,M-7.train.out,1586,0,0.0,0,-0.9856041385016624,0.11724342116773365
data/raw/NASA-MSL/D-16.train.out,NASA-MSL/D-16.train.out,NASA-MSL,D-16.train.out,1450,0,0.0,0,-0.5351222085458062,0.829555808424732
data/raw/NASA-MSL/T-8.train.out,NASA-MSL/T-8.train.out,NASA-MSL,T-8.train.out,747,0,0.0,0,-0.9818752132713863,0.18720248021726735
data/raw/NASA-MSL/M-6.test.out,NASA-MSL/M-6.test.out,NASA-MSL,M-6.test.out,2048,181,0.08837890625,0,11.93356735641879,37.602873182647954
data/raw/NASA-MSL/T-5.train.out,NASA-MSL/T-5.train.out,NASA-MSL,T-5.train.out,2271,0,0.0,0,-1.0,0.0
data/raw/NASA-MSL/S-2.test.out,NASA-MSL/S-2.test.out,NASA-MSL,S-2.test.out,1826,11,0.006024096385542169,0,-0.9967141292442497,0.0810218464551073
data/raw/NASA-MSL/T-13.test.out,NASA-MSL/T-13.test.out,NASA-MSL,T-13.test.out,2429,252,0.1037463976945245,0,0.0677094843790238,0.6445431071212208
data/raw/NASA-MSL/T-4.train.out,NASA-MSL/T-4.train.out,NASA-MSL,T-4.train.out,2271,0,0.0,0,-0.5217965653896962,0.499634699160238
data/raw/NASA-MSL/F-8.train.out,NASA-MSL/F-8.train.out,NASA-MSL,F-8.train.out,3341,0,0.0,0,-0.7913017451166664,0.4934170636151189
data/raw/NASA-MSL/M-6.train.out,NASA-MSL/M-6.train.out,NASA-MSL,M-6.train.out,1564,0,0.0,0,-1.0,0.0
data/raw/NASA-MSL/P-15.test.out,NASA-MSL/P-15.test.out,NASA-MSL,P-15.test.out,2855,21,0.007355516637478109,0,-0.06262584280533186,0.930960884390333
data/raw/NASA-MSL/M-4.train.out,NASA-MSL/M-4.train.out,NASA-MSL,M-4.train.out,2075,0,0.0,0,0.6362601831456125,0.6522730749441483
data/raw/NASA-MSL/M-3.train.out,NASA-MSL/M-3.train.out,NASA-MSL,M-3.train.out,2036,0,0.0,0,0.5799405257913101,0.727356805347418
data/raw/NASA-MSL/F-8.test.out,NASA-MSL/F-8.test.out,NASA-MSL,F-8.test.out,2486,537,0.2160096540627514,0,-0.8728706845290147,0.38092917487383754
data/raw/NASA-MSL/D-15.test.out,NASA-MSL/D-15.test.out,NASA-MSL,D-15.test.out,2157,641,0.29717199814557255,0,0.7685222311396642,0.6640019581151932
data/raw/NASA-MSL/D-14.train.out,NASA-MSL/D-14.train.out,NASA-MSL,D-14.train.out,3674,0,0.0,0,-1.0,0.0
data/raw/NASA-MSL/C-1.test.out,NASA-MSL/C-1.test.out,NASA-MSL,C-1.test.out,2263,312,0.137870083959346,0,-0.5963388513445972,0.4222587918858775
data/raw/NASA-MSL/S-2.train.out,NASA-MSL/S-2.train.out,NASA-MSL,S-2.train.out,925,0,0.0,0,-1.0,0.0
data/raw/NASA-MSL/F-4.test.out,NASA-MSL/F-4.test.out,NASA-MSL,F-4.test.out,3421,71,0.02075416544869921,0,-0.3307329087854814,0.5721755388981158
data/raw/NASA-MSL/P-14.test.out,NASA-MSL/P-14.test.out,NASA-MSL,P-14.test.out,6099,181,0.02967699622888998,0,0.5949704366169414,0.7158316168241297
data/raw/NASA-MSL/M-5.train.out,NASA-MSL/M-5.train.out,NASA-MSL,M-5.train.out,2031,0,0.0,0,-0.4873300155679131,0.7006151452198216
data/raw/NASA-MSL/P-11.train.out,NASA-MSL/P-11.train.out,NASA-MSL,P-11.train.out,3968,0,0.0,0,0.8475176599499522,0.11175638923180975
data/raw/NASA-MSL/T-8.test.out,NASA-MSL/T-8.test.out,NASA-MSL,T-8.test.out,1518,102,0.06719367588932806,0,-0.9682567361595495,0.2463025901865658
data/raw/NASA-MSL/M-5.test.out,NASA-MSL/M-5.test.out,NASA-MSL,M-5.test.out,2302,301,0.13075586446568202,0,-0.5005242094623955,0.6515187070500126
data/raw/NASA-MSL/T-4.test.out,NASA-MSL/T-4.test.out,NASA-MSL,T-4.test.out,2216,69,0.031137184115523464,0,-0.575812274368231,0.4979703898955289
data/raw/NASA-MSL/D-14.test.out,NASA-MSL/D-14.test.out,NASA-MSL,D-14.test.out,2624,222,0.08460365853658537,0,-0.8594294425087107,0.5093394152040056
data/raw/NASA-MSL/M-1.train.out,NASA-MSL/M-1.train.out,NASA-MSL,M-1.train.out,2208,0,0.0,0,0.4157667790710149,0.6926417537770463
data/raw/NASA-MSL/M-4.test.out,NASA-MSL/M-4.test.out,NASA-MSL,M-4.test.out,2037,251,0.12322042218949436,0,0.480951143366514,0.6575337898013363
data/raw/NASA-MSL/P-10.train.out,NASA-MSL/P-10.train.out,NASA-MSL,P-10.train.out,4307,0,0.0,0,0.9933665243133087,0.0012416238455663542
data/raw/NASA-MSL/M-1.test.out,NASA-MSL/M-1.test.out,NASA-MSL,M-1.test.out,2276,1141,0.5013181019332161,0,0.5677011132515045,0.8065724330358739
data/raw/NASA-MSL/C-2.test.out,NASA-MSL/C-2.test.out,NASA-MSL,C-2.test.out,2050,137,0.06682926829268293,0,-0.5276382727290339,0.46932547155782306
data/raw/NASA-MSL/M-7.test.out,NASA-MSL/M-7.test.out,NASA-MSL,M-7.test.out,2155,101,0.04686774941995359,0,-0.9499391891061766,0.30609321823881536
data/raw/NASA-MSL/P-15.train.out,NASA-MSL/P-15.train.out,NASA-MSL,P-15.train.out,3681,0,0.0,0,0.9449399293528392,0.036062885590877176
data/raw/NASA-MSL/M-2.train.out,NASA-MSL/M-2.train.out,NASA-MSL,M-2.train.out,2207,0,0.0,0,-0.8469034055575523,0.33983347383130924
data/raw/NASA-MSL/D-15.train.out,NASA-MSL/D-15.train.out,NASA-MSL,D-15.train.out,2073,0,0.0,0,0.779286491911496,0.6545461832705444
data/raw/NASA-MSL/C-2.train.out,NASA-MSL/C-2.train.out,NASA-MSL,C-2.train.out,763,0,0.0,0,-1.0,0.0
data/raw/NASA-MSL/P-11.test.out,NASA-MSL/P-11.test.out,NASA-MSL,P-11.test.out,3534,228,0.06451612903225806,0,0.811225687535431,0.1454832491600446
data/raw/NASA-MSL/F-5.train.out,NASA-MSL/F-5.train.out,NASA-MSL,F-5.train.out,2597,0,0.0,0,-0.36758991491333737,0.9003920207762726
data/raw/NASA-MSL/D-16.test.out,NASA-MSL/D-16.test.out,NASA-MSL,D-16.test.out,2190,651,0.29726027397260274,0,-0.5110588275912459,0.5502836729336366
data/raw/NASA-MSL/F-7.train.out,NASA-MSL/F-7.train.out,NASA-MSL,F-7.train.out,2510,0,0.0,0,-0.6086653386454183,0.6107807714909361
data/raw/NASA-MSL/T-12.test.out,NASA-MSL/T-12.test.out,NASA-MSL,T-12.test.out,2429,121,0.04981473857554549,0,-0.06848997073252726,0.43438542257743284
data/raw/NASA-MSL/M-3.test.out,NASA-MSL/M-3.test.out,NASA-MSL,M-3.test.out,2126,251,0.1180620884289746,0,0.4411189728993075,0.7167210194904248
data/raw/NASA-MSL/P-10.test.out,NASA-MSL/P-10.test.out,NASA-MSL,P-10.test.out,6099,131,0.02147893097229054,0,0.5949704366169414,0.7158316168241297
data/raw/NASA-MSL/M-2.test.out,NASA-MSL/M-2.test.out,NASA-MSL,M-2.test.out,2276,1141,0.5013181019332161,0,-0.10701214202690146,0.8648603394489738
data/raw/NASA-MSL/T-5.test.out,NASA-MSL/T-5.test.out,NASA-MSL,T-5.test.out,2217,26,0.011727559765448805,0,-0.9957471486564855,0.09012806275398717
data/raw/NASA-MSL/T-9.test.out,NASA-MSL/T-9.test.out,NASA-MSL,T-9.test.out,1095,112,0.10228310502283106,0,0.6479004637110016,0.25524471474561927
data/raw/NASA-MSL/T-9.train.out,NASA-MSL/T-9.train.out,NASA-MSL,T-9.train.out,438,0,0.0,0,0.2739770933415002,0.20050130000373398
data/raw/NASA-SMAP/D-1.test.out,NASA-SMAP/D-1.test.out,NASA-SMAP,D-1.test.out,8508,3259,0.38305124588622474,0,-0.30939920322668446,0.5712602300322265
data/raw/NASA-SMAP/A-3.train.out,NASA-SMAP/A-3.train.out,NASA-SMAP,A-3.train.out,2735,0,0.0,0,0.04100692662356844,0.4704874980095751
data/raw/NASA-SMAP/A-9.train.out,NASA-SMAP/A-9.train.out,NASA-SMAP,A-9.train.out,761,0,0.0,0,0.2425925034061064,0.9648369255004285
data/raw/NASA-SMAP/D-1.train.out,NASA-SMAP/D-1.train.out,NASA-SMAP,D-1.train.out,2848,0,0.0,0,-0.7752350772471911,0.06354200710507724
data/raw/NASA-SMAP/D-3.test.out,NASA-SMAP/D-3.test.out,NASA-SMAP,D-3.test.out,8639,3276,0.3792105567774048,0,-0.5606112923787947,0.6259286504247628
data/raw/NASA-SMAP/D-4.test.out,NASA-SMAP/D-4.test.out,NASA-SMAP,D-4.test.out,8472,3248,0.3833805476864967,0,-0.5771642675491645,0.6192853688747454
data/raw/NASA-SMAP/D-5.test.out,NASA-SMAP/D-5.test.out,NASA-SMAP,D-5.test.out,7627,51,0.006686770683099515,0,-0.9968128544618139,0.04577007277368564
data/raw/NASA-SMAP/A-2.train.out,NASA-SMAP/A-2.train.out,NASA-SMAP,A-2.train.out,2647,0,0.0,0,0.01587746924095304,0.5630213834673038
data/raw/NASA-SMAP/A-4.train.out,NASA-SMAP/A-4.train.out,NASA-SMAP,A-4.train.out,2689,0,0.0,0,0.0789903307582317,0.35354279448592557
data/raw/NASA-SMAP/B-1.train.out,NASA-SMAP/B-1.train.out,NASA-SMAP,B-1.train.out,2434,0,0.0,0,-1.0,0.0
data/raw/NASA-SMAP/A-8.test.out,NASA-SMAP/A-8.test.out,NASA-SMAP,A-8.test.out,8374,3806,0.45450203009314544,0,-0.5842555722517424,0.3762769432481467
data/raw/NASA-SMAP/A-9.test.out,NASA-SMAP/A-9.test.out,NASA-SMAP,A-9.test.out,8433,3865,0.4583185106130677,0,-0.477866573791916,0.4231742764750596
data/raw/NASA-SMAP/D-4.train.out,NASA-SMAP/D-4.train.out,NASA-SMAP,D-4.train.out,2832,0,0.0,0,-0.9873653147699755,0.009391108201349531
data/raw/NASA-SMAP/D-11.test.out,NASA-SMAP/D-11.test.out,NASA-SMAP,D-11.test.out,7430,61,0.008209959623149394,0,-0.12227338197445156,0.8652458180884289
data/raw/NASA-SMAP/D-13.test.out,NASA-SMAP/D-13.test.out,NASA-SMAP,D-13.test.out,7662,161,0.021012790394152964,0,-0.34064212999216914,0.9340911665167446
data/raw/NASA-SMAP/D-2.train.out,NASA-SMAP/D-2.train.out,NASA-SMAP,D-2.train.out,2879,0,0.0,0,-1.0,0.0
data/raw/NASA-SMAP/A-1.test.out,NASA-SMAP/A-1.test.out,NASA-SMAP,A-1.test.out,8639,85,0.009839101747887487,0,0.9997684917235791,0.021517819425811918
data/raw/NASA-SMAP/D-3.train.out,NASA-SMAP/D-3.train.out,NASA-SMAP,D-3.train.out,2879,0,0.0,0,-0.984792331156028,0.008718497921024968
data/raw/NASA-SMAP/A-5.train.out,NASA-SMAP/A-5.train.out,NASA-SMAP,A-5.train.out,704,0,0.0,0,-0.9997098607038123,7.452307097465803e-05
data/raw/NASA-SMAP/D-12.train.out,NASA-SMAP/D-12.train.out,NASA-SMAP,D-12.train.out,311,0,0.0,0,-1.0,0.0
data/raw/NASA-SMAP/A-8.train.out,NASA-SMAP/A-8.train.out,NASA-SMAP,A-8.train.out,761,0,0.0,0,-0.2483027956387824,0.9692631182428935
data/raw/NASA-SMAP/A-5.test.out,NASA-SMAP/A-5.test.out,NASA-SMAP,A-5.test.out,4692,51,0.010869565217391304,0,-0.3830465528341485,0.7368677633658376
data/raw/NASA-SMAP/A-7.train.out,NASA-SMAP/A-7.train.out,NASA-SMAP,A-7.train.out,2878,0,0.0,0,-0.31431736375776803,0.3885591002929196
data/raw/NASA-SMAP/D-13.train.out,NASA-SMAP/D-13.train.out,NASA-SMAP,D-13.train.out,1489,0,0.0,0,-1.0,0.0
data/raw/NASA-SMAP/D-12.test.out,NASA-SMAP/D-12.test.out,NASA-SMAP,D-12.test.out,7917,2740,0.3460906909182771,0,-0.6841557298707581,0.5558474246258399
data/raw/NASA-SMAP/A-1.train.out,NASA-SMAP/A-1.train.out,NASA-SMAP,A-1.train.out,2879,0,0.0,0,0.999,4.4194552377078264e-14
data/raw/NASA-SMAP/D-11.train.out,NASA-SMAP/D-11.train.out,NASA-SMAP,D-11.train.out,2610,0,0.0,0,-0.2410387398893152,0.5529522408063702
data/raw/NASA-SMAP/D-2.test.out,NASA-SMAP/D-2.test.out,NASA-SMAP,D-2.test.out,8594,4218,0.49080754014428674,0,-0.11449848731673261,0.9934812250594851
data/raw/NASA-SMAP/B-1.test.out,NASA-SMAP/B-1.test.out,NASA-SMAP,B-1.test.out,8043,71,0.008827551908491856,0,-0.2622155911973144,0.9650693141787805
data/raw/NASA-SMAP/A-6.train.out,NASA-SMAP/A-6.train.out,NASA-SMAP,A-6.train.out,681,0,0.0,0,-0.8222337393106943,0.22675542241222374
data/raw/NASA-SMAP/A-2.test.out,NASA-SMAP/A-2.test.out,NASA-SMAP,A-2.test.out,7913,111,0.01402754960192089,0,-0.07081514985361978,0.4950149858565785
data/raw/NASA-SMAP/A-7.test.out,NASA-SMAP/A-7.test.out,NASA-SMAP,A-7.test.out,8630,2401,0.27821552723059095,0,-0.33900596662205507,0.3982936126381163
data/raw/NASA-SMAP/A-3.test.out,NASA-SMAP/A-3.test.out,NASA-SMAP,A-3.test.out,8204,186,0.022671867381764993,0,-0.000753525500013303,0.43090778168871086
data/raw/NASA-SMAP/A-6.test.out,NASA-SMAP/A-6.test.out,NASA-SMAP,A-6.test.out,4452,41,0.009209344115004492,0,-0.2308126930486829,0.16206799658465906
data/raw/NASA-SMAP/A-4.test.out,NASA-SMAP/A-4.test.out,NASA-SMAP,A-4.test.out,8079,111,0.013739324173783884,0,0.10608732032310186,0.3172756695486312
data/raw/NASA-SMAP/E-11.test.out,NASA-SMAP/E-11.test.out,NASA-SMAP,E-11.test.out,8513,295,0.034652883824738634,0,-0.5597898664500708,0.8238343759580861
data/raw/NASA-SMAP/E-13.test.out,NASA-SMAP/E-13.test.out,NASA-SMAP,E-13.test.out,8639,264,0.03055909248755643,0,-0.6032967160306398,0.5699602088920402
data/raw/NASA-SMAP/E-1.train.out,NASA-SMAP/E-1.train.out,NASA-SMAP,E-1.train.out,2879,0,0.0,0,-0.5866620354289684,0.8099725503804732
data/raw/NASA-SMAP/D-8.test.out,NASA-SMAP/D-8.test.out,NASA-SMAP,D-8.test.out,7873,51,0.006477835640797663,0,-0.9997459672297726,0.02254030923600675
data/raw/NASA-SMAP/E-7.test.out,NASA-SMAP/E-7.test.out,NASA-SMAP,E-7.test.out,8309,281,0.03381875075219641,0,-0.9645364464235568,0.10425447783580793
data/raw/NASA-SMAP/E-3.train.out,NASA-SMAP/E-3.train.out,NASA-SMAP,E-3.train.out,2879,0,0.0,0,0.1338250269327061,0.41705678666986457
data/raw/NASA-SMAP/D-9.train.out,NASA-SMAP/D-9.train.out,NASA-SMAP,D-9.train.out,2582,0,0.0,0,-1.0,0.0
data/raw/NASA-SMAP/E-5.train.out,NASA-SMAP/E-5.train.out,NASA-SMAP,E-5.train.out,2879,0,0.0,0,-0.5866620354289684,0.8099725503804732
data/raw/NASA-SMAP/E-1.test.out,NASA-SMAP/E-1.test.out,NASA-SMAP,E-1.test.out,8515,508,0.05965942454492073,0,-0.5743981209630065,0.8045378788234174
data/raw/NASA-SMAP/D-7.train.out,NASA-SMAP/D-7.train.out,NASA-SMAP,D-7.train.out,2582,0,0.0,0,-1.0,0.0
data/raw/NASA-SMAP/E-10.train.out,NASA-SMAP/E-10.train.out,NASA-SMAP,E-10.train.out,2879,0,0.0,0,-0.5873807763104927,0.8085664167943083
data/raw/NASA-SMAP/E-13.train.out,NASA-SMAP/E-13.train.out,NASA-SMAP,E-13.train.out,2879,0,0.0,0,-0.6021356587842586,0.5453085048936696
data/raw/NASA-SMAP/E-4.test.out,NASA-SMAP/E-4.test.out,NASA-SMAP,E-4.test.out,8353,2812,0.33664551658086916,0,-0.17579278914938418,0.33361904939415044
data/raw/NASA-SMAP/D-9.test.out,NASA-SMAP/D-9.test.out,NASA-SMAP,D-9.test.out,7405,1156,0.15611073598919648,0,-0.7531397704253883,0.657904961569109
data/raw/NASA-SMAP/E-12.train.out,NASA-SMAP/E-12.train.out,NASA-SMAP,E-12.train.out,2879,0,0.0,0,-0.5866620354289684,0.8099725503804732
data/raw/NASA-SMAP/F-1.train.out,NASA-SMAP/F-1.train.out,NASA-SMAP,F-1.train.out,2868,0,0.0,0,-0.21867911740815643,0.2194679303510827
data/raw/NASA-SMAP/E-7.train.out,NASA-SMAP/E-7.train.out,NASA-SMAP,E-7.train.out,2768,0,0.0,0,-0.9701276408450705,0.04343910898901877
data/raw/NASA-SMAP/E-2.train.out,NASA-SMAP/E-2.train.out,NASA-SMAP,E-2.train.out,2879,0,0.0,0,-0.40668917492080525,0.5518335685370696
data/raw/NASA-SMAP/F-3.train.out,NASA-SMAP/F-3.train.out,NASA-SMAP,F-3.train.out,2879,0,0.0,0,0.00031904305324158294,0.5774757644177866
data/raw/NASA-SMAP/E-12.test.out,NASA-SMAP/E-12.test.out,NASA-SMAP,E-12.test.out,8511,583,0.06849958876747739,0,-0.6044272118434966,0.7933490556915092
data/raw/NASA-SMAP/E-11.train.out,NASA-SMAP/E-11.train.out,NASA-SMAP,E-11.train.out,2879,0,0.0,0,-0.5871677862724376,0.8089868162370153
data/raw/NASA-SMAP/E-8.train.out,NASA-SMAP/E-8.train.out,NASA-SMAP,E-8.train.out,2879,0,0.0,0,-0.2633124627046708,0.5039748154110977
data/raw/NASA-SMAP/F-2.train.out,NASA-SMAP/F-2.train.out,NASA-SMAP,F-2.train.out,2860,0,0.0,0,-0.45437884731898764,0.17176219960349282
data/raw/NASA-SMAP/F-2.test.out,NASA-SMAP/F-2.test.out,NASA-SMAP,F-2.test.out,8625,2957,0.3428405797101449,0,-0.5134320045920632,0.12340381281497148
data/raw/NASA-SMAP/E-10.test.out,NASA-SMAP/E-10.test.out,NASA-SMAP,E-10.test.out,8504,322,0.03786453433678269,0,-0.5558840621698207,0.8302867947914941
data/raw/NASA-SMAP/E-4.train.out,NASA-SMAP/E-4.train.out,NASA-SMAP,E-4.train.out,2879,0,0.0,0,-0.4229349373537424,0.4444881885565245
data/raw/NASA-SMAP/E-6.train.out,NASA-SMAP/E-6.train.out,NASA-SMAP,E-6.train.out,2879,0,0.0,0,0.991278221604724,0.0033394968523356517
data/raw/NASA-SMAP/E-6.test.out,NASA-SMAP/E-6.test.out,NASA-SMAP,E-6.test.out,8299,66,0.007952765393420894,0,0.9901144522662281,0.07578239300812617
data/raw/NASA-SMAP/F-3.test.out,NASA-SMAP/F-3.test.out,NASA-SMAP,F-3.test.out,8375,41,0.004895522388059702,0,-0.01030139678712131,0.5833713318798425
data/raw/NASA-SMAP/E-9.test.out,NASA-SMAP/E-9.test.out,NASA-SMAP,E-9.test.out,8301,351,0.0422840621611854,0,-0.25767613791926947,0.2622086594147481
data/raw/NASA-SMAP/D-7.test.out,NASA-SMAP/D-7.test.out,NASA-SMAP,D-7.test.out,7641,2702,0.3536186363041487,0,-0.6299240937050125,0.6153262187604429
data/raw/NASA-SMAP/F-1.test.out,NASA-SMAP/F-1.test.out,NASA-SMAP,F-1.test.out,8583,101,0.011767447279506,0,-0.22755389737869894,0.21351768980557098
data/raw/NASA-SMAP/E-9.train.out,NASA-SMAP/E-9.train.out,NASA-SMAP,E-9.train.out,2879,0,0.0,0,-0.10482797510305868,0.521830106683789
data/raw/NASA-SMAP/E-2.test.out,NASA-SMAP/E-2.test.out,NASA-SMAP,E-2.test.out,8531,1398,0.1638729340053921,0,-0.32442421465490046,0.3849797072347428
data/raw/NASA-SMAP/E-3.test.out,NASA-SMAP/E-3.test.out,NASA-SMAP,E-3.test.out,8306,3213,0.38682879845894536,0,0.49511045219597816,0.5459202101270788
data/raw/NASA-SMAP/E-8.test.out,NASA-SMAP/E-8.test.out,NASA-SMAP,E-8.test.out,8531,623,0.07302778103387646,0,-0.3066426726650957,0.32353989679688044
data/raw/NASA-SMAP/D-8.train.out,NASA-SMAP/D-8.train.out,NASA-SMAP,D-8.train.out,2601,0,0.0,0,-1.0,0.0
data/raw/NASA-SMAP/D-6.test.out,NASA-SMAP/D-6.test.out,NASA-SMAP,D-6.test.out,7883,81,0.010275275910186477,0,-0.9968836161290899,0.038996701837894734
data/raw/NASA-SMAP/G-1.test.out,NASA-SMAP/G-1.test.out,NASA-SMAP,G-1.test.out,8468,121,0.014289088332546055,0,0.08438955260100281,0.5001229741145214
data/raw/NASA-SMAP/D-5.train.out,NASA-SMAP/D-5.train.out,NASA-SMAP,D-5.train.out,2560,0,0.0,0,0.9993956314280066,0.0002272511138119625
data/raw/NASA-SMAP/D-6.train.out,NASA-SMAP/D-6.train.out,NASA-SMAP,D-6.train.out,2593,0,0.0,0,-0.0967154386926803,0.44626334028989023
data/raw/NASA-SMAP/E-5.test.out,NASA-SMAP/E-5.test.out,NASA-SMAP,E-5.test.out,8293,321,0.038707343542746894,0,-0.7980224285542024,0.4021000659987997
data/raw/NASA-SMAP/P-4.test.out,NASA-SMAP/P-4.test.out,NASA-SMAP,P-4.test.out,7782,443,0.056926240041120534,0,-0.9961449498843485,0.08772814712529488
data/raw/NASA-SMAP/R-1.train.out,NASA-SMAP/R-1.train.out,NASA-SMAP,R-1.train.out,2873,0,0.0,0,0.9990000000000001,4.386144352436135e-14
data/raw/NASA-SMAP/R-1.test.out,NASA-SMAP/R-1.test.out,NASA-SMAP,R-1.test.out,7243,81,0.01118321137650145,0,0.999723871324037,0.023500156423435822
data/raw/NASA-SMAP/T-2.test.out,NASA-SMAP/T-2.test.out,NASA-SMAP,T-2.test.out,8624,1785,0.2069805194805195,0,0.4834884135484969,0.5759435005708708
data/raw/NASA-SMAP/G-3.train.out,NASA-SMAP/G-3.train.out,NASA-SMAP,G-3.train.out,2623,0,0.0,0,0.987800228745711,0.15575608182385717
data/raw/NASA-SMAP/G-7.test.out,NASA-SMAP/G-7.test.out,NASA-SMAP,G-7.test.out,8028,268,0.03338315894369706,0,0.9761335326357747,0.1739719791073052
data/raw/NASA-SMAP/P-3.test.out,NASA-SMAP/P-3.test.out,NASA-SMAP,P-3.test.out,8492,1336,0.15732454074422986,0,-0.10386276590545929,0.15354499788758225
data/raw/NASA-SMAP/P-2.test.out,NASA-SMAP/P-2.test.out,NASA-SMAP,P-2.test.out,8208,1121,0.13657407407407407,0,-0.8273267562811166,0.34880413005750505
data/raw/NASA-SMAP/T-3.test.out,NASA-SMAP/T-3.test.out,NASA-SMAP,T-3.test.out,8578,184,0.021450221496852412,0,0.9797720944269609,0.03300129996293634
data/raw/NASA-SMAP/P-1.train.out,NASA-SMAP/P-1.train.out,NASA-SMAP,P-1.train.out,2871,0,0.0,0,-0.4271410360570139,0.402902186758412
data/raw/NASA-SMAP/G-1.train.out,NASA-SMAP/G-1.train.out,NASA-SMAP,G-1.train.out,2819,0,0.0,0,0.07966015874954509,0.49806066758077033
data/raw/NASA-SMAP/G-7.train.out,NASA-SMAP/G-7.train.out,NASA-SMAP,G-7.train.out,2445,0,0.0,0,0.9841854124062713,0.176148263527215
data/raw/NASA-SMAP/G-4.test.out,NASA-SMAP/G-4.test.out,NASA-SMAP,G-4.test.out,7631,31,0.004062377145852444,0,0.9943939195387237,0.03344715100869359
data/raw/NASA-SMAP/G-6.test.out,NASA-SMAP/G-6.test.out,NASA-SMAP,G-6.test.out,8639,101,0.011691167959254543,0,0.19112758330847157,0.7803877094229819
data/raw/NASA-SMAP/G-6.train.out,NASA-SMAP/G-6.train.out,NASA-SMAP,G-6.train.out,2880,0,0.0,0,0.0006899920401335259,0.5776552069950772
data/raw/NASA-SMAP/G-2.train.out,NASA-SMAP/G-2.train.out,NASA-SMAP,G-2.train.out,2477,0,0.0,0,-1.0,0.0
data/raw/NASA-SMAP/P-7.test.out,NASA-SMAP/P-7.test.out,NASA-SMAP,P-7.test.out,8070,1651,0.20458488228004956,0,0.044500941482304136,0.24453562043339447
data/raw/NASA-SMAP/S-1.train.out,NASA-SMAP/S-1.train.out,NASA-SMAP,S-1.train.out,2817,0,0.0,0,-0.11527562553797749,0.45089243514169747
data/raw/NASA-SMAP/G-4.train.out,NASA-SMAP/G-4.train.out,NASA-SMAP,G-4.train.out,2550,0,0.0,0,0.994643137254902,0.008858445111022448
data/raw/NASA-SMAP/T-3.train.out,NASA-SMAP/T-3.train.out,NASA-SMAP,T-3.train.out,2875,0,0.0,0,0.9768536518952671,0.015539320451337773
data/raw/NASA-SMAP/T-1.test.out,NASA-SMAP/T-1.test.out,NASA-SMAP,T-1.test.out,8611,1536,0.178376495180583,0,0.48525950084429126,0.5726368611255162
data/raw/NASA-SMAP/T-1.train.out,NASA-SMAP/T-1.train.out,NASA-SMAP,T-1.train.out,2874,0,0.0,0,0.5766804176799684,0.6076702600212226
data/raw/NASA-SMAP/G-2.test.out,NASA-SMAP/G-2.test.out,NASA-SMAP,G-2.test.out,7360,41,0.005570652173913043,0,-0.9997282608695652,0.023312620206008307
data/raw/NASA-SMAP/P-3.train.out,NASA-SMAP/P-3.train.out,NASA-SMAP,P-3.train.out,2854,0,0.0,0,-0.13993961703842026,0.29501339188645853
data/raw/NASA-SMAP/G-3.test.out,NASA-SMAP/G-3.test.out,NASA-SMAP,G-3.test.out,7906,51,0.006450796863141917,0,0.9996964330887934,0.02293811336692955
data/raw/NASA-SMAP/P-4.train.out,NASA-SMAP/P-4.train.out,NASA-SMAP,P-4.train.out,2608,0,0.0,0,-1.0,0.0
data/raw/NASA-SMAP/P-2.train.out,NASA-SMAP/P-2.train.out,NASA-SMAP,P-2.train.out,2820,0,0.0,0,-0.943314763555874,0.02837394439717049
data/raw/NASA-SMAP/S-1.test.out,NASA-SMAP/S-1.test.out,NASA-SMAP,S-1.test.out,7330,448,0.06111869031377899,0,-0.1568145790736829,0.4614160740052273
data/raw/NASA-SMAP/P-7.train.out,NASA-SMAP/P-7.train.out,NASA-SMAP,P-7.train.out,2852,0,0.0,0,0.005376224060317912,0.24092519209268193
data/raw/NASA-SMAP/T-2.train.out,NASA-SMAP/T-2.train.out,NASA-SMAP,T-2.train.out,2854,0,0.0,0,0.579431563369908,0.6085135195320862
data/raw/NASA-SMAP/P-1.test.out,NASA-SMAP/P-1.test.out,NASA-SMAP,P-1.test.out,8504,751,0.08831138287864534,0,-0.40901556900272007,0.40569512401172764
data/raw/SensorScope/stb-13.test.out,SensorScope/stb-13.test.out,SensorScope,stb-13.test.out,29516,7020,0.237837105298821,0,3.2260270700636946,5.179605736273887
data/raw/SensorScope/stb-14.test.out,SensorScope/stb-14.test.out,SensorScope,stb-14.test.out,29517,7020,0.2378290476674459,0,2.4584859572449775,5.101099486441411
data/raw/SensorScope/stb-10.test.out,SensorScope/stb-10.test.out,SensorScope,stb-10.test.out,29517,6559,0.22221092929498254,0,2.7615524951722734,5.09500050464775
data/raw/SensorScope/stb-12.test.out,SensorScope/stb-12.test.out,SensorScope,stb-12.test.out,29516,6860,0.23241631657406153,0,2.911555766364006,5.208385680439936
data/raw/SensorScope/stb-11.test.out,SensorScope/stb-11.test.out,SensorScope,stb-11.test.out,29516,6291,0.2131386366716357,0,2.997613215442472,4.946730572433153
data/raw/SensorScope/stb-15.test.out,SensorScope/stb-15.test.out,SensorScope,stb-15.test.out,30492,8543,0.28017184835366654,0,3.8432521645021636,5.043055975660878
data/raw/SensorScope/stb-18.test.out,SensorScope/stb-18.test.out,SensorScope,stb-18.test.out,25282,5593,0.2212245866624476,0,2.368756823036152,5.444701250127103
data/raw/SensorScope/stb-6.test.out,SensorScope/stb-6.test.out,SensorScope,stb-6.test.out,25817,6053,0.23445791532711005,0,1.9720490374559398,5.321862749403234
data/raw/SensorScope/stb-31.test.out,SensorScope/stb-31.test.out,SensorScope,stb-31.test.out,20733,4242,0.20460136015048475,0,2.718529879901606,4.823903061895676
data/raw/SensorScope/stb-2.test.out,SensorScope/stb-2.test.out,SensorScope,stb-2.test.out,29552,3777,0.12780860855441256,0,2.3101106524093122,7.827827509356637
data/raw/SensorScope/stb-28.test.out,SensorScope/stb-28.test.out,SensorScope,stb-28.test.out,20733,4466,0.21540539236965225,0,2.976821733468384,4.862780798028485
data/raw/SensorScope/stb-20.test.out,SensorScope/stb-20.test.out,SensorScope,stb-20.test.out,29517,6712,0.227394382897991,0,2.40875326083274,5.114089551753397
data/raw/SensorScope/stb-32.test.out,SensorScope/stb-32.test.out,SensorScope,stb-32.test.out,20732,4415,0.2129558170943469,0,2.505082722361567,4.799912508111986
data/raw/SensorScope/stb-19.test.out,SensorScope/stb-19.test.out,SensorScope,stb-19.test.out,30492,8248,0.27049717958808867,0,1.424434933753116,7.387420294366633
data/raw/SensorScope/stb-17.test.out,SensorScope/stb-17.test.out,SensorScope,stb-17.test.out,25295,6037,0.23866376754299268,0,1.5961648547143705,5.685555819372261
data/raw/SensorScope/stb-7.test.out,SensorScope/stb-7.test.out,SensorScope,stb-7.test.out,24905,7196,0.288937964264204,0,1.8697123067657095,5.5323604264551856
data/raw/SensorScope/stb-25.test.out,SensorScope/stb-25.test.out,SensorScope,stb-25.test.out,20733,4485,0.21632180581681376,0,2.752908648049004,4.827709893659137
data/raw/SensorScope/stb-4.test.out,SensorScope/stb-4.test.out,SensorScope,stb-4.test.out,30355,6517,0.2146928018448361,0,1.7205682754076759,5.059739725035652
data/raw/SensorScope/stb-3.test.out,SensorScope/stb-3.test.out,SensorScope,stb-3.test.out,30355,6787,0.22358754735628397,0,2.5672518530719812,5.288809987996762
data/raw/SensorScope/stb-29.test.out,SensorScope/stb-29.test.out,SensorScope,stb-29.test.out,20733,3055,0.14734963584623548,0,3.103907779867844,4.508302894707822
data/raw/SensorScope/stb-5.test.out,SensorScope/stb-5.test.out,SensorScope,stb-5.test.out,29519,5910,0.2002100342152512,0,2.599108709644636,5.686378061237228
data/raw/SensorScope/stb-8.test.out,SensorScope/stb-8.test.out,SensorScope,stb-8.test.out,29518,7120,0.241208753980622,0,2.8985090453282742,5.020250247897572
data/raw/SensorScope/stb-9.test.out,SensorScope/stb-9.test.out,SensorScope,stb-9.test.out,29516,7633,0.2586055021005556,0,1.6294098116275917,6.6797935602895935
data/raw/KDD21/008_UCR_Anomaly_DISTORTEDCIMIS44AirTemperature4_4000_5549_5597.out,KDD21/008_UCR_Anomaly_DISTORTEDCIMIS44AirTemperature4_4000_5549_5597.out,KDD21,008_UCR_Anomaly_DISTORTEDCIMIS44AirTemperature4_4000_5549_5597.out,8183,48,0.005865819381644873,0,15.162938216937555,5.625457186094172
data/raw/KDD21/011_UCR_Anomaly_DISTORTEDECG1_10000_11800_12100.out,KDD21/011_UCR_Anomaly_DISTORTEDECG1_10000_11800_12100.out,KDD21,011_UCR_Anomaly_DISTORTEDECG1_10000_11800_12100.out,29999,300,0.010000333344444815,0,0.5457457016858598,13.692999094406607
data/raw/KDD21/010_UCR_Anomaly_DISTORTEDCIMIS44AirTemperature6_4000_6006_6054.out,KDD21/010_UCR_Anomaly_DISTORTEDCIMIS44AirTemperature6_4000_6006_6054.out,KDD21,010_UCR_Anomaly_DISTORTEDCIMIS44AirTemperature6_4000_6006_6054.out,8183,48,0.005865819381644873,0,15.296978785604301,5.591620015961045
data/raw/KDD21/005_UCR_Anomaly_DISTORTEDCIMIS44AirTemperature1_4000_5391_5392.out,KDD21/005_UCR_Anomaly_DISTORTEDCIMIS44AirTemperature1_4000_5391_5392.out,KDD21,005_UCR_Anomaly_DISTORTEDCIMIS44AirTemperature1_4000_5391_5392.out,8183,1,0.00012220457045093486,0,15.196756182854697,5.660378200526186
data/raw/KDD21/001_UCR_Anomaly_DISTORTED1sddb40_35000_52000_52620.out,KDD21/001_UCR_Anomaly_DISTORTED1sddb40_35000_52000_52620.out,KDD21,001_UCR_Anomaly_DISTORTED1sddb40_35000_52000_52620.out,79794,620,0.00777000777000777,0,-27.143138602135515,175.4788333916873
data/raw/KDD21/004_UCR_Anomaly_DISTORTEDBIDMC1_2500_5400_5600.out,KDD21/004_UCR_Anomaly_DISTORTEDBIDMC1_2500_5400_5600.out,KDD21,004_UCR_Anomaly_DISTORTEDBIDMC1_2500_5400_5600.out,10999,200,0.018183471224656786,0,1131.3052125474253,9315.567677318964
data/raw/KDD21/012_UCR_Anomaly_DISTORTEDECG2_15000_16000_16100.out,KDD21/012_UCR_Anomaly_DISTORTEDECG2_15000_16000_16100.out,KDD21,012_UCR_Anomaly_DISTORTEDECG2_15000_16000_16100.out,29999,100,0.0033334444481482716,0,0.5286227833962155,13.629767808148419
data/raw/KDD21/007_UCR_Anomaly_DISTORTEDCIMIS44AirTemperature3_4000_6520_6544.out,KDD21/007_UCR_Anomaly_DISTORTEDCIMIS44AirTemperature3_4000_6520_6544.out,KDD21,007_UCR_Anomaly_DISTORTEDCIMIS44AirTemperature3_4000_6520_6544.out,8183,24,0.0029329096908224366,0,15.374607593119883,5.651213847131546
data/raw/KDD21/003_UCR_Anomaly_DISTORTED3sddb40_35000_46600_46900.out,KDD21/003_UCR_Anomaly_DISTORTED3sddb40_35000_46600_46900.out,KDD21,003_UCR_Anomaly_DISTORTED3sddb40_35000_46600_46900.out,79999,300,0.003750046875585945,0,-24.827058722432803,172.60309940378295
data/raw/KDD21/006_UCR_Anomaly_DISTORTEDCIMIS44AirTemperature2_4000_5703_5727.out,KDD21/006_UCR_Anomaly_DISTORTEDCIMIS44AirTemperature2_4000_5703_5727.out,KDD21,006_UCR_Anomaly_DISTORTEDCIMIS44AirTemperature2_4000_5703_5727.out,8183,24,0.0029329096908224366,0,15.2492672754491,5.641539279548827
data/raw/KDD21/009_UCR_Anomaly_DISTORTEDCIMIS44AirTemperature5_4000_4852_4900.out,KDD21/009_UCR_Anomaly_DISTORTEDCIMIS44AirTemperature5_4000_4852_4900.out,KDD21,009_UCR_Anomaly_DISTORTEDCIMIS44AirTemperature5_4000_4852_4900.out,8183,48,0.005865819381644873,0,15.211656389563728,5.579211151701298
data/raw/KDD21/002_UCR_Anomaly_DISTORTED2sddb40_35000_56600_56900.out,KDD21/002_UCR_Anomaly_DISTORTED2sddb40_35000_56600_56900.out,KDD21,002_UCR_Anomaly_DISTORTED2sddb40_35000_56600_56900.out,80000,300,0.00375,0,-25.14062335521097,173.01914544267723
data/raw/KDD21/022_UCR_Anomaly_DISTORTEDGP711MarkerLFM5z4_4000_6527_6645.out,KDD21/022_UCR_Anomaly_DISTORTEDGP711MarkerLFM5z4_4000_6527_6645.out,KDD21,022_UCR_Anomaly_DISTORTEDGP711MarkerLFM5z4_4000_6527_6645.out,11999,118,0.009834152846070506,0,0.06102818974247854,0.029122529506981503
data/raw/KDD21/018_UCR_Anomaly_DISTORTEDECG4_8000_17000_17100.out,KDD21/018_UCR_Anomaly_DISTORTEDECG4_8000_17000_17100.out,KDD21,018_UCR_Anomaly_DISTORTEDECG4_8000_17000_17100.out,29999,100,0.0033334444481482716,0,0.2458803053933514,30.61774433182628
data/raw/KDD21/026_UCR_Anomaly_DISTORTEDInternalBleeding15_1700_5684_5854.out,KDD21/026_UCR_Anomaly_DISTORTEDInternalBleeding15_1700_5684_5854.out,KDD21,026_UCR_Anomaly_DISTORTEDInternalBleeding15_1700_5684_5854.out,7600,170,0.02236842105263158,0,53.90846959039474,10.011198301771891
data/raw/KDD21/028_UCR_Anomaly_DISTORTEDInternalBleeding17_1600_3198_3309.out,KDD21/028_UCR_Anomaly_DISTORTEDInternalBleeding17_1600_3198_3309.out,KDD21,028_UCR_Anomaly_DISTORTEDInternalBleeding17_1600_3198_3309.out,7499,111,0.01480197359647953,0,71.56832372462995,13.243082117339023
data/raw/KDD21/030_UCR_Anomaly_DISTORTEDInternalBleeding19_3000_4187_4197.out,KDD21/030_UCR_Anomaly_DISTORTEDInternalBleeding19_3000_4187_4197.out,KDD21,030_UCR_Anomaly_DISTORTEDInternalBleeding19_3000_4187_4197.out,7499,10,0.0013335111348179757,0,71.79925395959462,13.194886082171939
data/raw/KDD21/023_UCR_Anomaly_DISTORTEDGP711MarkerLFM5z5_5000_8612_8716.out,KDD21/023_UCR_Anomaly_DISTORTEDGP711MarkerLFM5z5_5000_8612_8716.out,KDD21,023_UCR_Anomaly_DISTORTEDGP711MarkerLFM5z5_5000_8612_8716.out,11999,104,0.00866738894907909,0,0.06111230476673056,0.02927003398294495
data/raw/KDD21/020_UCR_Anomaly_DISTORTEDGP711MarkerLFM5z2_5000_7175_7388.out,KDD21/020_UCR_Anomaly_DISTORTEDGP711MarkerLFM5z2_5000_7175_7388.out,KDD21,020_UCR_Anomaly_DISTORTEDGP711MarkerLFM5z2_5000_7175_7388.out,11999,213,0.01775147928994083,0,0.06108124155429619,0.02877122420092013
data/raw/KDD21/027_UCR_Anomaly_DISTORTEDInternalBleeding16_1200_4187_4199.out,KDD21/027_UCR_Anomaly_DISTORTEDInternalBleeding16_1200_4187_4199.out,KDD21,027_UCR_Anomaly_DISTORTEDInternalBleeding16_1200_4187_4199.out,7500,12,0.0016,0,71.71723187893332,13.222112488730152
data/raw/KDD21/021_UCR_Anomaly_DISTORTEDGP711MarkerLFM5z3_5000_5948_5993.out,KDD21/021_UCR_Anomaly_DISTORTEDGP711MarkerLFM5z3_5000_5948_5993.out,KDD21,021_UCR_Anomaly_DISTORTEDGP711MarkerLFM5z3_5000_5948_5993.out,11999,45,0.003750312526043837,0,0.061385071944412034,0.02903361408745677
data/raw/KDD21/031_UCR_Anomaly_DISTORTEDInternalBleeding20_2700_5759_5919.out,KDD21/031_UCR_Anomaly_DISTORTEDInternalBleeding20_2700_5759_5919.out,KDD21,031_UCR_Anomaly_DISTORTEDInternalBleeding20_2700_5759_5919.out,7499,160,0.02133617815708761,0,71.88596045286037,13.029562349419855
data/raw/KDD21/016_UCR_Anomaly_DISTORTEDECG4_5000_16900_17100.out,KDD21/016_UCR_Anomaly_DISTORTEDECG4_5000_16900_17100.out,KDD21,016_UCR_Anomaly_DISTORTEDECG4_5000_16900_17100.out,29999,200,0.006666888896296543,0,0.364725379331371,30.829921038903848
data/raw/KDD21/025_UCR_Anomaly_DISTORTEDInternalBleeding14_2800_5607_5634.out,KDD21/025_UCR_Anomaly_DISTORTEDInternalBleeding14_2800_5607_5634.out,KDD21,025_UCR_Anomaly_DISTORTEDInternalBleeding14_2800_5607_5634.out,7500,27,0.0036,0,84.88185041573334,10.512799423860912
data/raw/KDD21/024_UCR_Anomaly_DISTORTEDInternalBleeding10_3200_4526_4556.out,KDD21/024_UCR_Anomaly_DISTORTEDInternalBleeding10_3200_4526_4556.out,KDD21,024_UCR_Anomaly_DISTORTEDInternalBleeding10_3200_4526_4556.out,7500,30,0.004,0,84.74570535946667,10.555270966323318
data/raw/KDD21/013_UCR_Anomaly_DISTORTEDECG3_15000_16000_16100.out,KDD21/013_UCR_Anomaly_DISTORTEDECG3_15000_16000_16100.out,KDD21,013_UCR_Anomaly_DISTORTEDECG3_15000_16000_16100.out,29999,100,0.0033334444481482716,0,0.39176218010912256,30.696873728535405
data/raw/KDD21/014_UCR_Anomaly_DISTORTEDECG3_8000_17000_17100.out,KDD21/014_UCR_Anomaly_DISTORTEDECG3_8000_17000_17100.out,KDD21,014_UCR_Anomaly_DISTORTEDECG3_8000_17000_17100.out,29999,100,0.0033334444481482716,0,0.1357667410021937,30.60054305387191
data/raw/KDD21/015_UCR_Anomaly_DISTORTEDECG4_5000_16800_17100.out,KDD21/015_UCR_Anomaly_DISTORTEDECG4_5000_16800_17100.out,KDD21,015_UCR_Anomaly_DISTORTEDECG4_5000_16800_17100.out,199999,300,0.0015000075000375002,0,-421.89016400767724,917.7273597302396
data/raw/KDD21/017_UCR_Anomaly_DISTORTEDECG4_5000_17000_17100.out,KDD21/017_UCR_Anomaly_DISTORTEDECG4_5000_17000_17100.out,KDD21,017_UCR_Anomaly_DISTORTEDECG4_5000_17000_17100.out,29999,100,0.0033334444481482716,0,0.12719799857373842,30.77673598170957
data/raw/KDD21/029_UCR_Anomaly_DISTORTEDInternalBleeding18_2300_4485_4587.out,KDD21/029_UCR_Anomaly_DISTORTEDInternalBleeding18_2300_4485_4587.out,KDD21,029_UCR_Anomaly_DISTORTEDInternalBleeding18_2300_4485_4587.out,7499,102,0.013601813575143352,0,71.52724755194028,13.154571848273632
data/raw/KDD21/019_UCR_Anomaly_DISTORTEDGP711MarkerLFM5z1_5000_6168_6212.out,KDD21/019_UCR_Anomaly_DISTORTEDGP711MarkerLFM5z1_5000_6168_6212.out,KDD21,019_UCR_Anomaly_DISTORTEDGP711MarkerLFM5z1_5000_6168_6212.out,11999,44,0.0036669722476873074,0,0.061214599150012504,0.02899057262527481
data/raw/KDD21/034_UCR_Anomaly_DISTORTEDInternalBleeding6_1500_3474_3629.out,KDD21/034_UCR_Anomaly_DISTORTEDInternalBleeding6_1500_3474_3629.out,KDD21,034_UCR_Anomaly_DISTORTEDInternalBleeding6_1500_3474_3629.out,7653,155,0.020253495361296225,0,61.6063922209591,11.21506290754567
data/raw/KDD21/032_UCR_Anomaly_DISTORTEDInternalBleeding4_1000_4675_5033.out,KDD21/032_UCR_Anomaly_DISTORTEDInternalBleeding4_1000_4675_5033.out,KDD21,032_UCR_Anomaly_DISTORTEDInternalBleeding4_1000_4675_5033.out,7320,358,0.04890710382513661,0,63.505675616666664,11.07497507144015
data/raw/KDD21/037_UCR_Anomaly_DISTORTEDLab2Cmac011215EPG1_5000_17210_17260.out,KDD21/037_UCR_Anomaly_DISTORTEDLab2Cmac011215EPG1_5000_17210_17260.out,KDD21,037_UCR_Anomaly_DISTORTEDLab2Cmac011215EPG1_5000_17210_17260.out,30000,50,0.0016666666666666668,0,0.22580841123443332,0.023484466110013796
data/raw/KDD21/042_UCR_Anomaly_DISTORTEDLab2Cmac011215EPG6_7000_12190_12420.out,KDD21/042_UCR_Anomaly_DISTORTEDLab2Cmac011215EPG6_7000_12190_12420.out,KDD21,042_UCR_Anomaly_DISTORTEDLab2Cmac011215EPG6_7000_12190_12420.out,29858,230,0.0077031281398620135,0,0.22585654196530244,0.023149668599441932
data/raw/KDD21/054_UCR_Anomaly_DISTORTEDWalkingAceleration5_2700_5920_5979.out,KDD21/054_UCR_Anomaly_DISTORTEDWalkingAceleration5_2700_5920_5979.out,KDD21,054_UCR_Anomaly_DISTORTEDWalkingAceleration5_2700_5920_5979.out,6683,59,0.00882837049229388,0,-2.7330568148308245,1.1976066691483123
data/raw/KDD21/047_UCR_Anomaly_DISTORTEDPowerDemand4_18000_24005_24077.out,KDD21/047_UCR_Anomaly_DISTORTEDPowerDemand4_18000_24005_24077.out,KDD21,047_UCR_Anomaly_DISTORTEDPowerDemand4_18000_24005_24077.out,29930,72,0.002405613097226863,0,179.5546506345473,46.40027176317474
data/raw/KDD21/036_UCR_Anomaly_DISTORTEDInternalBleeding9_4200_6599_6681.out,KDD21/036_UCR_Anomaly_DISTORTEDInternalBleeding9_4200_6599_6681.out,KDD21,036_UCR_Anomaly_DISTORTEDInternalBleeding9_4200_6599_6681.out,7500,82,0.010933333333333333,0,75.83320826946667,10.498872124837625
data/raw/KDD21/049_UCR_Anomaly_DISTORTEDTkeepFirstMARS_3500_5365_5380.out,KDD21/049_UCR_Anomaly_DISTORTEDTkeepFirstMARS_3500_5365_5380.out,KDD21,049_UCR_Anomaly_DISTORTEDTkeepFirstMARS_3500_5365_5380.out,11405,15,0.00131521262604121,0,0.504234618644056,0.58537840440352
data/raw/KDD21/050_UCR_Anomaly_DISTORTEDTkeepForthMARS_3500_5988_6085.out,KDD21/050_UCR_Anomaly_DISTORTEDTkeepForthMARS_3500_5988_6085.out,KDD21,050_UCR_Anomaly_DISTORTEDTkeepForthMARS_3500_5988_6085.out,11307,97,0.00857875652250818,0,0.5017966818075758,0.5861525238854133
data/raw/KDD21/051_UCR_Anomaly_DISTORTEDTkeepSecondMARS_3500_9330_9340.out,KDD21/051_UCR_Anomaly_DISTORTEDTkeepSecondMARS_3500_9330_9340.out,KDD21,051_UCR_Anomaly_DISTORTEDTkeepSecondMARS_3500_9330_9340.out,11387,10,0.0008781944322472996,0,0.4980807998984281,0.5882681933731864
data/raw/KDD21/052_UCR_Anomaly_DISTORTEDTkeepThirdMARS_3500_4711_4809.out,KDD21/052_UCR_Anomaly_DISTORTEDTkeepThirdMARS_3500_4711_4809.out,KDD21,052_UCR_Anomaly_DISTORTEDTkeepThirdMARS_3500_4711_4809.out,11307,98,0.008667197311400018,0,0.5189255748252648,0.5920103762924694
data/raw/KDD21/041_UCR_Anomaly_DISTORTEDLab2Cmac011215EPG5_7000_17390_17520.out,KDD21/041_UCR_Anomaly_DISTORTEDLab2Cmac011215EPG5_7000_17390_17520.out,KDD21,041_UCR_Anomaly_DISTORTEDLab2Cmac011215EPG5_7000_17390_17520.out,29825,130,0.0043587594300083824,0,0.2256715694450964,0.023217858938970524
data/raw/KDD21/044_UCR_Anomaly_DISTORTEDPowerDemand1_9000_18485_18821.out,KDD21/044_UCR_Anomaly_DISTORTEDPowerDemand1_9000_18485_18821.out,KDD21,044_UCR_Anomaly_DISTORTEDPowerDemand1_9000_18485_18821.out,29930,336,0.01122619445372536,0,179.6907706195456,46.15072154318322
data/raw/KDD21/046_UCR_Anomaly_DISTORTEDPowerDemand3_16000_23405_23477.out,KDD21/046_UCR_Anomaly_DISTORTEDPowerDemand3_16000_23405_23477.out,KDD21,046_UCR_Anomaly_DISTORTEDPowerDemand3_16000_23405_23477.out,29930,72,0.002405613097226863,0,179.3328286625125,46.61802747715029
data/raw/KDD21/043_UCR_Anomaly_DISTORTEDMesoplodonDensirostris_10000_19280_19440.out,KDD21/043_UCR_Anomaly_DISTORTEDMesoplodonDensirostris_10000_19280_19440.out,KDD21,043_UCR_Anomaly_DISTORTEDMesoplodonDensirostris_10000_19280_19440.out,24666,160,0.0064866618016703155,0,8.82503440426498,0.6823538310908092
data/raw/KDD21/040_UCR_Anomaly_DISTORTEDLab2Cmac011215EPG4_6000_17390_17520.out,KDD21/040_UCR_Anomaly_DISTORTEDLab2Cmac011215EPG4_6000_17390_17520.out,KDD21,040_UCR_Anomaly_DISTORTEDLab2Cmac011215EPG4_6000_17390_17520.out,30065,130,0.00432396474305671,0,0.22605267464160986,0.023289424250609626
data/raw/KDD21/048_UCR_Anomaly_DISTORTEDTkeepFifthMARS_3500_5988_6085.out,KDD21/048_UCR_Anomaly_DISTORTEDTkeepFifthMARS_3500_5988_6085.out,KDD21,048_UCR_Anomaly_DISTORTEDTkeepFifthMARS_3500_5988_6085.out,11333,97,0.008559075266919616,0,0.5017183093417821,0.5903393539183377
data/raw/KDD21/039_UCR_Anomaly_DISTORTEDLab2Cmac011215EPG3_5000_16390_16420.out,KDD21/039_UCR_Anomaly_DISTORTEDLab2Cmac011215EPG3_5000_16390_16420.out,KDD21,039_UCR_Anomaly_DISTORTEDLab2Cmac011215EPG3_5000_16390_16420.out,29949,30,0.0010017028949213663,0,0.22596549105879996,0.023336351898210633
data/raw/KDD21/045_UCR_Anomaly_DISTORTEDPowerDemand2_14000_23357_23717.out,KDD21/045_UCR_Anomaly_DISTORTEDPowerDemand2_14000_23357_23717.out,KDD21,045_UCR_Anomaly_DISTORTEDPowerDemand2_14000_23357_23717.out,29930,360,0.012028065486134313,0,179.1073304543936,46.42170989908039
data/raw/KDD21/038_UCR_Anomaly_DISTORTEDLab2Cmac011215EPG2_5000_27862_27932.out,KDD21/038_UCR_Anomaly_DISTORTEDLab2Cmac011215EPG2_5000_27862_27932.out,KDD21,038_UCR_Anomaly_DISTORTEDLab2Cmac011215EPG2_5000_27862_27932.out,29949,70,0.0023373067548165213,0,0.22588033932318274,0.023320370463966875
data/raw/KDD21/033_UCR_Anomaly_DISTORTEDInternalBleeding5_4000_6200_6370.out,KDD21/033_UCR_Anomaly_DISTORTEDInternalBleeding5_4000_6200_6370.out,KDD21,033_UCR_Anomaly_DISTORTEDInternalBleeding5_4000_6200_6370.out,7414,170,0.02292959266253035,0,53.9262917120313,10.005085960725232
data/raw/KDD21/053_UCR_Anomaly_DISTORTEDWalkingAceleration1_1500_2764_2995.out,KDD21/053_UCR_Anomaly_DISTORTEDWalkingAceleration1_1500_2764_2995.out,KDD21,053_UCR_Anomaly_DISTORTEDWalkingAceleration1_1500_2764_2995.out,6683,231,0.03456531497830316,0,-2.6888418689618283,1.1515191203582702
data/raw/KDD21/035_UCR_Anomaly_DISTORTEDInternalBleeding8_2500_5865_5974.out,KDD21/035_UCR_Anomaly_DISTORTEDInternalBleeding8_2500_5865_5974.out,KDD21,035_UCR_Anomaly_DISTORTEDInternalBleeding8_2500_5865_5974.out,7500,109,0.014533333333333334,0,73.09072090106666,14.61005890942496
data/raw/KDD21/068_UCR_Anomaly_DISTORTEDinsectEPG4_1300_6508_6558.out,KDD21/068_UCR_Anomaly_DISTORTEDinsectEPG4_1300_6508_6558.out,KDD21,068_UCR_Anomaly_DISTORTEDinsectEPG4_1300_6508_6558.out,9997,50,0.00500150045013504,0,0.05341220532138141,0.2018402202042634
data/raw/KDD21/058_UCR_Anomaly_DISTORTEDapneaecg_10000_12240_12308.out,KDD21/058_UCR_Anomaly_DISTORTEDapneaecg_10000_12240_12308.out,KDD21,058_UCR_Anomaly_DISTORTEDapneaecg_10000_12240_12308.out,38500,68,0.0017662337662337662,0,-1.8687683545439353,75.13109094390845
data/raw/KDD21/065_UCR_Anomaly_DISTORTEDinsectEPG1_3000_7000_7030.out,KDD21/065_UCR_Anomaly_DISTORTEDinsectEPG1_3000_7000_7030.out,KDD21,065_UCR_Anomaly_DISTORTEDinsectEPG1_3000_7000_7030.out,10000,30,0.003,0,0.05054768585344662,0.2024275596680528
data/raw/KDD21/061_UCR_Anomaly_DISTORTEDgait3_24500_59900_60500.out,KDD21/061_UCR_Anomaly_DISTORTEDgait3_24500_59900_60500.out,KDD21,061_UCR_Anomaly_DISTORTEDgait3_24500_59900_60500.out,64999,600,0.009230911244788382,0,-469.86726031931124,1042.5763418110157
data/raw/KDD21/062_UCR_Anomaly_DISTORTEDgaitHunt1_18500_33070_33180.out,KDD21/062_UCR_Anomaly_DISTORTEDgaitHunt1_18500_33070_33180.out,KDD21,062_UCR_Anomaly_DISTORTEDgaitHunt1_18500_33070_33180.out,63999,110,0.0017187768558883732,0,-716.8439314471995,882.9080675968943
data/raw/KDD21/067_UCR_Anomaly_DISTORTEDinsectEPG3_5200_7000_7050.out,KDD21/067_UCR_Anomaly_DISTORTEDinsectEPG3_5200_7000_7050.out,KDD21,067_UCR_Anomaly_DISTORTEDinsectEPG3_5200_7000_7050.out,9997,50,0.00500150045013504,0,0.05092559305892668,0.20240593472537638
data/raw/KDD21/057_UCR_Anomaly_DISTORTEDapneaecg4_6000_16000_16100.out,KDD21/057_UCR_Anomaly_DISTORTEDapneaecg4_6000_16000_16100.out,KDD21,057_UCR_Anomaly_DISTORTEDapneaecg4_6000_16000_16100.out,38268,100,0.002613149367617853,0,-0.8224961250032267,75.39595775327749
data/raw/KDD21/059_UCR_Anomaly_DISTORTEDgait1_20000_38500_38800.out,KDD21/059_UCR_Anomaly_DISTORTEDgait1_20000_38500_38800.out,KDD21,059_UCR_Anomaly_DISTORTEDgait1_20000_38500_38800.out,64999,300,0.004615455622394191,0,-472.19270326212114,1038.1894887952453
data/raw/KDD21/055_UCR_Anomaly_DISTORTEDapneaecg2_10000_20950_21100.out,KDD21/055_UCR_Anomaly_DISTORTEDapneaecg2_10000_20950_21100.out,KDD21,055_UCR_Anomaly_DISTORTEDapneaecg2_10000_20950_21100.out,38500,150,0.003896103896103896,0,-1.3325063837909743,75.27394859401407
data/raw/KDD21/066_UCR_Anomaly_DISTORTEDinsectEPG2_3700_8000_8025.out,KDD21/066_UCR_Anomaly_DISTORTEDinsectEPG2_3700_8000_8025.out,KDD21,066_UCR_Anomaly_DISTORTEDinsectEPG2_3700_8000_8025.out,9997,25,0.00250075022506752,0,0.04551265061247374,0.2022605643066392
data/raw/KDD21/060_UCR_Anomaly_DISTORTEDgait2_22000_46500_46800.out,KDD21/060_UCR_Anomaly_DISTORTEDgait2_22000_46500_46800.out,KDD21,060_UCR_Anomaly_DISTORTEDgait2_22000_46500_46800.out,64999,300,0.004615455622394191,0,-471.07167953382856,1032.3065048431006
data/raw/KDD21/064_UCR_Anomaly_DISTORTEDgaitHunt3_23400_38400_39200.out,KDD21/064_UCR_Anomaly_DISTORTEDgaitHunt3_23400_38400_39200.out,KDD21,064_UCR_Anomaly_DISTORTEDgaitHunt3_23400_38400_39200.out,63999,800,0.012500195315551806,0,-726.1285842360554,891.603735597085
data/raw/KDD21/063_UCR_Anomaly_DISTORTEDgaitHunt2_18500_31200_31850.out,KDD21/063_UCR_Anomaly_DISTORTEDgaitHunt2_18500_31200_31850.out,KDD21,063_UCR_Anomaly_DISTORTEDgaitHunt2_18500_31200_31850.out,63999,650,0.010156408693885842,0,-722.0771346165754,879.6175298403252
data/raw/KDD21/056_UCR_Anomaly_DISTORTEDapneaecg3_5000_11111_11211.out,KDD21/056_UCR_Anomaly_DISTORTEDapneaecg3_5000_11111_11211.out,KDD21,056_UCR_Anomaly_DISTORTEDapneaecg3_5000_11111_11211.out,38378,100,0.002605659492417531,0,-1.9480931998861126,75.24241681264921
data/raw/KDD21/076_UCR_Anomaly_DISTORTEDresperation10_48000_130700_131880.out,KDD21/076_UCR_Anomaly_DISTORTEDresperation10_48000_130700_131880.out,KDD21,076_UCR_Anomaly_DISTORTEDresperation10_48000_130700_131880.out,194999,1180,0.006051313083656839,0,-421.42973336304544,922.7604217720383
data/raw/KDD21/070_UCR_Anomaly_DISTORTEDltstdbs30791AI_17555_52600_52800.out,KDD21/070_UCR_Anomaly_DISTORTEDltstdbs30791AI_17555_52600_52800.out,KDD21,070_UCR_Anomaly_DISTORTEDltstdbs30791AI_17555_52600_52800.out,56122,200,0.003563664872955347,0,-0.4387706912177326,41.91328992849977
data/raw/KDD21/072_UCR_Anomaly_DISTORTEDltstdbs30791ES_20000_52600_52800.out,KDD21/072_UCR_Anomaly_DISTORTEDltstdbs30791ES_20000_52600_52800.out,KDD21,072_UCR_Anomaly_DISTORTEDltstdbs30791ES_20000_52600_52800.out,54999,200,0.0036364297532682412,0,2.289759429017752,51.07562182505027
data/raw/KDD21/073_UCR_Anomaly_DISTORTEDpark3m_60000_72150_72495.out,KDD21/073_UCR_Anomaly_DISTORTEDpark3m_60000_72150_72495.out,KDD21,073_UCR_Anomaly_DISTORTEDpark3m_60000_72150_72495.out,89999,345,0.003833375926399182,0,-109.69896030861871,906.3384002922363
data/raw/KDD21/071_UCR_Anomaly_DISTORTEDltstdbs30791AS_23000_52600_52800.out,KDD21/071_UCR_Anomaly_DISTORTEDltstdbs30791AS_23000_52600_52800.out,KDD21,071_UCR_Anomaly_DISTORTEDltstdbs30791AS_23000_52600_52800.out,54999,200,0.0036364297532682412,0,-1.217061768366704,38.655437808921484
data/raw/KDD21/075_UCR_Anomaly_DISTORTEDqtdbSel100MLII_4000_13400_13800.out,KDD21/075_UCR_Anomaly_DISTORTEDqtdbSel100MLII_4000_13400_13800.out,KDD21,075_UCR_Anomaly_DISTORTEDqtdbSel100MLII_4000_13400_13800.out,29999,400,0.013333777792593086,0,-62.26574752666389,36.81412145874373
data/raw/KDD21/069_UCR_Anomaly_DISTORTEDinsectEPG5_3200_8500_8501.out,KDD21/069_UCR_Anomaly_DISTORTEDinsectEPG5_3200_8500_8501.out,KDD21,069_UCR_Anomaly_DISTORTEDinsectEPG5_3200_8500_8501.out,10027,1,9.97307270370001e-05,0,0.05104311499804009,0.20229196610666628
data/raw/KDD21/074_UCR_Anomaly_DISTORTEDqtdbSel1005V_4000_12400_12800.out,KDD21/074_UCR_Anomaly_DISTORTEDqtdbSel1005V_4000_12400_12800.out,KDD21,074_UCR_Anomaly_DISTORTEDqtdbSel1005V_4000_12400_12800.out,36000,400,0.011111111111111112,0,-43.76812471892242,25.214839004620142
data/raw/KDD21/078_UCR_Anomaly_DISTORTEDresperation1_100000_110260_110412.out,KDD21/078_UCR_Anomaly_DISTORTEDresperation1_100000_110260_110412.out,KDD21,078_UCR_Anomaly_DISTORTEDresperation1_100000_110260_110412.out,199999,152,0.0007600038000190001,0,-416.70087255213804,919.7866903360976
data/raw/KDD21/077_UCR_Anomaly_DISTORTEDresperation11_58000_110800_110801.out,KDD21/077_UCR_Anomaly_DISTORTEDresperation11_58000_110800_110801.out,KDD21,077_UCR_Anomaly_DISTORTEDresperation11_58000_110800_110801.out,194999,1,5.12823142682783e-06,0,-419.15438014395374,923.3669936831336
data/raw/KDD21/081_UCR_Anomaly_DISTORTEDresperation3_45000_158250_158251.out,KDD21/081_UCR_Anomaly_DISTORTEDresperation3_45000_158250_158251.out,KDD21,081_UCR_Anomaly_DISTORTEDresperation3_45000_158250_158251.out,190099,1,5.260416940646715e-06,0,-420.54835888095806,915.7079267191355
data/raw/KDD21/082_UCR_Anomaly_DISTORTEDresperation4_70000_128430_128431.out,KDD21/082_UCR_Anomaly_DISTORTEDresperation4_70000_128430_128431.out,KDD21,082_UCR_Anomaly_DISTORTEDresperation4_70000_128430_128431.out,195249,1,5.1216651557754455e-06,0,-421.86556997873294,916.3950725457692
data/raw/KDD21/079_UCR_Anomaly_DISTORTEDresperation2_30000_168250_168250.out,KDD21/079_UCR_Anomaly_DISTORTEDresperation2_30000_168250_168250.out,KDD21,079_UCR_Anomaly_DISTORTEDresperation2_30000_168250_168250.out,200050,0,0.0,0,-415.5785044430403,917.6995498139606
data/raw/KDD21/080_UCR_Anomaly_DISTORTEDresperation2_30000_168250_168251.out,KDD21/080_UCR_Anomaly_DISTORTEDresperation2_30000_168250_168251.out,KDD21,080_UCR_Anomaly_DISTORTEDresperation2_30000_168250_168251.out,190049,1,5.261800903977395e-06,0,-419.62067778865253,924.6722534495202
data/raw/KDD21/088_UCR_Anomaly_DISTORTEDsel840mECG2_20000_49370_49740.out,KDD21/088_UCR_Anomaly_DISTORTEDsel840mECG2_20000_49370_49740.out,KDD21,088_UCR_Anomaly_DISTORTEDsel840mECG2_20000_49370_49740.out,57000,370,0.006491228070175438,0,-15.568370643904558,25.1250588370832
data/raw/KDD21/086_UCR_Anomaly_DISTORTEDsddb49_20000_67950_68200.out,KDD21/086_UCR_Anomaly_DISTORTEDsddb49_20000_67950_68200.out,KDD21,086_UCR_Anomaly_DISTORTEDsddb49_20000_67950_68200.out,79999,250,0.0031250390629882874,0,-28.105386363534947,192.4043230947064
data/raw/KDD21/084_UCR_Anomaly_DISTORTEDs20101mML2_12000_35774_35874.out,KDD21/084_UCR_Anomaly_DISTORTEDs20101mML2_12000_35774_35874.out,KDD21,084_UCR_Anomaly_DISTORTEDs20101mML2_12000_35774_35874.out,39999,100,0.0025000625015625393,0,-5.899544898793293,47.0696801812664
data/raw/KDD21/083_UCR_Anomaly_DISTORTEDresperation9_38000_143411_143511.out,KDD21/083_UCR_Anomaly_DISTORTEDresperation9_38000_143411_143511.out,KDD21,083_UCR_Anomaly_DISTORTEDresperation9_38000_143411_143511.out,194999,100,0.0005128231426827829,0,-420.376559586085,918.7791859197315
data/raw/KDD21/090_UCR_Anomaly_DISTORTEDtiltAPB2_50000_124159_124985.out,KDD21/090_UCR_Anomaly_DISTORTEDtiltAPB2_50000_124159_124985.out,KDD21,090_UCR_Anomaly_DISTORTEDtiltAPB2_50000_124159_124985.out,128766,826,0.0064147368094062095,0,4030.1452860716345,906.8054780252705
data/raw/KDD21/085_UCR_Anomaly_DISTORTEDs20101m_10000_35774_35874.out,KDD21/085_UCR_Anomaly_DISTORTEDs20101m_10000_35774_35874.out,KDD21,085_UCR_Anomaly_DISTORTEDs20101m_10000_35774_35874.out,39999,100,0.0025000625015625393,0,-13.992116481324242,40.593364896514935
data/raw/KDD21/087_UCR_Anomaly_DISTORTEDsel840mECG1_17000_51370_51740.out,KDD21/087_UCR_Anomaly_DISTORTEDsel840mECG1_17000_51370_51740.out,KDD21,087_UCR_Anomaly_DISTORTEDsel840mECG1_17000_51370_51740.out,59999,370,0.0061667694461574355,0,-8.931075079522198,30.918395211485862
data/raw/KDD21/089_UCR_Anomaly_DISTORTEDtiltAPB1_100000_114283_114350.out,KDD21/089_UCR_Anomaly_DISTORTEDtiltAPB1_100000_114283_114350.out,KDD21,089_UCR_Anomaly_DISTORTEDtiltAPB1_100000_114283_114350.out,130000,67,0.0005153846153846154,0,4032.5847446246153,907.3176878788072
data/raw/KDD21/103_UCR_Anomaly_NOISETkeepThirdMARS_3500_4711_4809.out,KDD21/103_UCR_Anomaly_NOISETkeepThirdMARS_3500_4711_4809.out,KDD21,103_UCR_Anomaly_NOISETkeepThirdMARS_3500_4711_4809.out,11307,98,0.008667197311400018,0,0.5084912708090388,0.5859074132330669
data/raw/KDD21/100_UCR_Anomaly_NOISELab2Cmac011215EPG1_5000_17210_17260.out,KDD21/100_UCR_Anomaly_NOISELab2Cmac011215EPG1_5000_17210_17260.out,KDD21,100_UCR_Anomaly_NOISELab2Cmac011215EPG1_5000_17210_17260.out,30000,50,0.0016666666666666668,0,0.2258933049175,0.023346378386320577
data/raw/KDD21/097_UCR_Anomaly_NOISEGP711MarkerLFM5z3_5000_5948_5993.out,KDD21/097_UCR_Anomaly_NOISEGP711MarkerLFM5z3_5000_5948_5993.out,KDD21,097_UCR_Anomaly_NOISEGP711MarkerLFM5z3_5000_5948_5993.out,11999,45,0.003750312526043837,0,0.06128573792949412,0.028863236903115354
data/raw/KDD21/099_UCR_Anomaly_NOISEInternalBleeding6_1500_3474_3629.out,KDD21/099_UCR_Anomaly_NOISEInternalBleeding6_1500_3474_3629.out,KDD21,099_UCR_Anomaly_NOISEInternalBleeding6_1500_3474_3629.out,7653,155,0.020253495361296225,0,61.57355985757219,11.08325041700673
data/raw/KDD21/098_UCR_Anomaly_NOISEInternalBleeding16_1200_4187_4199.out,KDD21/098_UCR_Anomaly_NOISEInternalBleeding16_1200_4187_4199.out,KDD21,098_UCR_Anomaly_NOISEInternalBleeding16_1200_4187_4199.out,7500,12,0.0016,0,71.69889721666668,13.189480067667914
data/raw/KDD21/104_UCR_Anomaly_NOISEapneaecg4_6000_16000_16100.out,KDD21/104_UCR_Anomaly_NOISEapneaecg4_6000_16000_16100.out,KDD21,104_UCR_Anomaly_NOISEapneaecg4_6000_16000_16100.out,38268,100,0.002613149367617853,0,-1.5774387063840667,75.01940758209986
data/raw/KDD21/101_UCR_Anomaly_NOISELab2Cmac011215EPG4_6000_17390_17520.out,KDD21/101_UCR_Anomaly_NOISELab2Cmac011215EPG4_6000_17390_17520.out,KDD21,101_UCR_Anomaly_NOISELab2Cmac011215EPG4_6000_17390_17520.out,30065,130,0.00432396474305671,0,0.225916109858307,0.023168224454587945
data/raw/KDD21/102_UCR_Anomaly_NOISEMesoplodonDensirostris_10000_19280_19440.out,KDD21/102_UCR_Anomaly_NOISEMesoplodonDensirostris_10000_19280_19440.out,KDD21,102_UCR_Anomaly_NOISEMesoplodonDensirostris_10000_19280_19440.out,24666,160,0.0064866618016703155,0,8.81928948523879,0.6803224420895624
data/raw/KDD21/095_UCR_Anomaly_NOISECIMIS44AirTemperature4_4000_5549_5597.out,KDD21/095_UCR_Anomaly_NOISECIMIS44AirTemperature4_4000_5549_5597.out,KDD21,095_UCR_Anomaly_NOISECIMIS44AirTemperature4_4000_5549_5597.out,8183,48,0.005865819381644873,0,15.25348394789197,5.6068610730941995
data/raw/KDD21/096_UCR_Anomaly_NOISEECG4_5000_16900_17100.out,KDD21/096_UCR_Anomaly_NOISEECG4_5000_16900_17100.out,KDD21,096_UCR_Anomaly_NOISEECG4_5000_16900_17100.out,29999,200,0.006666888896296543,0,0.34228877496436183,30.62039972174432
data/raw/KDD21/093_UCR_Anomaly_NOISE1sddb40_35000_52000_52620.out,KDD21/093_UCR_Anomaly_NOISE1sddb40_35000_52000_52620.out,KDD21,093_UCR_Anomaly_NOISE1sddb40_35000_52000_52620.out,79794,620,0.00777000777000777,0,-26.557372923661656,173.94642069336192
data/raw/KDD21/091_UCR_Anomaly_DISTORTEDtiltAPB3_40000_114000_114370.out,KDD21/091_UCR_Anomaly_DISTORTEDtiltAPB3_40000_114000_114370.out,KDD21,091_UCR_Anomaly_DISTORTEDtiltAPB3_40000_114000_114370.out,129488,370,0.0028574076362288398,0,4028.463305544915,907.4463073370208
data/raw/KDD21/094_UCR_Anomaly_NOISEBIDMC1_2500_5400_5600.out,KDD21/094_UCR_Anomaly_NOISEBIDMC1_2500_5400_5600.out,KDD21,094_UCR_Anomaly_NOISEBIDMC1_2500_5400_5600.out,10999,200,0.018183471224656786,0,986.9360286533501,9225.346160970183
data/raw/KDD21/092_UCR_Anomaly_DISTORTEDtiltAPB4_20000_67995_67996.out,KDD21/092_UCR_Anomaly_DISTORTEDtiltAPB4_20000_67995_67996.out,KDD21,092_UCR_Anomaly_DISTORTEDtiltAPB4_20000_67995_67996.out,128000,1,7.8125e-06,0,4024.976555140625,907.9642500657227
data/raw/KDD21/107_UCR_Anomaly_NOISEinsectEPG3_5200_7000_7050.out,KDD21/107_UCR_Anomaly_NOISEinsectEPG3_5200_7000_7050.out,KDD21,107_UCR_Anomaly_NOISEinsectEPG3_5200_7000_7050.out,9997,50,0.00500150045013504,0,0.049884945569603885,0.20114500972015187
data/raw/KDD21/111_UCR_Anomaly_3sddb40_35000_46600_46900.out,KDD21/111_UCR_Anomaly_3sddb40_35000_46600_46900.out,KDD21,111_UCR_Anomaly_3sddb40_35000_46600_46900.out,79999,300,0.003750046875585945,0,-24.776336487776973,171.32530198990696
data/raw/KDD21/114_UCR_Anomaly_CIMIS44AirTemperature2_4000_5703_5727.out,KDD21/114_UCR_Anomaly_CIMIS44AirTemperature2_4000_5703_5727.out,KDD21,114_UCR_Anomaly_CIMIS44AirTemperature2_4000_5703_5727.out,8183,24,0.0029329096908224366,0,15.271302802273004,5.599930858534432
data/raw/KDD21/119_UCR_Anomaly_ECG1_10000_11800_12100.out,KDD21/119_UCR_Anomaly_ECG1_10000_11800_12100.out,KDD21,119_UCR_Anomaly_ECG1_10000_11800_12100.out,29999,300,0.010000333344444815,0,0.5510850361678723,13.559581098078112
data/raw/KDD21/105_UCR_Anomaly_NOISEgait3_24500_59900_60500.out,KDD21/105_UCR_Anomaly_NOISEgait3_24500_59900_60500.out,KDD21,105_UCR_Anomaly_NOISEgait3_24500_59900_60500.out,64999,600,0.009230911244788382,0,-467.5502754762096,1036.4296695868213
data/raw/KDD21/117_UCR_Anomaly_CIMIS44AirTemperature5_4000_4852_4900.out,KDD21/117_UCR_Anomaly_CIMIS44AirTemperature5_4000_4852_4900.out,KDD21,117_UCR_Anomaly_CIMIS44AirTemperature5_4000_4852_4900.out,8183,48,0.005865819381644873,0,15.260700121349137,5.599832943454026
data/raw/KDD21/108_UCR_Anomaly_NOISEresperation2_30000_168250_168250.out,KDD21/108_UCR_Anomaly_NOISEresperation2_30000_168250_168250.out,KDD21,108_UCR_Anomaly_NOISEresperation2_30000_168250_168250.out,200050,0,0.0,0,-419.94652328411564,915.619941493213
data/raw/KDD21/112_UCR_Anomaly_BIDMC1_2500_5400_5600.out,KDD21/112_UCR_Anomaly_BIDMC1_2500_5400_5600.out,KDD21,112_UCR_Anomaly_BIDMC1_2500_5400_5600.out,10999,200,0.018183471224656786,0,990.4004909537231,9201.675678826668
data/raw/KDD21/106_UCR_Anomaly_NOISEgaitHunt2_18500_31200_31850.out,KDD21/106_UCR_Anomaly_NOISEgaitHunt2_18500_31200_31850.out,KDD21,106_UCR_Anomaly_NOISEgaitHunt2_18500_31200_31850.out,63999,650,0.010156408693885842,0,-719.5193550221302,878.7366458532147
data/raw/KDD21/113_UCR_Anomaly_CIMIS44AirTemperature1_4000_5391_5392.out,KDD21/113_UCR_Anomaly_CIMIS44AirTemperature1_4000_5391_5392.out,KDD21,113_UCR_Anomaly_CIMIS44AirTemperature1_4000_5391_5392.out,8183,1,0.00012220457045093486,0,15.24786719870463,5.588388050891271
data/raw/KDD21/118_UCR_Anomaly_CIMIS44AirTemperature6_4000_6006_6054.out,KDD21/118_UCR_Anomaly_CIMIS44AirTemperature6_4000_6006_6054.out,KDD21,118_UCR_Anomaly_CIMIS44AirTemperature6_4000_6006_6054.out,8183,48,0.005865819381644873,0,15.25432780540144,5.581408330818216
data/raw/KDD21/115_UCR_Anomaly_CIMIS44AirTemperature3_4000_6520_6544.out,KDD21/115_UCR_Anomaly_CIMIS44AirTemperature3_4000_6520_6544.out,KDD21,115_UCR_Anomaly_CIMIS44AirTemperature3_4000_6520_6544.out,8183,24,0.0029329096908224366,0,15.26106562385433,5.590897308939806
data/raw/KDD21/116_UCR_Anomaly_CIMIS44AirTemperature4_4000_5549_5597.out,KDD21/116_UCR_Anomaly_CIMIS44AirTemperature4_4000_5549_5597.out,KDD21,116_UCR_Anomaly_CIMIS44AirTemperature4_4000_5549_5597.out,8183,48,0.005865819381644873,0,15.25367992034706,5.591127268032011
data/raw/KDD21/110_UCR_Anomaly_2sddb40_35000_56600_56900.out,KDD21/110_UCR_Anomaly_2sddb40_35000_56600_56900.out,KDD21,110_UCR_Anomaly_2sddb40_35000_56600_56900.out,80000,300,0.00375,0,-24.69006461899545,171.08352220553886
data/raw/KDD21/109_UCR_Anomaly_1sddb40_35000_52000_52620.out,KDD21/109_UCR_Anomaly_1sddb40_35000_52000_52620.out,KDD21,109_UCR_Anomaly_1sddb40_35000_52000_52620.out,79794,620,0.00777000777000777,0,-26.462682710608444,173.16619671432198
data/raw/KDD21/131_UCR_Anomaly_GP711MarkerLFM5z5_5000_8612_8716.out,KDD21/131_UCR_Anomaly_GP711MarkerLFM5z5_5000_8612_8716.out,KDD21,131_UCR_Anomaly_GP711MarkerLFM5z5_5000_8612_8716.out,11999,104,0.00866738894907909,0,0.061591613301108426,0.028719598104987948
data/raw/KDD21/129_UCR_Anomaly_GP711MarkerLFM5z3_5000_5948_5993.out,KDD21/129_UCR_Anomaly_GP711MarkerLFM5z3_5000_5948_5993.out,KDD21,129_UCR_Anomaly_GP711MarkerLFM5z3_5000_5948_5993.out,11999,45,0.003750312526043837,0,0.061280364293857824,0.028668505419919187
data/raw/KDD21/121_UCR_Anomaly_ECG3_15000_16000_16100.out,KDD21/121_UCR_Anomaly_ECG3_15000_16000_16100.out,KDD21,121_UCR_Anomaly_ECG3_15000_16000_16100.out,29999,100,0.0033334444481482716,0,0.3455448514950498,30.38593243144252
data/raw/KDD21/124_UCR_Anomaly_ECG4_5000_16900_17100.out,KDD21/124_UCR_Anomaly_ECG4_5000_16900_17100.out,KDD21,124_UCR_Anomaly_ECG4_5000_16900_17100.out,29999,200,0.006666888896296543,0,0.35811193706456884,30.457107038256062
data/raw/KDD21/137_UCR_Anomaly_InternalBleeding18_2300_4485_4587.out,KDD21/137_UCR_Anomaly_InternalBleeding18_2300_4485_4587.out,KDD21,137_UCR_Anomaly_InternalBleeding18_2300_4485_4587.out,7499,102,0.013601813575143352,0,71.70798797573009,13.10603383852755
data/raw/KDD21/144_UCR_Anomaly_InternalBleeding9_4200_6599_6681.out,KDD21/144_UCR_Anomaly_InternalBleeding9_4200_6599_6681.out,KDD21,144_UCR_Anomaly_InternalBleeding9_4200_6599_6681.out,7500,82,0.010933333333333333,0,75.77502403466667,10.53642452764228
data/raw/KDD21/127_UCR_Anomaly_GP711MarkerLFM5z1_5000_6168_6212.out,KDD21/127_UCR_Anomaly_GP711MarkerLFM5z1_5000_6168_6212.out,KDD21,127_UCR_Anomaly_GP711MarkerLFM5z1_5000_6168_6212.out,11999,44,0.0036669722476873074,0,0.06112267672306025,0.028585585072718845
data/raw/KDD21/141_UCR_Anomaly_InternalBleeding5_4000_6200_6370.out,KDD21/141_UCR_Anomaly_InternalBleeding5_4000_6200_6370.out,KDD21,141_UCR_Anomaly_InternalBleeding5_4000_6200_6370.out,7414,170,0.02292959266253035,0,53.78218113703804,9.824884378587454
data/raw/KDD21/128_UCR_Anomaly_GP711MarkerLFM5z2_5000_7175_7388.out,KDD21/128_UCR_Anomaly_GP711MarkerLFM5z2_5000_7175_7388.out,KDD21,128_UCR_Anomaly_GP711MarkerLFM5z2_5000_7175_7388.out,11999,213,0.01775147928994083,0,0.06118715076256354,0.028582401228915217
data/raw/KDD21/126_UCR_Anomaly_ECG4_8000_17000_17100.out,KDD21/126_UCR_Anomaly_ECG4_8000_17000_17100.out,KDD21,126_UCR_Anomaly_ECG4_8000_17000_17100.out,29999,100,0.0033334444481482716,0,0.3465448848294943,30.385033497813826
data/raw/KDD21/130_UCR_Anomaly_GP711MarkerLFM5z4_4000_6527_6645.out,KDD21/130_UCR_Anomaly_GP711MarkerLFM5z4_4000_6527_6645.out,KDD21,130_UCR_Anomaly_GP711MarkerLFM5z4_4000_6527_6645.out,11999,118,0.009834152846070506,0,0.06118715076256354,0.028582401228915217
data/raw/KDD21/140_UCR_Anomaly_InternalBleeding4_1000_4675_5033.out,KDD21/140_UCR_Anomaly_InternalBleeding4_1000_4675_5033.out,KDD21,140_UCR_Anomaly_InternalBleeding4_1000_4675_5033.out,7320,358,0.04890710382513661,0,63.51520348224044,10.96548380594209
data/raw/KDD21/122_UCR_Anomaly_ECG3_8000_17000_17100.out,KDD21/122_UCR_Anomaly_ECG3_8000_17000_17100.out,KDD21,122_UCR_Anomaly_ECG3_8000_17000_17100.out,29999,100,0.0033334444481482716,0,0.33707790259675324,30.385139998423714
data/raw/KDD21/145_UCR_Anomaly_Lab2Cmac011215EPG1_5000_17210_17260.out,KDD21/145_UCR_Anomaly_Lab2Cmac011215EPG1_5000_17210_17260.out,KDD21,145_UCR_Anomaly_Lab2Cmac011215EPG1_5000_17210_17260.out,30000,50,0.0016666666666666668,0,0.2258929215666667,0.023229673154413714
data/raw/KDD21/138_UCR_Anomaly_InternalBleeding19_3000_4187_4197.out,KDD21/138_UCR_Anomaly_InternalBleeding19_3000_4187_4197.out,KDD21,138_UCR_Anomaly_InternalBleeding19_3000_4187_4197.out,7499,10,0.0013335111348179757,0,71.72439311108147,13.117767221948315
data/raw/KDD21/125_UCR_Anomaly_ECG4_5000_17000_17100.out,KDD21/125_UCR_Anomaly_ECG4_5000_17000_17100.out,KDD21,125_UCR_Anomaly_ECG4_5000_17000_17100.out,29999,100,0.0033334444481482716,0,0.3381112703756792,30.457335644020866
data/raw/KDD21/135_UCR_Anomaly_InternalBleeding16_1200_4187_4199.out,KDD21/135_UCR_Anomaly_InternalBleeding16_1200_4187_4199.out,KDD21,135_UCR_Anomaly_InternalBleeding16_1200_4187_4199.out,7500,12,0.0016,0,71.71228148,13.10761603067405
data/raw/KDD21/132_UCR_Anomaly_InternalBleeding10_3200_4526_4556.out,KDD21/132_UCR_Anomaly_InternalBleeding10_3200_4526_4556.out,KDD21,132_UCR_Anomaly_InternalBleeding10_3200_4526_4556.out,7500,30,0.004,0,84.79542188,10.417973950896952
data/raw/KDD21/139_UCR_Anomaly_InternalBleeding20_2700_5759_5919.out,KDD21/139_UCR_Anomaly_InternalBleeding20_2700_5759_5919.out,KDD21,139_UCR_Anomaly_InternalBleeding20_2700_5759_5919.out,7499,160,0.02133617815708761,0,71.74961197092945,13.124167306656151
data/raw/KDD21/143_UCR_Anomaly_InternalBleeding8_2500_5865_5974.out,KDD21/143_UCR_Anomaly_InternalBleeding8_2500_5865_5974.out,KDD21,143_UCR_Anomaly_InternalBleeding8_2500_5865_5974.out,7500,109,0.014533333333333334,0,73.22445678133334,14.333869129184963
data/raw/KDD21/123_UCR_Anomaly_ECG4_5000_16800_17100.out,KDD21/123_UCR_Anomaly_ECG4_5000_16800_17100.out,KDD21,123_UCR_Anomaly_ECG4_5000_16800_17100.out,199999,300,0.0015000075000375002,0,-421.13842569212846,910.1909587219876
data/raw/KDD21/146_UCR_Anomaly_Lab2Cmac011215EPG2_5000_27862_27932.out,KDD21/146_UCR_Anomaly_Lab2Cmac011215EPG2_5000_27862_27932.out,KDD21,146_UCR_Anomaly_Lab2Cmac011215EPG2_5000_27862_27932.out,29949,70,0.0023373067548165213,0,0.2258993872917293,0.0230810397702628
data/raw/KDD21/134_UCR_Anomaly_InternalBleeding15_1700_5684_5854.out,KDD21/134_UCR_Anomaly_InternalBleeding15_1700_5684_5854.out,KDD21,134_UCR_Anomaly_InternalBleeding15_1700_5684_5854.out,7600,170,0.02236842105263158,0,53.78288502763158,9.815837856297282
data/raw/KDD21/136_UCR_Anomaly_InternalBleeding17_1600_3198_3309.out,KDD21/136_UCR_Anomaly_InternalBleeding17_1600_3198_3309.out,KDD21,136_UCR_Anomaly_InternalBleeding17_1600_3198_3309.out,7499,111,0.01480197359647953,0,71.70547181624218,13.109619801470314
data/raw/KDD21/133_UCR_Anomaly_InternalBleeding14_2800_5607_5634.out,KDD21/133_UCR_Anomaly_InternalBleeding14_2800_5607_5634.out,KDD21,133_UCR_Anomaly_InternalBleeding14_2800_5607_5634.out,7500,27,0.0036,0,84.83349171333334,10.459211151662807
data/raw/KDD21/120_UCR_Anomaly_ECG2_15000_16000_16100.out,KDD21/120_UCR_Anomaly_ECG2_15000_16000_16100.out,KDD21,120_UCR_Anomaly_ECG2_15000_16000_16100.out,29999,100,0.0033334444481482716,0,0.5447181572719091,13.488804810289537
data/raw/KDD21/142_UCR_Anomaly_InternalBleeding6_1500_3474_3629.out,KDD21/142_UCR_Anomaly_InternalBleeding6_1500_3474_3629.out,KDD21,142_UCR_Anomaly_InternalBleeding6_1500_3474_3629.out,7653,155,0.020253495361296225,0,61.587108229452504,11.051457271899348
data/raw/KDD21/158_UCR_Anomaly_TkeepForthMARS_3500_5988_6085.out,KDD21/158_UCR_Anomaly_TkeepForthMARS_3500_5988_6085.out,KDD21,158_UCR_Anomaly_TkeepForthMARS_3500_5988_6085.out,11307,97,0.00857875652250818,0,0.509029377919372,0.5826780826311011
data/raw/KDD21/151_UCR_Anomaly_MesoplodonDensirostris_10000_19280_19440.out,KDD21/151_UCR_Anomaly_MesoplodonDensirostris_10000_19280_19440.out,KDD21,151_UCR_Anomaly_MesoplodonDensirostris_10000_19280_19440.out,24666,160,0.0064866618016703155,0,8.819741037330738,0.6768222946077975
data/raw/KDD21/160_UCR_Anomaly_TkeepThirdMARS_3500_4711_4809.out,KDD21/160_UCR_Anomaly_TkeepThirdMARS_3500_4711_4809.out,KDD21,160_UCR_Anomaly_TkeepThirdMARS_3500_4711_4809.out,11307,98,0.008667197311400018,0,0.5087780545891342,0.5824833195038207
data/raw/KDD21/167_UCR_Anomaly_gait1_20000_38500_38800.out,KDD21/167_UCR_Anomaly_gait1_20000_38500_38800.out,KDD21,167_UCR_Anomaly_gait1_20000_38500_38800.out,64999,300,0.004615455622394191,0,-468.0726157325497,1031.4690073930199
data/raw/KDD21/148_UCR_Anomaly_Lab2Cmac011215EPG4_6000_17390_17520.out,KDD21/148_UCR_Anomaly_Lab2Cmac011215EPG4_6000_17390_17520.out,KDD21,148_UCR_Anomaly_Lab2Cmac011215EPG4_6000_17390_17520.out,30065,130,0.00432396474305671,0,0.2259223030108099,0.023051765346600857
data/raw/KDD21/162_UCR_Anomaly_WalkingAceleration5_2700_5920_5979.out,KDD21/162_UCR_Anomaly_WalkingAceleration5_2700_5920_5979.out,KDD21,162_UCR_Anomaly_WalkingAceleration5_2700_5920_5979.out,6683,59,0.00882837049229388,0,-2.729330320682373,1.18578447981744
data/raw/KDD21/164_UCR_Anomaly_apneaecg3_5000_11111_11211.out,KDD21/164_UCR_Anomaly_apneaecg3_5000_11111_11211.out,KDD21,164_UCR_Anomaly_apneaecg3_5000_11111_11211.out,38378,100,0.002605659492417531,0,-1.6062559215660794,74.61548844666821
data/raw/KDD21/149_UCR_Anomaly_Lab2Cmac011215EPG5_7000_17390_17520.out,KDD21/149_UCR_Anomaly_Lab2Cmac011215EPG5_7000_17390_17520.out,KDD21,149_UCR_Anomaly_Lab2Cmac011215EPG5_7000_17390_17520.out,29825,130,0.0043587594300083824,0,0.22584795171634536,0.02306753118517863
data/raw/KDD21/155_UCR_Anomaly_PowerDemand4_18000_24005_24077.out,KDD21/155_UCR_Anomaly_PowerDemand4_18000_24005_24077.out,KDD21,155_UCR_Anomaly_PowerDemand4_18000_24005_24077.out,29930,72,0.002405613097226863,0,179.5264576511861,45.9629086693595
data/raw/KDD21/166_UCR_Anomaly_apneaecg_10000_12240_12308.out,KDD21/166_UCR_Anomaly_apneaecg_10000_12240_12308.out,KDD21,166_UCR_Anomaly_apneaecg_10000_12240_12308.out,38500,68,0.0017662337662337662,0,-1.5643636363636364,74.54479981934466
data/raw/KDD21/154_UCR_Anomaly_PowerDemand3_16000_23405_23477.out,KDD21/154_UCR_Anomaly_PowerDemand3_16000_23405_23477.out,KDD21,154_UCR_Anomaly_PowerDemand3_16000_23405_23477.out,29930,72,0.002405613097226863,0,179.43583397594384,45.94724683553162
data/raw/KDD21/150_UCR_Anomaly_Lab2Cmac011215EPG6_7000_12190_12420.out,KDD21/150_UCR_Anomaly_Lab2Cmac011215EPG6_7000_12190_12420.out,KDD21,150_UCR_Anomaly_Lab2Cmac011215EPG6_7000_12190_12420.out,29858,230,0.0077031281398620135,0,0.2259154012710162,0.02297403946214701
data/raw/KDD21/165_UCR_Anomaly_apneaecg4_6000_16000_16100.out,KDD21/165_UCR_Anomaly_apneaecg4_6000_16000_16100.out,KDD21,165_UCR_Anomaly_apneaecg4_6000_16000_16100.out,38268,100,0.002613149367617853,0,-1.5828076210567577,74.65891103273611
data/raw/KDD21/156_UCR_Anomaly_TkeepFifthMARS_3500_5988_6085.out,KDD21/156_UCR_Anomaly_TkeepFifthMARS_3500_5988_6085.out,KDD21,156_UCR_Anomaly_TkeepFifthMARS_3500_5988_6085.out,11333,97,0.008559075266919616,0,0.5087574120887267,0.5825829264844188
data/raw/KDD21/159_UCR_Anomaly_TkeepSecondMARS_3500_9330_9340.out,KDD21/159_UCR_Anomaly_TkeepSecondMARS_3500_9330_9340.out,KDD21,159_UCR_Anomaly_TkeepSecondMARS_3500_9330_9340.out,11387,10,0.0008781944322472996,0,0.5083782377469341,0.5827499499623607
data/raw/KDD21/147_UCR_Anomaly_Lab2Cmac011215EPG3_5000_16390_16420.out,KDD21/147_UCR_Anomaly_Lab2Cmac011215EPG3_5000_16390_16420.out,KDD21,147_UCR_Anomaly_Lab2Cmac011215EPG3_5000_16390_16420.out,29949,30,0.0010017028949213663,0,0.2258961765027213,0.023109900356263622
data/raw/KDD21/163_UCR_Anomaly_apneaecg2_10000_20950_21100.out,KDD21/163_UCR_Anomaly_apneaecg2_10000_20950_21100.out,KDD21,163_UCR_Anomaly_apneaecg2_10000_20950_21100.out,38500,150,0.003896103896103896,0,-1.5214025974025973,74.60125842605987
data/raw/KDD21/157_UCR_Anomaly_TkeepFirstMARS_3500_5365_5380.out,KDD21/157_UCR_Anomaly_TkeepFirstMARS_3500_5365_5380.out,KDD21,157_UCR_Anomaly_TkeepFirstMARS_3500_5365_5380.out,11405,15,0.00131521262604121,0,0.5085271054318579,0.5823513062708563
data/raw/KDD21/153_UCR_Anomaly_PowerDemand2_14000_23357_23717.out,KDD21/153_UCR_Anomaly_PowerDemand2_14000_23357_23717.out,KDD21,153_UCR_Anomaly_PowerDemand2_14000_23357_23717.out,29930,360,0.012028065486134313,0,179.38837736384897,45.906509759034826
data/raw/KDD21/152_UCR_Anomaly_PowerDemand1_9000_18485_18821.out,KDD21/152_UCR_Anomaly_PowerDemand1_9000_18485_18821.out,KDD21,152_UCR_Anomaly_PowerDemand1_9000_18485_18821.out,29930,336,0.01122619445372536,0,179.4797778349482,45.751830242895785
data/raw/KDD21/161_UCR_Anomaly_WalkingAceleration1_1500_2764_2995.out,KDD21/161_UCR_Anomaly_WalkingAceleration1_1500_2764_2995.out,KDD21,161_UCR_Anomaly_WalkingAceleration1_1500_2764_2995.out,6683,231,0.03456531497830316,0,-2.7086816657320067,1.137663498063951
data/raw/KDD21/182_UCR_Anomaly_qtdbSel1005V_4000_12400_12800.out,KDD21/182_UCR_Anomaly_qtdbSel1005V_4000_12400_12800.out,KDD21,182_UCR_Anomaly_qtdbSel1005V_4000_12400_12800.out,36000,400,0.011111111111111112,0,-43.717666666666666,24.920802003755142
data/raw/KDD21/178_UCR_Anomaly_ltstdbs30791AI_17555_52600_52800.out,KDD21/178_UCR_Anomaly_ltstdbs30791AI_17555_52600_52800.out,KDD21,178_UCR_Anomaly_ltstdbs30791AI_17555_52600_52800.out,56122,200,0.003563664872955347,0,-0.44902177399237375,41.5244512231131
data/raw/KDD21/179_UCR_Anomaly_ltstdbs30791AS_23000_52600_52800.out,KDD21/179_UCR_Anomaly_ltstdbs30791AS_23000_52600_52800.out,KDD21,179_UCR_Anomaly_ltstdbs30791AS_23000_52600_52800.out,54999,200,0.0036364297532682412,0,-1.0497281768759432,38.306901308157876
data/raw/KDD21/171_UCR_Anomaly_gaitHunt2_18500_31200_31850.out,KDD21/171_UCR_Anomaly_gaitHunt2_18500_31200_31850.out,KDD21,171_UCR_Anomaly_gaitHunt2_18500_31200_31850.out,63999,650,0.010156408693885842,0,-719.89247331348,874.8425159267048
data/raw/KDD21/176_UCR_Anomaly_insectEPG4_1300_6508_6558.out,KDD21/176_UCR_Anomaly_insectEPG4_1300_6508_6558.out,KDD21,176_UCR_Anomaly_insectEPG4_1300_6508_6558.out,9997,50,0.00500150045013504,0,0.05017302952492748,0.20017834782234445
data/raw/KDD21/172_UCR_Anomaly_gaitHunt3_23400_38400_39200.out,KDD21/172_UCR_Anomaly_gaitHunt3_23400_38400_39200.out,KDD21,172_UCR_Anomaly_gaitHunt3_23400_38400_39200.out,63999,800,0.012500195315551806,0,-721.1671901118611,874.710368070773
data/raw/KDD21/175_UCR_Anomaly_insectEPG3_5200_7000_7050.out,KDD21/175_UCR_Anomaly_insectEPG3_5200_7000_7050.out,KDD21,175_UCR_Anomaly_insectEPG3_5200_7000_7050.out,9997,50,0.00500150045013504,0,0.05003427614175253,0.2003767646032294
data/raw/KDD21/180_UCR_Anomaly_ltstdbs30791ES_20000_52600_52800.out,KDD21/180_UCR_Anomaly_ltstdbs30791ES_20000_52600_52800.out,KDD21,180_UCR_Anomaly_ltstdbs30791ES_20000_52600_52800.out,54999,200,0.0036364297532682412,0,2.2533136966126657,50.641976489710956
data/raw/KDD21/174_UCR_Anomaly_insectEPG2_3700_8000_8025.out,KDD21/174_UCR_Anomaly_insectEPG2_3700_8000_8025.out,KDD21,174_UCR_Anomaly_insectEPG2_3700_8000_8025.out,9997,25,0.00250075022506752,0,0.04971910511153346,0.2002622900367471
data/raw/KDD21/183_UCR_Anomaly_qtdbSel100MLII_4000_13400_13800.out,KDD21/183_UCR_Anomaly_qtdbSel100MLII_4000_13400_13800.out,KDD21,183_UCR_Anomaly_qtdbSel100MLII_4000_13400_13800.out,29999,400,0.013333777792593086,0,-62.499449981666054,36.53575028335136
data/raw/KDD21/168_UCR_Anomaly_gait2_22000_46500_46800.out,KDD21/168_UCR_Anomaly_gait2_22000_46500_46800.out,KDD21,168_UCR_Anomaly_gait2_22000_46500_46800.out,64999,300,0.004615455622394191,0,-467.4781181248942,1031.14369596759
data/raw/KDD21/181_UCR_Anomaly_park3m_60000_72150_72495.out,KDD21/181_UCR_Anomaly_park3m_60000_72150_72495.out,KDD21,181_UCR_Anomaly_park3m_60000_72150_72495.out,89999,345,0.003833375926399182,0,-115.48130534783719,897.1062347439987
data/raw/KDD21/170_UCR_Anomaly_gaitHunt1_18500_33070_33180.out,KDD21/170_UCR_Anomaly_gaitHunt1_18500_33070_33180.out,KDD21,170_UCR_Anomaly_gaitHunt1_18500_33070_33180.out,63999,110,0.0017187768558883732,0,-718.6735167687775,875.2666119095686
data/raw/KDD21/169_UCR_Anomaly_gait3_24500_59900_60500.out,KDD21/169_UCR_Anomaly_gait3_24500_59900_60500.out,KDD21,169_UCR_Anomaly_gait3_24500_59900_60500.out,64999,600,0.009230911244788382,0,-466.9883998215357,1031.2302310633333
data/raw/KDD21/177_UCR_Anomaly_insectEPG5_3200_8500_8501.out,KDD21/177_UCR_Anomaly_insectEPG5_3200_8500_8501.out,KDD21,177_UCR_Anomaly_insectEPG5_3200_8500_8501.out,10027,1,9.97307270370001e-05,0,0.0492913022778498,0.20050595891369316
data/raw/KDD21/173_UCR_Anomaly_insectEPG1_3000_7000_7030.out,KDD21/173_UCR_Anomaly_insectEPG1_3000_7000_7030.out,KDD21,173_UCR_Anomaly_insectEPG1_3000_7000_7030.out,10000,30,0.003,0,0.04996455378,0.20035679649767077
data/raw/KDD21/186_UCR_Anomaly_resperation1_100000_110260_110412.out,KDD21/186_UCR_Anomaly_resperation1_100000_110260_110412.out,KDD21,186_UCR_Anomaly_resperation1_100000_110260_110412.out,199999,152,0.0007600038000190001,0,-420.46610467803987,910.1348368501115
data/raw/KDD21/187_UCR_Anomaly_resperation2_30000_168250_168250.out,KDD21/187_UCR_Anomaly_resperation2_30000_168250_168250.out,KDD21,187_UCR_Anomaly_resperation2_30000_168250_168250.out,200050,0,0.0,0,-420.0590371789374,910.7778332284214
data/raw/KDD21/184_UCR_Anomaly_resperation10_48000_130700_131880.out,KDD21/184_UCR_Anomaly_resperation10_48000_130700_131880.out,KDD21,184_UCR_Anomaly_resperation10_48000_130700_131880.out,194999,1180,0.006051313083656839,0,-420.0549550033272,911.6074545463418
data/raw/KDD21/185_UCR_Anomaly_resperation11_58000_110800_110801.out,KDD21/185_UCR_Anomaly_resperation11_58000_110800_110801.out,KDD21,185_UCR_Anomaly_resperation11_58000_110800_110801.out,194999,1,5.12823142682783e-06,0,-420.0791901496931,911.6230670126889
data/raw/KDD21/189_UCR_Anomaly_resperation3_45000_158250_158251.out,KDD21/189_UCR_Anomaly_resperation3_45000_158250_158251.out,KDD21,189_UCR_Anomaly_resperation3_45000_158250_158251.out,190099,1,5.260416940646715e-06,0,-420.75045774036266,912.409475483265
data/raw/KDD21/190_UCR_Anomaly_resperation4_70000_128430_128431.out,KDD21/190_UCR_Anomaly_resperation4_70000_128430_128431.out,KDD21,190_UCR_Anomaly_resperation4_70000_128430_128431.out,195249,1,5.1216651557754455e-06,0,-421.17445282802885,911.5640826960421
data/raw/KDD21/188_UCR_Anomaly_resperation2_30000_168250_168251.out,KDD21/188_UCR_Anomaly_resperation2_30000_168250_168251.out,KDD21,188_UCR_Anomaly_resperation2_30000_168250_168251.out,190049,1,5.261800903977395e-06,0,-420.52330712956353,912.4213289561059
data/raw/KDD21/196_UCR_Anomaly_sel840mECG2_20000_49370_49740.out,KDD21/196_UCR_Anomaly_sel840mECG2_20000_49370_49740.out,KDD21,196_UCR_Anomaly_sel840mECG2_20000_49370_49740.out,57000,370,0.006491228070175438,0,-15.50461403508772,24.892761731037382
data/raw/KDD21/197_UCR_Anomaly_tiltAPB1_100000_114283_114350.out,KDD21/197_UCR_Anomaly_tiltAPB1_100000_114283_114350.out,KDD21,197_UCR_Anomaly_tiltAPB1_100000_114283_114350.out,130000,67,0.0005153846153846154,0,4033.317815384615,898.837118338105
data/raw/KDD21/194_UCR_Anomaly_sddb49_20000_67950_68200.out,KDD21/194_UCR_Anomaly_sddb49_20000_67950_68200.out,KDD21,194_UCR_Anomaly_sddb49_20000_67950_68200.out,79999,250,0.0031250390629882874,0,-28.952792937800684,190.24123061503252
data/raw/KDD21/198_UCR_Anomaly_tiltAPB2_50000_124159_124985.out,KDD21/198_UCR_Anomaly_tiltAPB2_50000_124159_124985.out,KDD21,198_UCR_Anomaly_tiltAPB2_50000_124159_124985.out,128766,826,0.0064147368094062095,0,4030.312958385754,898.831918382555
data/raw/KDD21/191_UCR_Anomaly_resperation9_38000_143411_143511.out,KDD21/191_UCR_Anomaly_resperation9_38000_143411_143511.out,KDD21,191_UCR_Anomaly_resperation9_38000_143411_143511.out,194999,100,0.0005128231426827829,0,-420.0600377454962,911.6358639388545
data/raw/KDD21/195_UCR_Anomaly_sel840mECG1_17000_51370_51740.out,KDD21/195_UCR_Anomaly_sel840mECG1_17000_51370_51740.out,KDD21,195_UCR_Anomaly_sel840mECG1_17000_51370_51740.out,59999,370,0.0061667694461574355,0,-8.751545859097652,30.63629613693634
data/raw/KDD21/193_UCR_Anomaly_s20101m_10000_35774_35874.out,KDD21/193_UCR_Anomaly_s20101m_10000_35774_35874.out,KDD21,193_UCR_Anomaly_s20101m_10000_35774_35874.out,39999,100,0.0025000625015625393,0,-14.139778494462362,40.25648353600099
data/raw/KDD21/192_UCR_Anomaly_s20101mML2_12000_35774_35874.out,KDD21/192_UCR_Anomaly_s20101mML2_12000_35774_35874.out,KDD21,192_UCR_Anomaly_s20101mML2_12000_35774_35874.out,39999,100,0.0025000625015625393,0,-6.311032775819395,46.63780859228105
data/raw/KDD21/201_UCR_Anomaly_CHARISfive_10000_17001_17016.out,KDD21/201_UCR_Anomaly_CHARISfive_10000_17001_17016.out,KDD21,201_UCR_Anomaly_CHARISfive_10000_17001_17016.out,41346,15,0.00036279204759831664,0,8838.81016301456,1846.4869727796745
data/raw/KDD21/203_UCR_Anomaly_CHARISfive_11812_10995_11028.out,KDD21/203_UCR_Anomaly_CHARISfive_11812_10995_11028.out,KDD21,203_UCR_Anomaly_CHARISfive_11812_10995_11028.out,41611,33,0.0007930595275287784,0,-194.32157362235947,881.8748121378543
data/raw/KDD21/200_UCR_Anomaly_tiltAPB4_20000_67995_67996.out,KDD21/200_UCR_Anomaly_tiltAPB4_20000_67995_67996.out,KDD21,200_UCR_Anomaly_tiltAPB4_20000_67995_67996.out,128000,1,7.8125e-06,0,4032.18028125,899.0387441530147
data/raw/KDD21/202_UCR_Anomaly_CHARISfive_10411_10998_11028.out,KDD21/202_UCR_Anomaly_CHARISfive_10411_10998_11028.out,KDD21,202_UCR_Anomaly_CHARISfive_10411_10998_11028.out,41789,30,0.0007178922683002704,0,1581.5959781904328,178.50007244131106
data/raw/KDD21/199_UCR_Anomaly_tiltAPB3_40000_114000_114370.out,KDD21/199_UCR_Anomaly_tiltAPB3_40000_114000_114370.out,KDD21,199_UCR_Anomaly_tiltAPB3_40000_114000_114370.out,129488,370,0.0028574076362288398,0,4031.644295059774,898.038215560294
data/raw/KDD21/204_UCR_Anomaly_CHARISfive_12412_15000_15070.out,KDD21/204_UCR_Anomaly_CHARISfive_12412_15000_15070.out,KDD21,204_UCR_Anomaly_CHARISfive_12412_15000_15070.out,41998,70,0.0016667460355255011,0,1583.4910710033812,179.65704140503053
data/raw/KDD21/205_UCR_Anomaly_CHARISfive_9812_28995_29085.out,KDD21/205_UCR_Anomaly_CHARISfive_9812_28995_29085.out,KDD21,205_UCR_Anomaly_CHARISfive_9812_28995_29085.out,39869,90,0.0022573929619503874,0,1566.5436178860768,165.7560241156847
data/raw/KDD21/206_UCR_Anomaly_CHARISten_25130_29080_29140.out,KDD21/206_UCR_Anomaly_CHARISten_25130_29080_29140.out,KDD21,206_UCR_Anomaly_CHARISten_25130_29080_29140.out,41999,60,0.0014286054429867377,0,7953.7378747113025,3062.4570050590496
data/raw/KDD21/207_UCR_Anomaly_CHARISten_3165_26929_26989.out,KDD21/207_UCR_Anomaly_CHARISten_3165_26929_26989.out,KDD21,207_UCR_Anomaly_CHARISten_3165_26929_26989.out,39869,60,0.0015049286413002583,0,1375.6287341041912,260.1326238741807
data/raw/KDD21/211_UCR_Anomaly_Italianpowerdemand_38113_39240_39336.out,KDD21/211_UCR_Anomaly_Italianpowerdemand_38113_39240_39336.out,KDD21,211_UCR_Anomaly_Italianpowerdemand_38113_39240_39336.out,119579,96,0.0008028165480560968,0,179.47590797720332,45.63367527892155
data/raw/KDD21/208_UCR_Anomaly_CHARISten_5130_27929_27989.out,KDD21/208_UCR_Anomaly_CHARISten_5130_27929_27989.out,KDD21,208_UCR_Anomaly_CHARISten_5130_27929_27989.out,40869,60,0.0014681054099684356,0,179.77907460422324,1249.874131592446
data/raw/KDD21/210_UCR_Anomaly_Italianpowerdemand_36123_74900_74996.out,KDD21/210_UCR_Anomaly_Italianpowerdemand_36123_74900_74996.out,KDD21,210_UCR_Anomaly_Italianpowerdemand_36123_74900_74996.out,119818,96,0.0008012151763507987,0,179.5056477324442,45.65111072959597
data/raw/KDD21/209_UCR_Anomaly_Fantasia_19000_26970_27270.out,KDD21/209_UCR_Anomaly_Fantasia_19000_26970_27270.out,KDD21,209_UCR_Anomaly_Fantasia_19000_26970_27270.out,91999,300,0.0032609050098370636,0,16191.989825976369,635.4657510690283
data/raw/KDD21/214_UCR_Anomaly_STAFFIIIDatabase_34211_125720_126370.out,KDD21/214_UCR_Anomaly_STAFFIIIDatabase_34211_125720_126370.out,KDD21,214_UCR_Anomaly_STAFFIIIDatabase_34211_125720_126370.out,299689,650,0.002168915108662647,0,24.509638325063648,308.45276145896526
data/raw/KDD21/212_UCR_Anomaly_Italianpowerdemand_8913_29480_29504.out,KDD21/212_UCR_Anomaly_Italianpowerdemand_8913_29480_29504.out,KDD21,212_UCR_Anomaly_Italianpowerdemand_8913_29480_29504.out,29930,24,0.0008018710324089542,0,179.48599398596724,45.95081466155275
data/raw/KDD21/213_UCR_Anomaly_STAFFIIIDatabase_33211_126920_127370.out,KDD21/213_UCR_Anomaly_STAFFIIIDatabase_33211_126920_127370.out,KDD21,213_UCR_Anomaly_STAFFIIIDatabase_33211_126920_127370.out,299999,450,0.0015000050000166668,0,31.609772032573442,272.91109736643375
data/raw/KDD21/216_UCR_Anomaly_STAFFIIIDatabase_37216_160720_161370.out,KDD21/216_UCR_Anomaly_STAFFIIIDatabase_37216_160720_161370.out,KDD21,216_UCR_Anomaly_STAFFIIIDatabase_37216_160720_161370.out,299889,650,0.0021674686300597887,0,-274.941331626035,348.93067359513253
data/raw/KDD21/215_UCR_Anomaly_STAFFIIIDatabase_36276_106720_107370.out,KDD21/215_UCR_Anomaly_STAFFIIIDatabase_36276_106720_107370.out,KDD21,215_UCR_Anomaly_STAFFIIIDatabase_36276_106720_107370.out,299989,650,0.002166746114024181,0,-63.79277906856585,335.57629033091024
data/raw/KDD21/218_UCR_Anomaly_STAFFIIIDatabase_41117_210720_211370.out,KDD21/218_UCR_Anomaly_STAFFIIIDatabase_41117_210720_211370.out,KDD21,218_UCR_Anomaly_STAFFIIIDatabase_41117_210720_211370.out,299939,650,0.00216710731182007,0,31.566385831785794,272.75173300117024
data/raw/KDD21/217_UCR_Anomaly_STAFFIIIDatabase_38211_150720_151370.out,KDD21/217_UCR_Anomaly_STAFFIIIDatabase_38211_150720_151370.out,KDD21,217_UCR_Anomaly_STAFFIIIDatabase_38211_150720_151370.out,299689,650,0.002168915108662647,0,24.578596478349223,308.062309311532
data/raw/KDD21/219_UCR_Anomaly_STAFFIIIDatabase_41612_64632_64852.out,KDD21/219_UCR_Anomaly_STAFFIIIDatabase_41612_64632_64852.out,KDD21,219_UCR_Anomaly_STAFFIIIDatabase_41612_64632_64852.out,299839,220,0.0007337271002104463,0,31.692378910015037,272.752398948801
data/raw/KDD21/220_UCR_Anomaly_STAFFIIIDatabase_43217_250720_251370.out,KDD21/220_UCR_Anomaly_STAFFIIIDatabase_43217_250720_251370.out,KDD21,220_UCR_Anomaly_STAFFIIIDatabase_43217_250720_251370.out,299789,650,0.002168191628111772,0,-146.70191034360835,140.0904299511712
data/raw/KDD21/221_UCR_Anomaly_STAFFIIIDatabase_45616_163632_164852.out,KDD21/221_UCR_Anomaly_STAFFIIIDatabase_45616_163632_164852.out,KDD21,221_UCR_Anomaly_STAFFIIIDatabase_45616_163632_164852.out,298339,1220,0.004089307800857414,0,-63.611590170912955,335.7567441958427
data/raw/KDD21/222_UCR_Anomaly_mit14046longtermecg_56123_91200_91700.out,KDD21/222_UCR_Anomaly_mit14046longtermecg_56123_91200_91700.out,KDD21,222_UCR_Anomaly_mit14046longtermecg_56123_91200_91700.out,211501,500,0.002364055016288339,0,-0.023591803348447522,0.9851599803233969
data/raw/KDD21/223_UCR_Anomaly_mit14046longtermecg_74123_131200_131700.out,KDD21/223_UCR_Anomaly_mit14046longtermecg_74123_131200_131700.out,KDD21,223_UCR_Anomaly_mit14046longtermecg_74123_131200_131700.out,180385,500,0.002771849100534967,0,-0.012646519416085038,0.43817997962605976
data/raw/KDD21/224_UCR_Anomaly_mit14046longtermecg_76123_191200_191700.out,KDD21/224_UCR_Anomaly_mit14046longtermecg_76123_191200_191700.out,KDD21,224_UCR_Anomaly_mit14046longtermecg_76123_191200_191700.out,199752,500,0.0025031038487724777,0,-0.02346759982378149,0.9879743974197724
data/raw/KDD21/225_UCR_Anomaly_mit14046longtermecg_81214_143000_143300.out,KDD21/225_UCR_Anomaly_mit14046longtermecg_81214_143000_143300.out,KDD21,225_UCR_Anomaly_mit14046longtermecg_81214_143000_143300.out,199998,300,0.0015000150001500015,0,-0.01270462704627046,0.43324558115662687
data/raw/KDD21/231_UCR_Anomaly_mit14134longtermecg_8763_47530_47790.out,KDD21/231_UCR_Anomaly_mit14134longtermecg_8763_47530_47790.out,KDD21,231_UCR_Anomaly_mit14134longtermecg_8763_47530_47790.out,58999,260,0.004406854353463618,0,-0.017289547280462378,0.5111379748173613
data/raw/KDD21/230_UCR_Anomaly_mit14134longtermecg_19363_19510_19610.out,KDD21/230_UCR_Anomaly_mit14134longtermecg_19363_19510_19610.out,KDD21,230_UCR_Anomaly_mit14134longtermecg_19363_19510_19610.out,58999,100,0.0016949439821013915,0,-0.012469872370718152,0.5115404061011334
data/raw/KDD21/229_UCR_Anomaly_mit14134longtermecg_16363_57960_57970.out,KDD21/229_UCR_Anomaly_mit14134longtermecg_16363_57960_57970.out,KDD21,229_UCR_Anomaly_mit14134longtermecg_16363_57960_57970.out,58999,10,0.00016949439821013917,0,-0.012028339463380737,0.33332356595956514
data/raw/KDD21/233_UCR_Anomaly_mit14157longtermecg_18913_24500_24501.out,KDD21/233_UCR_Anomaly_mit14157longtermecg_18913_24500_24501.out,KDD21,233_UCR_Anomaly_mit14157longtermecg_18913_24500_24501.out,92709,1,1.0786439288526465e-05,0,-0.01731613018227141,0.5530067213004176
data/raw/KDD21/227_UCR_Anomaly_mit14134longtermecg_11231_29000_29100.out,KDD21/227_UCR_Anomaly_mit14134longtermecg_11231_29000_29100.out,KDD21,227_UCR_Anomaly_mit14134longtermecg_11231_29000_29100.out,59301,100,0.0016863122038414191,0,-0.01691488941440111,0.5433990941366759
data/raw/KDD21/228_UCR_Anomaly_mit14134longtermecg_11361_47830_47850.out,KDD21/228_UCR_Anomaly_mit14134longtermecg_11361_47830_47850.out,KDD21,228_UCR_Anomaly_mit14134longtermecg_11361_47830_47850.out,58999,20,0.00033898879642027833,0,-0.012222749538127766,0.3001886224834917
data/raw/KDD21/232_UCR_Anomaly_mit14134longtermecg_8763_57530_57790.out,KDD21/232_UCR_Anomaly_mit14134longtermecg_8763_57530_57790.out,KDD21,232_UCR_Anomaly_mit14134longtermecg_8763_57530_57790.out,58999,260,0.004406854353463618,0,-0.017081509856099256,0.5107611314214948
data/raw/KDD21/226_UCR_Anomaly_mit14046longtermecg_96123_123000_123300.out,KDD21/226_UCR_Anomaly_mit14046longtermecg_96123_123000_123300.out,KDD21,226_UCR_Anomaly_mit14046longtermecg_96123_123000_123300.out,190000,300,0.0015789473684210526,0,-0.012397210526315788,0.4446631615044123
data/raw/KDD21/235_UCR_Anomaly_mit14157longtermecg_18913_75450_75451.out,KDD21/235_UCR_Anomaly_mit14157longtermecg_18913_75450_75451.out,KDD21,235_UCR_Anomaly_mit14157longtermecg_18913_75450_75451.out,97299,1,1.0277597919814182e-05,0,-0.017139059330873903,0.5591160360219675
data/raw/KDD21/234_UCR_Anomaly_mit14157longtermecg_18913_24600_24601.out,KDD21/234_UCR_Anomaly_mit14157longtermecg_18913_24600_24601.out,KDD21,234_UCR_Anomaly_mit14157longtermecg_18913_24600_24601.out,98709,1,1.0130788479267342e-05,0,-0.017074755686749637,0.5650712174997852
data/raw/KDD21/238_UCR_Anomaly_mit14157longtermecg_21311_72600_72780.out,KDD21/238_UCR_Anomaly_mit14157longtermecg_21311_72600_72780.out,KDD21,238_UCR_Anomaly_mit14157longtermecg_21311_72600_72780.out,98999,180,0.0018182001838402408,0,-0.01633199998494126,0.4471776291085778
data/raw/KDD21/237_UCR_Anomaly_mit14157longtermecg_19313_89560_90370.out,KDD21/237_UCR_Anomaly_mit14157longtermecg_19313_89560_90370.out,KDD21,237_UCR_Anomaly_mit14157longtermecg_19313_89560_90370.out,96999,810,0.008350601552593326,0,-0.017004470856318107,0.5699166255816489
data/raw/KDD21/236_UCR_Anomaly_mit14157longtermecg_19313_46350_46390.out,KDD21/236_UCR_Anomaly_mit14157longtermecg_19313_46350_46390.out,KDD21,236_UCR_Anomaly_mit14157longtermecg_19313_46350_46390.out,96999,40,0.00041237538531325063,0,-0.017646758713607356,0.5628199456285463
data/raw/KDD21/239_UCR_Anomaly_taichidbS0715Master_190037_593450_593514.out,KDD21/239_UCR_Anomaly_taichidbS0715Master_190037_593450_593514.out,KDD21,239_UCR_Anomaly_taichidbS0715Master_190037_593450_593514.out,897666,64,7.129600541849641e-05,0,-1074.2582809196294,1472.7259467721426
data/raw/KDD21/240_UCR_Anomaly_taichidbS0715Master_240030_884100_884200.out,KDD21/240_UCR_Anomaly_taichidbS0715Master_240030_884100_884200.out,KDD21,240_UCR_Anomaly_taichidbS0715Master_240030_884100_884200.out,899999,100,0.00011111123456803841,0,-1073.7509286121428,1472.9938062178246
data/raw/KDD21/241_UCR_Anomaly_taichidbS0715Master_250000_837400_839100.out,KDD21/241_UCR_Anomaly_taichidbS0715Master_250000_837400_839100.out,KDD21,241_UCR_Anomaly_taichidbS0715Master_250000_837400_839100.out,899999,1700,0.001888890987656653,0,-960.2901236556196,1564.0636831695215
data/raw/KDD21/242_UCR_Anomaly_tilt12744mtable_100000_104630_104890.out,KDD21/242_UCR_Anomaly_tilt12744mtable_100000_104630_104890.out,KDD21,242_UCR_Anomaly_tilt12744mtable_100000_104630_104890.out,286666,260,0.000906978853439194,0,4143.0425092686255,894.4415855856278
data/raw/KDD21/244_UCR_Anomaly_tilt12754table_100013_104630_104890.out,KDD21/244_UCR_Anomaly_tilt12754table_100013_104630_104890.out,KDD21,244_UCR_Anomaly_tilt12754table_100013_104630_104890.out,300261,260,0.0008659133220764602,0,5487.717783306523,1110.975688780929
data/raw/KDD21/245_UCR_Anomaly_tilt12754table_100211_270800_271070.out,KDD21/245_UCR_Anomaly_tilt12754table_100211_270800_271070.out,KDD21,245_UCR_Anomaly_tilt12754table_100211_270800_271070.out,298746,270,0.0009037777911670784,0,5487.380847495197,1111.3577964114452
data/raw/KDD21/243_UCR_Anomaly_tilt12744mtable_100000_203355_203400.out,KDD21/243_UCR_Anomaly_tilt12744mtable_100000_203355_203400.out,KDD21,243_UCR_Anomaly_tilt12744mtable_100000_203355_203400.out,250000,45,0.00018,0,4136.0638012928,897.1941848772066
data/raw/KDD21/250_UCR_Anomaly_weallwalk_2951_7290_7296.out,KDD21/250_UCR_Anomaly_weallwalk_2951_7290_7296.out,KDD21,250_UCR_Anomaly_weallwalk_2951_7290_7296.out,10467,6,0.0005732301519059903,0,-1.1853710356186107,0.39439547494404564
data/raw/KDD21/246_UCR_Anomaly_tilt12755mtable_100211_270800_271070.out,KDD21/246_UCR_Anomaly_tilt12755mtable_100211_270800_271070.out,KDD21,246_UCR_Anomaly_tilt12755mtable_100211_270800_271070.out,299866,270,0.0009004021796402393,0,5041.731537864913,889.3227790934877
data/raw/KDD21/247_UCR_Anomaly_tilt12755mtable_50211_121900_121980.out,KDD21/247_UCR_Anomaly_tilt12755mtable_50211_121900_121980.out,KDD21,247_UCR_Anomaly_tilt12755mtable_50211_121900_121980.out,199999,80,0.00040000200001,0,4978.54115603878,876.7764826444128
data/raw/KDD21/248_UCR_Anomaly_weallwalk_2000_4702_4707.out,KDD21/248_UCR_Anomaly_weallwalk_2000_4702_4707.out,KDD21,248_UCR_Anomaly_weallwalk_2000_4702_4707.out,8431,5,0.0005930494603249911,0,-1.1852328547521052,0.3987630442663355
data/raw/KDD21/249_UCR_Anomaly_weallwalk_2753_8285_8315.out,KDD21/249_UCR_Anomaly_weallwalk_2753_8285_8315.out,KDD21,249_UCR_Anomaly_weallwalk_2753_8285_8315.out,10523,30,0.0028508980328803574,0,-1.1858747765668538,0.3927022913992839
data/raw/ECG/MBA_ECG803_data.out,ECG/MBA_ECG803_data.out,ECG,MBA_ECG803_data.out,230399,11025,0.04785177018997478,0,-0.041067344042291856,0.2037277686735822
data/raw/ECG/MBA_ECG801_data.out,ECG/MBA_ECG801_data.out,ECG,MBA_ECG801_data.out,227899,28875,0.12670086310163714,0,-0.0038255323630204596,0.5988689406121825
data/raw/ECG/MBA_ECG805_data.out,ECG/MBA_ECG805_data.out,ECG,MBA_ECG805_data.out,230399,20200,0.08767399164058871,0,-0.023789708288664457,0.6900596038273986
data/raw/ECG/MBA_ECG806_data.out,ECG/MBA_ECG806_data.out,ECG,MBA_ECG806_data.out,230399,5214,0.022630306555149977,0,-0.04255619599043398,0.12742918431917133
data/raw/ECG/MBA_ECG820_data.out,ECG/MBA_ECG820_data.out,ECG,MBA_ECG820_data.out,230399,14386,0.0624395071159163,0,-0.04641537072643545,0.15095045262582485
data/raw/ECG/MBA_ECG14046_data.out,ECG/MBA_ECG14046_data.out,ECG,MBA_ECG14046_data.out,10828799,733267,0.06771452679101349,0,-0.012564151389272247,0.335723147610165
data/raw/ECG/MBA_ECG14046_data_0.out,ECG/MBA_ECG14046_data_0.out,ECG,MBA_ECG14046_data_0.out,229899,21105,0.09180118225829603,0,-0.012665605331036672,0.43032649240217724
data/raw/ECG/MBA_ECG14046_data_4.out,ECG/MBA_ECG14046_data_4.out,ECG,MBA_ECG14046_data_4.out,229899,50805,0.220988347056751,0,-0.012540637410341065,0.4293435484609995
data/raw/ECG/MBA_ECG14046_data_6.out,ECG/MBA_ECG14046_data_6.out,ECG,MBA_ECG14046_data_6.out,229899,13240,0.057590507135742215,0,-0.012536505160961987,0.2896151712864295
data/raw/ECG/MBA_ECG14046_data_2.out,ECG/MBA_ECG14046_data_2.out,ECG,MBA_ECG14046_data_2.out,229899,17354,0.0754853218152319,0,-0.012527414212328024,0.23074084995405766
data/raw/ECG/MBA_ECG14046_data_3.out,ECG/MBA_ECG14046_data_3.out,ECG,MBA_ECG14046_data_3.out,229899,52685,0.22916585109113133,0,-0.012566605335386408,0.4230286226149157
data/raw/ECG/MBA_ECG14046_data_1.out,ECG/MBA_ECG14046_data_1.out,ECG,MBA_ECG14046_data_1.out,229899,36478,0.1586696766841091,0,-0.012509275812421972,0.33770180816739875
data/raw/ECG/MBA_ECG14046_data_5.out,ECG/MBA_ECG14046_data_5.out,ECG,MBA_ECG14046_data_5.out,229899,22920,0.09969595344042384,0,-0.012611538110213615,0.3125822837229917
data/raw/ECG/MBA_ECG14046_data_7.out,ECG/MBA_ECG14046_data_7.out,ECG,MBA_ECG14046_data_7.out,229899,6675,0.02903448905823862,0,-0.012583482311797789,0.25195786059322217
data/raw/ECG/MBA_ECG14046_data_11.out,ECG/MBA_ECG14046_data_11.out,ECG,MBA_ECG14046_data_11.out,229899,12746,0.05544173745862314,0,-0.012599097864714503,0.4126256413288357
data/raw/ECG/MBA_ECG14046_data_8.out,ECG/MBA_ECG14046_data_8.out,ECG,MBA_ECG14046_data_8.out,229899,8876,0.03860825840912749,0,-0.012527153228156715,0.45155765720580265
data/raw/ECG/MBA_ECG14046_data_10.out,ECG/MBA_ECG14046_data_10.out,ECG,MBA_ECG14046_data_10.out,229899,8130,0.03536335521250636,0,-0.012632025367661451,0.3689806636144954
data/raw/ECG/MBA_ECG14046_data_9.out,ECG/MBA_ECG14046_data_9.out,ECG,MBA_ECG14046_data_9.out,229899,10299,0.04479793300536322,0,-0.012622499445408634,0.42461236504475985
data/raw/ECG/MBA_ECG14046_data_13.out,ECG/MBA_ECG14046_data_13.out,ECG,MBA_ECG14046_data_13.out,229899,8265,0.03595056959795388,0,-0.01256817124041427,0.19534978190908348
data/raw/ECG/MBA_ECG14046_data_16.out,ECG/MBA_ECG14046_data_16.out,ECG,MBA_ECG14046_data_16.out,229899,12237,0.05322772173867655,0,-0.012516278887685462,0.25093472924189
data/raw/ECG/MBA_ECG14046_data_15.out,ECG/MBA_ECG14046_data_15.out,ECG,MBA_ECG14046_data_15.out,229899,13066,0.05683365303894319,0,-0.012553773613630333,0.2151158897802265
data/raw/ECG/MBA_ECG14046_data_12.out,ECG/MBA_ECG14046_data_12.out,ECG,MBA_ECG14046_data_12.out,229899,14317,0.0622751730107569,0,-0.012613017020517705,0.27561491620225526
data/raw/ECG/MBA_ECG14046_data_14.out,ECG/MBA_ECG14046_data_14.out,ECG,MBA_ECG14046_data_14.out,229899,10159,0.0441889699389732,0,-0.012589919921356774,0.19978962120995494
data/raw/ECG/MBA_ECG14046_data_22.out,ECG/MBA_ECG14046_data_22.out,ECG,MBA_ECG14046_data_22.out,229899,9675,0.04208369762373912,0,-0.012506013510280599,0.19353189467569076
data/raw/ECG/MBA_ECG14046_data_19.out,ECG/MBA_ECG14046_data_19.out,ECG,MBA_ECG14046_data_19.out,229899,11184,0.048647449532185874,0,-0.012586440132405974,0.4417337176252406
data/raw/ECG/MBA_ECG14046_data_20.out,ECG/MBA_ECG14046_data_20.out,ECG,MBA_ECG14046_data_20.out,229899,12491,0.05433255473055559,0,-0.012666388283550606,0.43326745135990974
data/raw/ECG/MBA_ECG14046_data_21.out,ECG/MBA_ECG14046_data_21.out,ECG,MBA_ECG14046_data_21.out,229899,7229,0.03144424290666771,0,-0.012491354899325359,0.38460133343557473
data/raw/ECG/MBA_ECG14046_data_17.out,ECG/MBA_ECG14046_data_17.out,ECG,MBA_ECG14046_data_17.out,229899,9400,0.04088752017190157,0,-0.012585309200996962,0.24830616359841415
data/raw/ECG/MBA_ECG14046_data_18.out,ECG/MBA_ECG14046_data_18.out,ECG,MBA_ECG14046_data_18.out,229899,12072,0.05251001526757402,0,-0.012616366317382851,0.4738512940034963
data/raw/ECG/MBA_ECG14046_data_25.out,ECG/MBA_ECG14046_data_25.out,ECG,MBA_ECG14046_data_25.out,229899,8241,0.03584617592942988,0,-0.012524195407548535,0.22630790531162903
data/raw/ECG/MBA_ECG14046_data_26.out,ECG/MBA_ECG14046_data_26.out,ECG,MBA_ECG14046_data_26.out,229899,6731,0.029278074284794627,0,-0.012534286795505853,0.2514757714578283
data/raw/ECG/MBA_ECG14046_data_27.out,ECG/MBA_ECG14046_data_27.out,ECG,MBA_ECG14046_data_27.out,229899,7929,0.03448905823861783,0,-0.01245129382902927,0.2987539905205594
data/raw/ECG/MBA_ECG14046_data_24.out,ECG/MBA_ECG14046_data_24.out,ECG,MBA_ECG14046_data_24.out,229899,4575,0.019900043062388267,0,-0.01261636631738285,0.22252939256151233
data/raw/ECG/MBA_ECG14046_data_23.out,ECG/MBA_ECG14046_data_23.out,ECG,MBA_ECG14046_data_23.out,229899,9300,0.040452546553051555,0,-0.012591746810555937,0.2396554381312088
data/raw/ECG/MBA_ECG14046_data_31.out,ECG/MBA_ECG14046_data_31.out,ECG,MBA_ECG14046_data_31.out,229899,11120,0.04836906641612186,0,-0.01261836719602956,0.35302874396863676
data/raw/ECG/MBA_ECG14046_data_32.out,ECG/MBA_ECG14046_data_32.out,ECG,MBA_ECG14046_data_32.out,229899,10288,0.044750085907289724,0,-0.012539941452550898,0.31238018539817103
data/raw/ECG/MBA_ECG14046_data_30.out,ECG/MBA_ECG14046_data_30.out,ECG,MBA_ECG14046_data_30.out,229899,7759,0.0337496030865728,0,-0.012585961661425232,0.3147121913873401
data/raw/ECG/MBA_ECG14046_data_29.out,ECG/MBA_ECG14046_data_29.out,ECG,MBA_ECG14046_data_29.out,229899,4725,0.02055250349066329,0,-0.012429893126981846,0.2925162038856785
data/raw/ECG/MBA_ECG14046_data_28.out,ECG/MBA_ECG14046_data_28.out,ECG,MBA_ECG14046_data_28.out,229899,6046,0.026298504995672014,0,-0.012728154537427303,0.2767106062844059
data/raw/ECG/MBA_ECG14046_data_38.out,ECG/MBA_ECG14046_data_38.out,ECG,MBA_ECG14046_data_38.out,229899,27841,0.12110100522403316,0,-0.01256443046729216,0.40175546139185103
data/raw/ECG/MBA_ECG14046_data_36.out,ECG/MBA_ECG14046_data_36.out,ECG,MBA_ECG14046_data_36.out,229899,11788,0.051274690190039975,0,-0.012561603138769634,0.322652897664035
data/raw/ECG/MBA_ECG14046_data_35.out,ECG/MBA_ECG14046_data_35.out,ECG,MBA_ECG14046_data_35.out,229899,11125,0.04839081509706436,0,-0.012487396639393822,0.31699308532479475
data/raw/ECG/MBA_ECG14046_data_34.out,ECG/MBA_ECG14046_data_34.out,ECG,MBA_ECG14046_data_34.out,229899,11133,0.048425612986572365,0,-0.012466474408327132,0.31553733134572226
data/raw/ECG/MBA_ECG14046_data_33.out,ECG/MBA_ECG14046_data_33.out,ECG,MBA_ECG14046_data_33.out,229899,13910,0.06050483038203733,0,-0.012572912452859734,0.3125166026372786
data/raw/ECG/MBA_ECG14046_data_37.out,ECG/MBA_ECG14046_data_37.out,ECG,MBA_ECG14046_data_37.out,229899,18032,0.07843444295103502,0,-0.012526065794109587,0.32954390569444264
data/raw/ECG/MBA_ECG14046_data_43.out,ECG/MBA_ECG14046_data_43.out,ECG,MBA_ECG14046_data_43.out,229899,31300,0.13614674270005525,0,-0.012455600067855885,0.41684893491973507
data/raw/ECG/MBA_ECG14046_data_39.out,ECG/MBA_ECG14046_data_39.out,ECG,MBA_ECG14046_data_39.out,229899,25785,0.11215794762047682,0,-0.012506752965432646,0.37231857976623217
data/raw/ECG/MBA_ECG14046_data_40.out,ECG/MBA_ECG14046_data_40.out,ECG,MBA_ECG14046_data_40.out,229899,27096,0.11786045176360053,0,-0.01256878020348066,0.3554536281375051
data/raw/ECG/MBA_ECG14046_data_41.out,ECG/MBA_ECG14046_data_41.out,ECG,MBA_ECG14046_data_41.out,229899,33033,0.14368483551472602,0,-0.012541159378683678,0.4236558782387398
data/raw/ECG/MBA_ECG14046_data_42.out,ECG/MBA_ECG14046_data_42.out,ECG,MBA_ECG14046_data_42.out,229899,44840,0.1950421706923475,0,-0.012586788111301053,0.4466832000469391
data/raw/ECG/MBA_ECG14046_data_45.out,ECG/MBA_ECG14046_data_45.out,ECG,MBA_ECG14046_data_45.out,229899,9596,0.04174006846484761,0,-0.012671085998634177,0.30102704271213887
data/raw/ECG/MBA_ECG14046_data_44.out,ECG/MBA_ECG14046_data_44.out,ECG,MBA_ECG14046_data_44.out,229899,2625,0.01141805749481294,0,-0.012610189691995177,0.285998681909881
data/raw/ECG/MBA_ECG14046_data_46.out,ECG/MBA_ECG14046_data_46.out,ECG,MBA_ECG14046_data_46.out,253399,7037,0.02777043319034408,0,-0.012549931136271253,0.27567033067869146
data/raw/GHL/11_Lev_fault_Temp_corr_seed_41_vars_23.test.csv@1.out,GHL/11_Lev_fault_Temp_corr_seed_41_vars_23.test.csv@1.out,GHL,11_Lev_fault_Temp_corr_seed_41_vars_23.test.csv@1.out,200000,144,0.00072,0,2.2724310035139657,0.4152360309709045
data/raw/GHL/11_Lev_fault_Temp_corr_seed_41_vars_23.test.csv@4.out,GHL/11_Lev_fault_Temp_corr_seed_41_vars_23.test.csv@4.out,GHL,11_Lev_fault_Temp_corr_seed_41_vars_23.test.csv@4.out,200000,144,0.00072,0,1.7999654504431573,0.5057801361291433
data/raw/GHL/11_Lev_fault_Temp_corr_seed_41_vars_23.test.csv@10.out,GHL/11_Lev_fault_Temp_corr_seed_41_vars_23.test.csv@10.out,GHL,11_Lev_fault_Temp_corr_seed_41_vars_23.test.csv@10.out,200000,144,0.00072,0,2.3123,6.39526959615409
data/raw/GHL/11_Lev_fault_Temp_corr_seed_41_vars_23.test.csv@8.out,GHL/11_Lev_fault_Temp_corr_seed_41_vars_23.test.csv@8.out,GHL,11_Lev_fault_Temp_corr_seed_41_vars_23.test.csv@8.out,200000,144,0.00072,0,0.115615,0.3197634798073492
data/raw/GHL/11_Lev_fault_Temp_corr_seed_41_vars_23.test.csv@13.out,GHL/11_Lev_fault_Temp_corr_seed_41_vars_23.test.csv@13.out,GHL,11_Lev_fault_Temp_corr_seed_41_vars_23.test.csv@13.out,200000,144,0.00072,0,322.200508001862,10.080714561064905
data/raw/GHL/22_Lev_fault_Temp_corr_seed_777_vars_23.test.csv@4.out,GHL/22_Lev_fault_Temp_corr_seed_777_vars_23.test.csv@4.out,GHL,22_Lev_fault_Temp_corr_seed_777_vars_23.test.csv@4.out,200000,145,0.000725,0,1.8081792599227844,0.514086278540417
data/raw/GHL/22_Lev_fault_Temp_corr_seed_777_vars_23.test.csv@2.out,GHL/22_Lev_fault_Temp_corr_seed_777_vars_23.test.csv@2.out,GHL,22_Lev_fault_Temp_corr_seed_777_vars_23.test.csv@2.out,200000,145,0.000725,0,312.49424746750196,12.917068320973003
data/raw/GHL/22_Lev_fault_Temp_corr_seed_777_vars_23.test.csv@8.out,GHL/22_Lev_fault_Temp_corr_seed_777_vars_23.test.csv@8.out,GHL,22_Lev_fault_Temp_corr_seed_777_vars_23.test.csv@8.out,200000,145,0.000725,0,0.11492,0.31892617040522964
data/raw/GHL/22_Lev_fault_Temp_corr_seed_777_vars_23.test.csv@10.out,GHL/22_Lev_fault_Temp_corr_seed_777_vars_23.test.csv@10.out,GHL,22_Lev_fault_Temp_corr_seed_777_vars_23.test.csv@10.out,200000,145,0.000725,0,2.2984,6.378523408115668
data/raw/GHL/22_Lev_fault_Temp_corr_seed_777_vars_23.test.csv@13.out,GHL/22_Lev_fault_Temp_corr_seed_777_vars_23.test.csv@13.out,GHL,22_Lev_fault_Temp_corr_seed_777_vars_23.test.csv@13.out,200000,145,0.000725,0,322.1399765740962,10.117386943739826
data/raw/GHL/22_Lev_fault_Temp_corr_seed_777_vars_23.test.csv@16.out,GHL/22_Lev_fault_Temp_corr_seed_777_vars_23.test.csv@16.out,GHL,22_Lev_fault_Temp_corr_seed_777_vars_23.test.csv@16.out,200000,145,0.000725,0,100.92009365143733,9.309158219427223
data/raw/GHL/48_Lev_corr_Temp_fault_seed_199_vars_23.test.csv@3.out,GHL/48_Lev_corr_Temp_fault_seed_199_vars_23.test.csv@3.out,GHL,48_Lev_corr_Temp_fault_seed_199_vars_23.test.csv@3.out,200000,2634,0.01317,0,322.38693454025326,10.42675049985783
data/raw/GHL/48_Lev_corr_Temp_fault_seed_199_vars_23.test.csv@16.out,GHL/48_Lev_corr_Temp_fault_seed_199_vars_23.test.csv@16.out,GHL,48_Lev_corr_Temp_fault_seed_199_vars_23.test.csv@16.out,200000,2634,0.01317,0,100.31524008337024,9.926801969964508
data/raw/GHL/39_Lev_corr_Temp_fault_seed_170_vars_23.test.csv@3.out,GHL/39_Lev_corr_Temp_fault_seed_170_vars_23.test.csv@3.out,GHL,39_Lev_corr_Temp_fault_seed_170_vars_23.test.csv@3.out,200000,863,0.004315,0,322.31331891708345,10.09372372156521
data/raw/GHL/19_Lev_fault_Temp_corr_seed_62_vars_23.test.csv@4.out,GHL/19_Lev_fault_Temp_corr_seed_62_vars_23.test.csv@4.out,GHL,19_Lev_fault_Temp_corr_seed_62_vars_23.test.csv@4.out,200000,144,0.00072,0,1.8581578000190848,0.494599823789525
data/raw/GHL/19_Lev_fault_Temp_corr_seed_62_vars_23.test.csv@7.out,GHL/19_Lev_fault_Temp_corr_seed_62_vars_23.test.csv@7.out,GHL,19_Lev_fault_Temp_corr_seed_62_vars_23.test.csv@7.out,200000,144,0.00072,0,285.55019439749407,6.9191691940854705
data/raw/GHL/19_Lev_fault_Temp_corr_seed_62_vars_23.test.csv@8.out,GHL/19_Lev_fault_Temp_corr_seed_62_vars_23.test.csv@8.out,GHL,19_Lev_fault_Temp_corr_seed_62_vars_23.test.csv@8.out,200000,144,0.00072,0,0.117495,0.3220100051660387
data/raw/GHL/19_Lev_fault_Temp_corr_seed_62_vars_23.test.csv@10.out,GHL/19_Lev_fault_Temp_corr_seed_62_vars_23.test.csv@10.out,GHL,19_Lev_fault_Temp_corr_seed_62_vars_23.test.csv@10.out,200000,144,0.00072,0,2.3499,6.4402001033183165
data/raw/GHL/19_Lev_fault_Temp_corr_seed_62_vars_23.test.csv@13.out,GHL/19_Lev_fault_Temp_corr_seed_62_vars_23.test.csv@13.out,GHL,19_Lev_fault_Temp_corr_seed_62_vars_23.test.csv@13.out,200000,144,0.00072,0,322.1433081684875,10.130276031708748
data/raw/GHL/01_Lev_fault_Temp_corr_seed_11_vars_23.test.csv@4.out,GHL/01_Lev_fault_Temp_corr_seed_11_vars_23.test.csv@4.out,GHL,01_Lev_fault_Temp_corr_seed_11_vars_23.test.csv@4.out,200000,144,0.00072,0,1.733506577293404,0.5198528067738885
data/raw/GHL/01_Lev_fault_Temp_corr_seed_11_vars_23.test.csv@8.out,GHL/01_Lev_fault_Temp_corr_seed_11_vars_23.test.csv@8.out,GHL,01_Lev_fault_Temp_corr_seed_11_vars_23.test.csv@8.out,200000,144,0.00072,0,0.111645,0.31492997615246415
data/raw/GHL/01_Lev_fault_Temp_corr_seed_11_vars_23.test.csv@13.out,GHL/01_Lev_fault_Temp_corr_seed_11_vars_23.test.csv@13.out,GHL,01_Lev_fault_Temp_corr_seed_11_vars_23.test.csv@13.out,200000,144,0.00072,0,322.1198937887572,10.071477243914984
data/raw/GHL/01_Lev_fault_Temp_corr_seed_11_vars_23.test.csv@10.out,GHL/01_Lev_fault_Temp_corr_seed_11_vars_23.test.csv@10.out,GHL,01_Lev_fault_Temp_corr_seed_11_vars_23.test.csv@10.out,200000,144,0.00072,0,2.2329,6.298599523035799
data/raw/GHL/37_Lev_corr_Temp_fault_seed_163_vars_23.test.csv@7.out,GHL/37_Lev_corr_Temp_fault_seed_163_vars_23.test.csv@7.out,GHL,37_Lev_corr_Temp_fault_seed_163_vars_23.test.csv@7.out,200000,1066,0.00533,0,284.96765783089785,7.84079014348566
data/raw/GHL/37_Lev_corr_Temp_fault_seed_163_vars_23.test.csv@13.out,GHL/37_Lev_corr_Temp_fault_seed_163_vars_23.test.csv@13.out,GHL,37_Lev_corr_Temp_fault_seed_163_vars_23.test.csv@13.out,200000,1066,0.00533,0,322.43253497131485,10.104541735174147
data/raw/GHL/20_Lev_fault_Temp_corr_seed_67_vars_23.test.csv@1.out,GHL/20_Lev_fault_Temp_corr_seed_67_vars_23.test.csv@1.out,GHL,20_Lev_fault_Temp_corr_seed_67_vars_23.test.csv@1.out,200000,144,0.00072,0,2.213263625781286,0.4808192727379196
data/raw/GHL/20_Lev_fault_Temp_corr_seed_67_vars_23.test.csv@4.out,GHL/20_Lev_fault_Temp_corr_seed_67_vars_23.test.csv@4.out,GHL,20_Lev_fault_Temp_corr_seed_67_vars_23.test.csv@4.out,200000,144,0.00072,0,1.7607846321053937,0.5418795820059344
data/raw/GHL/20_Lev_fault_Temp_corr_seed_67_vars_23.test.csv@2.out,GHL/20_Lev_fault_Temp_corr_seed_67_vars_23.test.csv@2.out,GHL,20_Lev_fault_Temp_corr_seed_67_vars_23.test.csv@2.out,200000,144,0.00072,0,312.03479328048115,13.107929916549867
data/raw/GHL/20_Lev_fault_Temp_corr_seed_67_vars_23.test.csv@8.out,GHL/20_Lev_fault_Temp_corr_seed_67_vars_23.test.csv@8.out,GHL,20_Lev_fault_Temp_corr_seed_67_vars_23.test.csv@8.out,200000,144,0.00072,0,0.11106,0.31420720875034724
data/raw/GHL/20_Lev_fault_Temp_corr_seed_67_vars_23.test.csv@10.out,GHL/20_Lev_fault_Temp_corr_seed_67_vars_23.test.csv@10.out,GHL,20_Lev_fault_Temp_corr_seed_67_vars_23.test.csv@10.out,200000,144,0.00072,0,2.2212,6.284144175009754
data/raw/GHL/20_Lev_fault_Temp_corr_seed_67_vars_23.test.csv@13.out,GHL/20_Lev_fault_Temp_corr_seed_67_vars_23.test.csv@13.out,GHL,20_Lev_fault_Temp_corr_seed_67_vars_23.test.csv@13.out,200000,144,0.00072,0,322.1314636987297,10.0598544615912
data/raw/GHL/12_Lev_fault_Temp_corr_seed_43_vars_23.test.csv@2.out,GHL/12_Lev_fault_Temp_corr_seed_43_vars_23.test.csv@2.out,GHL,12_Lev_fault_Temp_corr_seed_43_vars_23.test.csv@2.out,200000,144,0.00072,0,312.3578131814688,12.914470066987022
data/raw/GHL/12_Lev_fault_Temp_corr_seed_43_vars_23.test.csv@4.out,GHL/12_Lev_fault_Temp_corr_seed_43_vars_23.test.csv@4.out,GHL,12_Lev_fault_Temp_corr_seed_43_vars_23.test.csv@4.out,200000,144,0.00072,0,1.8303806988734272,0.47951348587483844
data/raw/GHL/12_Lev_fault_Temp_corr_seed_43_vars_23.test.csv@8.out,GHL/12_Lev_fault_Temp_corr_seed_43_vars_23.test.csv@8.out,GHL,12_Lev_fault_Temp_corr_seed_43_vars_23.test.csv@8.out,200000,144,0.00072,0,0.115385,0.31948679492978904
data/raw/GHL/12_Lev_fault_Temp_corr_seed_43_vars_23.test.csv@10.out,GHL/12_Lev_fault_Temp_corr_seed_43_vars_23.test.csv@10.out,GHL,12_Lev_fault_Temp_corr_seed_43_vars_23.test.csv@10.out,200000,144,0.00072,0,2.3077,6.389735898598151
data/raw/GHL/12_Lev_fault_Temp_corr_seed_43_vars_23.test.csv@13.out,GHL/12_Lev_fault_Temp_corr_seed_43_vars_23.test.csv@13.out,GHL,12_Lev_fault_Temp_corr_seed_43_vars_23.test.csv@13.out,200000,144,0.00072,0,322.0850438392646,10.163952301914913
data/raw/GHL/40_Lev_corr_Temp_fault_seed_180_vars_23.test.csv@3.out,GHL/40_Lev_corr_Temp_fault_seed_180_vars_23.test.csv@3.out,GHL,40_Lev_corr_Temp_fault_seed_180_vars_23.test.csv@3.out,200000,1726,0.00863,0,322.43448859741284,10.291798146339978
data/raw/GHL/34_Lev_corr_Temp_fault_seed_151_vars_23.test.csv@1.out,GHL/34_Lev_corr_Temp_fault_seed_151_vars_23.test.csv@1.out,GHL,34_Lev_corr_Temp_fault_seed_151_vars_23.test.csv@1.out,200000,1203,0.006015,0,2.1752824141746294,0.4503838079935933
data/raw/GHL/34_Lev_corr_Temp_fault_seed_151_vars_23.test.csv@13.out,GHL/34_Lev_corr_Temp_fault_seed_151_vars_23.test.csv@13.out,GHL,34_Lev_corr_Temp_fault_seed_151_vars_23.test.csv@13.out,200000,1203,0.006015,0,322.4593137068165,10.075040166129401
data/raw/GHL/06_Lev_fault_Temp_corr_seed_29_vars_23.test.csv@2.out,GHL/06_Lev_fault_Temp_corr_seed_29_vars_23.test.csv@2.out,GHL,06_Lev_fault_Temp_corr_seed_29_vars_23.test.csv@2.out,200000,144,0.00072,0,312.28618652740903,13.031907033400339
data/raw/GHL/06_Lev_fault_Temp_corr_seed_29_vars_23.test.csv@4.out,GHL/06_Lev_fault_Temp_corr_seed_29_vars_23.test.csv@4.out,GHL,06_Lev_fault_Temp_corr_seed_29_vars_23.test.csv@4.out,200000,144,0.00072,0,1.805293378186744,0.48936578707554174
data/raw/GHL/06_Lev_fault_Temp_corr_seed_29_vars_23.test.csv@10.out,GHL/06_Lev_fault_Temp_corr_seed_29_vars_23.test.csv@10.out,GHL,06_Lev_fault_Temp_corr_seed_29_vars_23.test.csv@10.out,200000,144,0.00072,0,2.2598,6.331627311178773
data/raw/GHL/06_Lev_fault_Temp_corr_seed_29_vars_23.test.csv@8.out,GHL/06_Lev_fault_Temp_corr_seed_29_vars_23.test.csv@8.out,GHL,06_Lev_fault_Temp_corr_seed_29_vars_23.test.csv@8.out,200000,144,0.00072,0,0.11299,0.3165813655578522
data/raw/GHL/06_Lev_fault_Temp_corr_seed_29_vars_23.test.csv@13.out,GHL/06_Lev_fault_Temp_corr_seed_29_vars_23.test.csv@13.out,GHL,06_Lev_fault_Temp_corr_seed_29_vars_23.test.csv@13.out,200000,144,0.00072,0,322.130707646636,10.120066403573828
data/raw/GHL/07_Lev_fault_Temp_corr_seed_31_vars_23.test.csv@2.out,GHL/07_Lev_fault_Temp_corr_seed_31_vars_23.test.csv@2.out,GHL,07_Lev_fault_Temp_corr_seed_31_vars_23.test.csv@2.out,200000,144,0.00072,0,312.9106135873256,12.66061110260876
data/raw/GHL/07_Lev_fault_Temp_corr_seed_31_vars_23.test.csv@4.out,GHL/07_Lev_fault_Temp_corr_seed_31_vars_23.test.csv@4.out,GHL,07_Lev_fault_Temp_corr_seed_31_vars_23.test.csv@4.out,200000,144,0.00072,0,1.7988593741601089,0.5141511374187272
data/raw/GHL/07_Lev_fault_Temp_corr_seed_31_vars_23.test.csv@10.out,GHL/07_Lev_fault_Temp_corr_seed_31_vars_23.test.csv@10.out,GHL,07_Lev_fault_Temp_corr_seed_31_vars_23.test.csv@10.out,200000,144,0.00072,0,2.3244,6.4097870531489205
data/raw/GHL/07_Lev_fault_Temp_corr_seed_31_vars_23.test.csv@8.out,GHL/07_Lev_fault_Temp_corr_seed_31_vars_23.test.csv@8.out,GHL,07_Lev_fault_Temp_corr_seed_31_vars_23.test.csv@8.out,200000,144,0.00072,0,0.11622,0.3204893526579615
data/raw/GHL/07_Lev_fault_Temp_corr_seed_31_vars_23.test.csv@13.out,GHL/07_Lev_fault_Temp_corr_seed_31_vars_23.test.csv@13.out,GHL,07_Lev_fault_Temp_corr_seed_31_vars_23.test.csv@13.out,200000,144,0.00072,0,322.2334057720937,10.058717478803898
data/raw/GHL/35_Lev_corr_Temp_fault_seed_153_vars_23.test.csv@1.out,GHL/35_Lev_corr_Temp_fault_seed_153_vars_23.test.csv@1.out,GHL,35_Lev_corr_Temp_fault_seed_153_vars_23.test.csv@1.out,200000,1125,0.005625,0,2.1971329332461216,0.45057282862633274
data/raw/GHL/35_Lev_corr_Temp_fault_seed_153_vars_23.test.csv@4.out,GHL/35_Lev_corr_Temp_fault_seed_153_vars_23.test.csv@4.out,GHL,35_Lev_corr_Temp_fault_seed_153_vars_23.test.csv@4.out,200000,1125,0.005625,0,1.7367877982809148,0.5202452819162655
data/raw/GHL/35_Lev_corr_Temp_fault_seed_153_vars_23.test.csv@12.out,GHL/35_Lev_corr_Temp_fault_seed_153_vars_23.test.csv@12.out,GHL,35_Lev_corr_Temp_fault_seed_153_vars_23.test.csv@12.out,200000,1125,0.005625,0,0.8756468771395121,0.5245254592571512
data/raw/GHL/35_Lev_corr_Temp_fault_seed_153_vars_23.test.csv@13.out,GHL/35_Lev_corr_Temp_fault_seed_153_vars_23.test.csv@13.out,GHL,35_Lev_corr_Temp_fault_seed_153_vars_23.test.csv@13.out,200000,1125,0.005625,0,322.2949413856511,10.123337452807665
data/raw/GHL/14_Lev_fault_Temp_corr_seed_47_vars_23.test.csv@2.out,GHL/14_Lev_fault_Temp_corr_seed_47_vars_23.test.csv@2.out,GHL,14_Lev_fault_Temp_corr_seed_47_vars_23.test.csv@2.out,200000,144,0.00072,0,312.90833082381675,12.56443636390577
data/raw/GHL/14_Lev_fault_Temp_corr_seed_47_vars_23.test.csv@4.out,GHL/14_Lev_fault_Temp_corr_seed_47_vars_23.test.csv@4.out,GHL,14_Lev_fault_Temp_corr_seed_47_vars_23.test.csv@4.out,200000,144,0.00072,0,1.871113778583234,0.5296476187025041
data/raw/GHL/14_Lev_fault_Temp_corr_seed_47_vars_23.test.csv@10.out,GHL/14_Lev_fault_Temp_corr_seed_47_vars_23.test.csv@10.out,GHL,14_Lev_fault_Temp_corr_seed_47_vars_23.test.csv@10.out,200000,144,0.00072,0,2.327,6.412899237184378
data/raw/GHL/14_Lev_fault_Temp_corr_seed_47_vars_23.test.csv@8.out,GHL/14_Lev_fault_Temp_corr_seed_47_vars_23.test.csv@8.out,GHL,14_Lev_fault_Temp_corr_seed_47_vars_23.test.csv@8.out,200000,144,0.00072,0,0.11635,0.32064496185942115
data/raw/GHL/14_Lev_fault_Temp_corr_seed_47_vars_23.test.csv@13.out,GHL/14_Lev_fault_Temp_corr_seed_47_vars_23.test.csv@13.out,GHL,14_Lev_fault_Temp_corr_seed_47_vars_23.test.csv@13.out,200000,144,0.00072,0,322.23057265106206,10.079750428490822
data/raw/GHL/41_Lev_corr_Temp_fault_seed_181_vars_23.test.csv@3.out,GHL/41_Lev_corr_Temp_fault_seed_181_vars_23.test.csv@3.out,GHL,41_Lev_corr_Temp_fault_seed_181_vars_23.test.csv@3.out,200000,3451,0.017255,0,322.71046570861773,10.428953026891788
data/raw/GHL/36_Lev_corr_Temp_fault_seed_159_vars_23.test.csv@13.out,GHL/36_Lev_corr_Temp_fault_seed_159_vars_23.test.csv@13.out,GHL,36_Lev_corr_Temp_fault_seed_159_vars_23.test.csv@13.out,200000,2039,0.010195,0,322.4046350138857,10.2621751675408
data/raw/GHL/03_Lev_fault_Temp_corr_seed_19_vars_23.test.csv@1.out,GHL/03_Lev_fault_Temp_corr_seed_19_vars_23.test.csv@1.out,GHL,03_Lev_fault_Temp_corr_seed_19_vars_23.test.csv@1.out,200000,145,0.000725,0,2.2488223317294684,0.4085035606123549
data/raw/GHL/03_Lev_fault_Temp_corr_seed_19_vars_23.test.csv@2.out,GHL/03_Lev_fault_Temp_corr_seed_19_vars_23.test.csv@2.out,GHL,03_Lev_fault_Temp_corr_seed_19_vars_23.test.csv@2.out,200000,145,0.000725,0,312.28692551116677,13.21561488629747
data/raw/GHL/03_Lev_fault_Temp_corr_seed_19_vars_23.test.csv@8.out,GHL/03_Lev_fault_Temp_corr_seed_19_vars_23.test.csv@8.out,GHL,03_Lev_fault_Temp_corr_seed_19_vars_23.test.csv@8.out,200000,145,0.000725,0,0.111115,0.31427527841010194
data/raw/GHL/03_Lev_fault_Temp_corr_seed_19_vars_23.test.csv@4.out,GHL/03_Lev_fault_Temp_corr_seed_19_vars_23.test.csv@4.out,GHL,03_Lev_fault_Temp_corr_seed_19_vars_23.test.csv@4.out,200000,145,0.000725,0,1.784638991626169,0.49350206440412425
data/raw/GHL/03_Lev_fault_Temp_corr_seed_19_vars_23.test.csv@13.out,GHL/03_Lev_fault_Temp_corr_seed_19_vars_23.test.csv@13.out,GHL,03_Lev_fault_Temp_corr_seed_19_vars_23.test.csv@13.out,200000,145,0.000725,0,322.1759555101023,10.12465511945027
data/raw/GHL/03_Lev_fault_Temp_corr_seed_19_vars_23.test.csv@10.out,GHL/03_Lev_fault_Temp_corr_seed_19_vars_23.test.csv@10.out,GHL,03_Lev_fault_Temp_corr_seed_19_vars_23.test.csv@10.out,200000,145,0.000725,0,2.2223,6.285505568202107
data/raw/GHL/15_Lev_fault_Temp_corr_seed_49_vars_23.test.csv@1.out,GHL/15_Lev_fault_Temp_corr_seed_49_vars_23.test.csv@1.out,GHL,15_Lev_fault_Temp_corr_seed_49_vars_23.test.csv@1.out,200000,144,0.00072,0,2.292762308423009,0.3996466127460936
data/raw/GHL/15_Lev_fault_Temp_corr_seed_49_vars_23.test.csv@8.out,GHL/15_Lev_fault_Temp_corr_seed_49_vars_23.test.csv@8.out,GHL,15_Lev_fault_Temp_corr_seed_49_vars_23.test.csv@8.out,200000,144,0.00072,0,0.11468,0.31863616437134695
data/raw/GHL/15_Lev_fault_Temp_corr_seed_49_vars_23.test.csv@4.out,GHL/15_Lev_fault_Temp_corr_seed_49_vars_23.test.csv@4.out,GHL,15_Lev_fault_Temp_corr_seed_49_vars_23.test.csv@4.out,200000,144,0.00072,0,1.8237029065851211,0.4926463268097361
data/raw/GHL/15_Lev_fault_Temp_corr_seed_49_vars_23.test.csv@10.out,GHL/15_Lev_fault_Temp_corr_seed_49_vars_23.test.csv@10.out,GHL,15_Lev_fault_Temp_corr_seed_49_vars_23.test.csv@10.out,200000,144,0.00072,0,2.2936,6.37272328741333
data/raw/GHL/15_Lev_fault_Temp_corr_seed_49_vars_23.test.csv@13.out,GHL/15_Lev_fault_Temp_corr_seed_49_vars_23.test.csv@13.out,GHL,15_Lev_fault_Temp_corr_seed_49_vars_23.test.csv@13.out,200000,144,0.00072,0,322.18514890960716,10.055985857587086
data/raw/GHL/13_Lev_fault_Temp_corr_seed_666_vars_23.test.csv@2.out,GHL/13_Lev_fault_Temp_corr_seed_666_vars_23.test.csv@2.out,GHL,13_Lev_fault_Temp_corr_seed_666_vars_23.test.csv@2.out,200000,145,0.000725,0,313.0571453346143,12.598524457079161
data/raw/GHL/13_Lev_fault_Temp_corr_seed_666_vars_23.test.csv@4.out,GHL/13_Lev_fault_Temp_corr_seed_666_vars_23.test.csv@4.out,GHL,13_Lev_fault_Temp_corr_seed_666_vars_23.test.csv@4.out,200000,145,0.000725,0,1.8948623903288089,0.502917174346827
data/raw/GHL/13_Lev_fault_Temp_corr_seed_666_vars_23.test.csv@10.out,GHL/13_Lev_fault_Temp_corr_seed_666_vars_23.test.csv@10.out,GHL,13_Lev_fault_Temp_corr_seed_666_vars_23.test.csv@10.out,200000,145,0.000725,0,2.3626,6.4552559663879086
data/raw/GHL/13_Lev_fault_Temp_corr_seed_666_vars_23.test.csv@8.out,GHL/13_Lev_fault_Temp_corr_seed_666_vars_23.test.csv@8.out,GHL,13_Lev_fault_Temp_corr_seed_666_vars_23.test.csv@8.out,200000,145,0.000725,0,0.11813,0.32276279831998667
data/raw/GHL/13_Lev_fault_Temp_corr_seed_666_vars_23.test.csv@13.out,GHL/13_Lev_fault_Temp_corr_seed_666_vars_23.test.csv@13.out,GHL,13_Lev_fault_Temp_corr_seed_666_vars_23.test.csv@13.out,200000,145,0.000725,0,322.22842658508324,10.121390318356847
data/raw/GHL/08_Lev_fault_Temp_corr_seed_33_vars_23.test.csv@2.out,GHL/08_Lev_fault_Temp_corr_seed_33_vars_23.test.csv@2.out,GHL,08_Lev_fault_Temp_corr_seed_33_vars_23.test.csv@2.out,200000,144,0.00072,0,312.3779691017237,12.955540699603098
data/raw/GHL/08_Lev_fault_Temp_corr_seed_33_vars_23.test.csv@4.out,GHL/08_Lev_fault_Temp_corr_seed_33_vars_23.test.csv@4.out,GHL,08_Lev_fault_Temp_corr_seed_33_vars_23.test.csv@4.out,200000,144,0.00072,0,1.7324345436487434,0.5427052923286699
data/raw/GHL/08_Lev_fault_Temp_corr_seed_33_vars_23.test.csv@10.out,GHL/08_Lev_fault_Temp_corr_seed_33_vars_23.test.csv@10.out,GHL,08_Lev_fault_Temp_corr_seed_33_vars_23.test.csv@10.out,200000,144,0.00072,0,2.2778,6.353568210012447
data/raw/GHL/08_Lev_fault_Temp_corr_seed_33_vars_23.test.csv@8.out,GHL/08_Lev_fault_Temp_corr_seed_33_vars_23.test.csv@8.out,GHL,08_Lev_fault_Temp_corr_seed_33_vars_23.test.csv@8.out,200000,144,0.00072,0,0.11389,0.31767841050080015
data/raw/GHL/08_Lev_fault_Temp_corr_seed_33_vars_23.test.csv@13.out,GHL/08_Lev_fault_Temp_corr_seed_33_vars_23.test.csv@13.out,GHL,08_Lev_fault_Temp_corr_seed_33_vars_23.test.csv@13.out,200000,144,0.00072,0,322.14087347183056,10.052315560586553
data/raw/GHL/31_Lev_corr_Temp_fault_seed_132_vars_23.test.csv@7.out,GHL/31_Lev_corr_Temp_fault_seed_132_vars_23.test.csv@7.out,GHL,31_Lev_corr_Temp_fault_seed_132_vars_23.test.csv@7.out,200000,1024,0.00512,0,285.1358702329527,9.084348189655545
data/raw/GHL/31_Lev_corr_Temp_fault_seed_132_vars_23.test.csv@13.out,GHL/31_Lev_corr_Temp_fault_seed_132_vars_23.test.csv@13.out,GHL,31_Lev_corr_Temp_fault_seed_132_vars_23.test.csv@13.out,200000,1024,0.00512,0,322.43889535354594,10.060793943469388
data/raw/GHL/26_Lev_corr_Temp_fault_seed_113_vars_23.test.csv@7.out,GHL/26_Lev_corr_Temp_fault_seed_113_vars_23.test.csv@7.out,GHL,26_Lev_corr_Temp_fault_seed_113_vars_23.test.csv@7.out,200000,752,0.00376,0,285.0121715027034,9.75882008827416
data/raw/GHL/26_Lev_corr_Temp_fault_seed_113_vars_23.test.csv@13.out,GHL/26_Lev_corr_Temp_fault_seed_113_vars_23.test.csv@13.out,GHL,26_Lev_corr_Temp_fault_seed_113_vars_23.test.csv@13.out,200000,752,0.00376,0,322.37418236297526,10.093004425278808
data/raw/GHL/45_Lev_corr_Temp_fault_seed_193_vars_23.test.csv@3.out,GHL/45_Lev_corr_Temp_fault_seed_193_vars_23.test.csv@3.out,GHL,45_Lev_corr_Temp_fault_seed_193_vars_23.test.csv@3.out,200000,2290,0.01145,0,322.6896164332579,10.14223190411354
data/raw/GHL/38_Lev_corr_Temp_fault_seed_166_vars_23.test.csv@11.out,GHL/38_Lev_corr_Temp_fault_seed_166_vars_23.test.csv@11.out,GHL,38_Lev_corr_Temp_fault_seed_166_vars_23.test.csv@11.out,200000,863,0.004315,0,0.029955,0.17046361272756722
data/raw/GHL/38_Lev_corr_Temp_fault_seed_166_vars_23.test.csv@13.out,GHL/38_Lev_corr_Temp_fault_seed_166_vars_23.test.csv@13.out,GHL,38_Lev_corr_Temp_fault_seed_166_vars_23.test.csv@13.out,200000,863,0.004315,0,322.28860997009235,10.186016296743743
data/raw/GHL/10_Lev_fault_Temp_corr_seed_39_vars_23.test.csv@1.out,GHL/10_Lev_fault_Temp_corr_seed_39_vars_23.test.csv@1.out,GHL,10_Lev_fault_Temp_corr_seed_39_vars_23.test.csv@1.out,200000,145,0.000725,0,2.1125962218702927,0.4426844255513101
data/raw/GHL/28_Lev_corr_Temp_fault_seed_119_vars_23.test.csv@13.out,GHL/28_Lev_corr_Temp_fault_seed_119_vars_23.test.csv@13.out,GHL,28_Lev_corr_Temp_fault_seed_119_vars_23.test.csv@13.out,200000,863,0.004315,0,322.27189772369394,10.184946661959842
data/raw/GHL/10_Lev_fault_Temp_corr_seed_39_vars_23.test.csv@4.out,GHL/10_Lev_fault_Temp_corr_seed_39_vars_23.test.csv@4.out,GHL,10_Lev_fault_Temp_corr_seed_39_vars_23.test.csv@4.out,200000,145,0.000725,0,1.6625172825613745,0.5024522981931215
data/raw/GHL/10_Lev_fault_Temp_corr_seed_39_vars_23.test.csv@8.out,GHL/10_Lev_fault_Temp_corr_seed_39_vars_23.test.csv@8.out,GHL,10_Lev_fault_Temp_corr_seed_39_vars_23.test.csv@8.out,200000,145,0.000725,0,0.106785,0.3088404777344447
data/raw/GHL/10_Lev_fault_Temp_corr_seed_39_vars_23.test.csv@10.out,GHL/10_Lev_fault_Temp_corr_seed_39_vars_23.test.csv@10.out,GHL,10_Lev_fault_Temp_corr_seed_39_vars_23.test.csv@10.out,200000,145,0.000725,0,2.1357,6.17680955467976
data/raw/GHL/10_Lev_fault_Temp_corr_seed_39_vars_23.test.csv@13.out,GHL/10_Lev_fault_Temp_corr_seed_39_vars_23.test.csv@13.out,GHL,10_Lev_fault_Temp_corr_seed_39_vars_23.test.csv@13.out,200000,145,0.000725,0,322.13088539657497,9.995566126192337
data/raw/GHL/10_Lev_fault_Temp_corr_seed_39_vars_23.test.csv@16.out,GHL/10_Lev_fault_Temp_corr_seed_39_vars_23.test.csv@16.out,GHL,10_Lev_fault_Temp_corr_seed_39_vars_23.test.csv@16.out,200000,145,0.000725,0,100.89434483515052,11.02703311514295
data/raw/GHL/09_Lev_fault_Temp_corr_seed_37_vars_23.test.csv@2.out,GHL/09_Lev_fault_Temp_corr_seed_37_vars_23.test.csv@2.out,GHL,09_Lev_fault_Temp_corr_seed_37_vars_23.test.csv@2.out,200000,144,0.00072,0,311.9386031814749,13.151280922558964
data/raw/GHL/09_Lev_fault_Temp_corr_seed_37_vars_23.test.csv@8.out,GHL/09_Lev_fault_Temp_corr_seed_37_vars_23.test.csv@8.out,GHL,09_Lev_fault_Temp_corr_seed_37_vars_23.test.csv@8.out,200000,144,0.00072,0,0.1122,0.31561314620619935
data/raw/GHL/09_Lev_fault_Temp_corr_seed_37_vars_23.test.csv@4.out,GHL/09_Lev_fault_Temp_corr_seed_37_vars_23.test.csv@4.out,GHL,09_Lev_fault_Temp_corr_seed_37_vars_23.test.csv@4.out,200000,144,0.00072,0,1.8032328025887245,0.4898106622413478
data/raw/GHL/09_Lev_fault_Temp_corr_seed_37_vars_23.test.csv@10.out,GHL/09_Lev_fault_Temp_corr_seed_37_vars_23.test.csv@10.out,GHL,09_Lev_fault_Temp_corr_seed_37_vars_23.test.csv@10.out,200000,144,0.00072,0,2.244,6.312262924114003
data/raw/GHL/09_Lev_fault_Temp_corr_seed_37_vars_23.test.csv@13.out,GHL/09_Lev_fault_Temp_corr_seed_37_vars_23.test.csv@13.out,GHL,09_Lev_fault_Temp_corr_seed_37_vars_23.test.csv@13.out,200000,144,0.00072,0,322.0378061079407,10.153117700600092
data/raw/GHL/05_Lev_fault_Temp_corr_seed_27_vars_23.test.csv@2.out,GHL/05_Lev_fault_Temp_corr_seed_27_vars_23.test.csv@2.out,GHL,05_Lev_fault_Temp_corr_seed_27_vars_23.test.csv@2.out,200000,144,0.00072,0,312.00088837081415,13.321737165601105
data/raw/GHL/05_Lev_fault_Temp_corr_seed_27_vars_23.test.csv@4.out,GHL/05_Lev_fault_Temp_corr_seed_27_vars_23.test.csv@4.out,GHL,05_Lev_fault_Temp_corr_seed_27_vars_23.test.csv@4.out,200000,144,0.00072,0,1.697431036601962,0.5112247831297092
data/raw/GHL/05_Lev_fault_Temp_corr_seed_27_vars_23.test.csv@10.out,GHL/05_Lev_fault_Temp_corr_seed_27_vars_23.test.csv@10.out,GHL,05_Lev_fault_Temp_corr_seed_27_vars_23.test.csv@10.out,200000,144,0.00072,0,2.1821,6.235433745397736
data/raw/GHL/05_Lev_fault_Temp_corr_seed_27_vars_23.test.csv@8.out,GHL/05_Lev_fault_Temp_corr_seed_27_vars_23.test.csv@8.out,GHL,05_Lev_fault_Temp_corr_seed_27_vars_23.test.csv@8.out,200000,144,0.00072,0,0.109105,0.31177168726900134
data/raw/GHL/05_Lev_fault_Temp_corr_seed_27_vars_23.test.csv@13.out,GHL/05_Lev_fault_Temp_corr_seed_27_vars_23.test.csv@13.out,GHL,05_Lev_fault_Temp_corr_seed_27_vars_23.test.csv@13.out,200000,144,0.00072,0,322.16682116943383,10.075208571240037
data/raw/GHL/16_Lev_fault_Temp_corr_seed_53_vars_23.test.csv@1.out,GHL/16_Lev_fault_Temp_corr_seed_53_vars_23.test.csv@1.out,GHL,16_Lev_fault_Temp_corr_seed_53_vars_23.test.csv@1.out,200000,144,0.00072,0,2.1628255742668405,0.48427878406066477
data/raw/GHL/16_Lev_fault_Temp_corr_seed_53_vars_23.test.csv@2.out,GHL/16_Lev_fault_Temp_corr_seed_53_vars_23.test.csv@2.out,GHL,16_Lev_fault_Temp_corr_seed_53_vars_23.test.csv@2.out,200000,144,0.00072,0,312.1620088360519,13.074911686601169
data/raw/GHL/16_Lev_fault_Temp_corr_seed_53_vars_23.test.csv@4.out,GHL/16_Lev_fault_Temp_corr_seed_53_vars_23.test.csv@4.out,GHL,16_Lev_fault_Temp_corr_seed_53_vars_23.test.csv@4.out,200000,144,0.00072,0,1.7127489605293267,0.5438532056757946
data/raw/GHL/16_Lev_fault_Temp_corr_seed_53_vars_23.test.csv@8.out,GHL/16_Lev_fault_Temp_corr_seed_53_vars_23.test.csv@8.out,GHL,16_Lev_fault_Temp_corr_seed_53_vars_23.test.csv@8.out,200000,144,0.00072,0,0.111975,0.3153364814924399
data/raw/GHL/16_Lev_fault_Temp_corr_seed_53_vars_23.test.csv@10.out,GHL/16_Lev_fault_Temp_corr_seed_53_vars_23.test.csv@10.out,GHL,16_Lev_fault_Temp_corr_seed_53_vars_23.test.csv@10.out,200000,144,0.00072,0,2.2395,6.306729629870159
data/raw/GHL/16_Lev_fault_Temp_corr_seed_53_vars_23.test.csv@13.out,GHL/16_Lev_fault_Temp_corr_seed_53_vars_23.test.csv@13.out,GHL,16_Lev_fault_Temp_corr_seed_53_vars_23.test.csv@13.out,200000,144,0.00072,0,322.1614097142025,10.025233715513231
data/raw/GHL/02_Lev_fault_Temp_corr_seed_17_vars_23.test.csv@1.out,GHL/02_Lev_fault_Temp_corr_seed_17_vars_23.test.csv@1.out,GHL,02_Lev_fault_Temp_corr_seed_17_vars_23.test.csv@1.out,200000,145,0.000725,0,2.173979556437357,0.45737916984550414
data/raw/GHL/02_Lev_fault_Temp_corr_seed_17_vars_23.test.csv@2.out,GHL/02_Lev_fault_Temp_corr_seed_17_vars_23.test.csv@2.out,GHL,02_Lev_fault_Temp_corr_seed_17_vars_23.test.csv@2.out,200000,145,0.000725,0,311.77394433288464,13.405742587383992
data/raw/GHL/02_Lev_fault_Temp_corr_seed_17_vars_23.test.csv@4.out,GHL/02_Lev_fault_Temp_corr_seed_17_vars_23.test.csv@4.out,GHL,02_Lev_fault_Temp_corr_seed_17_vars_23.test.csv@4.out,200000,145,0.000725,0,1.7144765850467034,0.5220782527246036
data/raw/GHL/02_Lev_fault_Temp_corr_seed_17_vars_23.test.csv@8.out,GHL/02_Lev_fault_Temp_corr_seed_17_vars_23.test.csv@8.out,GHL,02_Lev_fault_Temp_corr_seed_17_vars_23.test.csv@8.out,200000,145,0.000725,0,0.11032,0.31328898536275407
data/raw/GHL/02_Lev_fault_Temp_corr_seed_17_vars_23.test.csv@10.out,GHL/02_Lev_fault_Temp_corr_seed_17_vars_23.test.csv@10.out,GHL,02_Lev_fault_Temp_corr_seed_17_vars_23.test.csv@10.out,200000,145,0.000725,0,2.2064,6.265779707254161
data/raw/GHL/04_Lev_fault_Temp_corr_seed_23_vars_23.test.csv@2.out,GHL/04_Lev_fault_Temp_corr_seed_23_vars_23.test.csv@2.out,GHL,04_Lev_fault_Temp_corr_seed_23_vars_23.test.csv@2.out,200000,145,0.000725,0,311.64478636214926,13.249340678907366
data/raw/GHL/02_Lev_fault_Temp_corr_seed_17_vars_23.test.csv@13.out,GHL/02_Lev_fault_Temp_corr_seed_17_vars_23.test.csv@13.out,GHL,02_Lev_fault_Temp_corr_seed_17_vars_23.test.csv@13.out,200000,145,0.000725,0,322.10203637573187,10.08985581089255
data/raw/GHL/04_Lev_fault_Temp_corr_seed_23_vars_23.test.csv@4.out,GHL/04_Lev_fault_Temp_corr_seed_23_vars_23.test.csv@4.out,GHL,04_Lev_fault_Temp_corr_seed_23_vars_23.test.csv@4.out,200000,145,0.000725,0,1.6992715725869634,0.5361701715887767
data/raw/GHL/04_Lev_fault_Temp_corr_seed_23_vars_23.test.csv@10.out,GHL/04_Lev_fault_Temp_corr_seed_23_vars_23.test.csv@10.out,GHL,04_Lev_fault_Temp_corr_seed_23_vars_23.test.csv@10.out,200000,145,0.000725,0,2.1918,6.247576163698364
data/raw/GHL/04_Lev_fault_Temp_corr_seed_23_vars_23.test.csv@8.out,GHL/04_Lev_fault_Temp_corr_seed_23_vars_23.test.csv@8.out,GHL,04_Lev_fault_Temp_corr_seed_23_vars_23.test.csv@8.out,200000,145,0.000725,0,0.10959,0.3123788081848196
data/raw/GHL/04_Lev_fault_Temp_corr_seed_23_vars_23.test.csv@13.out,GHL/04_Lev_fault_Temp_corr_seed_23_vars_23.test.csv@13.out,GHL,04_Lev_fault_Temp_corr_seed_23_vars_23.test.csv@13.out,200000,145,0.000725,0,322.0578379699708,10.055642772369405
data/raw/GHL/47_Lev_corr_Temp_fault_seed_197_vars_23.test.csv@1.out,GHL/47_Lev_corr_Temp_fault_seed_197_vars_23.test.csv@1.out,GHL,47_Lev_corr_Temp_fault_seed_197_vars_23.test.csv@1.out,200000,862,0.00431,0,2.2237974316776263,0.38345416293405366
data/raw/GHL/47_Lev_corr_Temp_fault_seed_197_vars_23.test.csv@3.out,GHL/47_Lev_corr_Temp_fault_seed_197_vars_23.test.csv@3.out,GHL,47_Lev_corr_Temp_fault_seed_197_vars_23.test.csv@3.out,200000,862,0.00431,0,322.20923080688505,10.209401677910648
data/raw/GHL/47_Lev_corr_Temp_fault_seed_197_vars_23.test.csv@7.out,GHL/47_Lev_corr_Temp_fault_seed_197_vars_23.test.csv@7.out,GHL,47_Lev_corr_Temp_fault_seed_197_vars_23.test.csv@7.out,200000,862,0.00431,0,283.6908896092003,7.669074513669962
data/raw/GHL/30_Lev_corr_Temp_fault_seed_130_vars_23.test.csv@13.out,GHL/30_Lev_corr_Temp_fault_seed_130_vars_23.test.csv@13.out,GHL,30_Lev_corr_Temp_fault_seed_130_vars_23.test.csv@13.out,200000,1153,0.005765,0,322.3602606336975,10.16053324433075
data/raw/Daphnet/S03R02E0.test.csv@6.out,Daphnet/S03R02E0.test.csv@6.out,Daphnet,S03R02E0.test.csv@6.out,16639,2306,0.13859005949876796,0,108.7825590480197,226.6257178022596
data/raw/Daphnet/S03R02E0.test.csv@4.out,Daphnet/S03R02E0.test.csv@4.out,Daphnet,S03R02E0.test.csv@4.out,16639,2306,0.13859005949876796,0,-635.3098142917243,505.7509431160653
data/raw/Daphnet/S02R01E0.test.csv@6.out,Daphnet/S02R01E0.test.csv@6.out,Daphnet,S02R01E0.test.csv@6.out,25599,3537,0.13816945974452127,0,131.16578772608304,276.383775469822
data/raw/Daphnet/S03R02E0.test.csv@7.out,Daphnet/S03R02E0.test.csv@7.out,Daphnet,S03R02E0.test.csv@7.out,16639,2306,0.13859005949876796,0,286.0766873009195,333.5917861008817
data/raw/Daphnet/S03R02E0.test.csv@8.out,Daphnet/S03R02E0.test.csv@8.out,Daphnet,S03R02E0.test.csv@8.out,16639,2306,0.13859005949876796,0,915.7175912013943,148.21035932726787
data/raw/Daphnet/S03R02E0.test.csv@3.out,Daphnet/S03R02E0.test.csv@3.out,Daphnet,S03R02E0.test.csv@3.out,16639,2306,0.13859005949876796,0,392.31191778352064,365.8428413434839
data/raw/Daphnet/S03R02E0.test.csv@1.out,Daphnet/S03R02E0.test.csv@1.out,Daphnet,S03R02E0.test.csv@1.out,16639,2306,0.13859005949876796,0,-187.0512050003005,409.5070484638058
data/raw/Daphnet/S03R02E0.test.csv@9.out,Daphnet/S03R02E0.test.csv@9.out,Daphnet,S03R02E0.test.csv@9.out,16639,2306,0.13859005949876796,0,-30.699140573351762,106.87675076652364
data/raw/Daphnet/S02R01E0.test.csv@4.out,Daphnet/S02R01E0.test.csv@4.out,Daphnet,S02R01E0.test.csv@4.out,25599,3537,0.13816945974452127,0,91.66154927926873,698.9277881984666
data/raw/Daphnet/S03R02E0.test.csv@2.out,Daphnet/S03R02E0.test.csv@2.out,Daphnet,S03R02E0.test.csv@2.out,16639,2306,0.13859005949876796,0,934.1372678646553,294.43431702863523
data/raw/Daphnet/S02R01E0.test.csv@3.out,Daphnet/S02R01E0.test.csv@3.out,Daphnet,S02R01E0.test.csv@3.out,25599,3537,0.13816945974452127,0,261.50126958084303,394.79064255090486
data/raw/Daphnet/S03R01E1.test.csv@1.out,Daphnet/S03R01E1.test.csv@1.out,Daphnet,S03R01E1.test.csv@1.out,35839,7881,0.21990010882000055,0,97.05270794386004,599.8555909944876
data/raw/Daphnet/S06R01E2.test.csv@5.out,Daphnet/S06R01E2.test.csv@5.out,Daphnet,S06R01E2.test.csv@5.out,25599,89,0.003476698308527677,0,355.840540646119,642.8803256423663
data/raw/Daphnet/S09R01E0.test.csv@8.out,Daphnet/S09R01E0.test.csv@8.out,Daphnet,S09R01E0.test.csv@8.out,9599,323,0.03364933847275758,0,1015.4052505469319,127.31728532065874
data/raw/Daphnet/S09R01E0.test.csv@1.out,Daphnet/S09R01E0.test.csv@1.out,Daphnet,S09R01E0.test.csv@1.out,9599,323,0.03364933847275758,0,167.57089280133349,554.6019992096564
data/raw/Daphnet/S09R01E0.test.csv@4.out,Daphnet/S09R01E0.test.csv@4.out,Daphnet,S09R01E0.test.csv@4.out,9599,323,0.03364933847275758,0,-165.21502239816647,361.7939105838404
data/raw/Daphnet/S09R01E0.test.csv@5.out,Daphnet/S09R01E0.test.csv@5.out,Daphnet,S09R01E0.test.csv@5.out,9599,323,0.03364933847275758,0,971.8399833315971,132.97780767585834
data/raw/Daphnet/S08R01E0.test.csv@4.out,Daphnet/S08R01E0.test.csv@4.out,Daphnet,S08R01E0.test.csv@4.out,14719,2208,0.15001019090970855,0,-214.11352673415314,178.96960961108886
data/raw/Daphnet/S03R01E1.test.csv@4.out,Daphnet/S03R01E1.test.csv@4.out,Daphnet,S03R01E1.test.csv@4.out,35839,7881,0.21990010882000055,0,-462.73671140377803,563.1539398265871
data/raw/Daphnet/S09R01E0.test.csv@7.out,Daphnet/S09R01E0.test.csv@7.out,Daphnet,S09R01E0.test.csv@7.out,9599,323,0.03364933847275758,0,48.92936764246276,95.74229912839054
data/raw/Daphnet/S09R01E0.test.csv@2.out,Daphnet/S09R01E0.test.csv@2.out,Daphnet,S09R01E0.test.csv@2.out,9599,323,0.03364933847275758,0,1122.8731117824773,396.790377153681
data/raw/Daphnet/S09R01E0.test.csv@9.out,Daphnet/S09R01E0.test.csv@9.out,Daphnet,S09R01E0.test.csv@9.out,9599,323,0.03364933847275758,0,49.0809459318679,69.22047283614502
data/raw/Daphnet/S03R01E1.test.csv@7.out,Daphnet/S03R01E1.test.csv@7.out,Daphnet,S03R01E1.test.csv@7.out,35839,7881,0.21990010882000055,0,-52.55305672591311,227.8991354283138
data/raw/Daphnet/S09R01E0.test.csv@6.out,Daphnet/S09R01E0.test.csv@6.out,Daphnet,S09R01E0.test.csv@6.out,9599,323,0.03364933847275758,0,159.5914157724763,225.51093882829986
data/raw/Daphnet/S03R01E1.test.csv@2.out,Daphnet/S03R01E1.test.csv@2.out,Daphnet,S03R01E1.test.csv@2.out,35839,7881,0.21990010882000055,0,978.7376600909623,389.84984758639564
data/raw/Daphnet/S03R01E1.test.csv@8.out,Daphnet/S03R01E1.test.csv@8.out,Daphnet,S03R01E1.test.csv@8.out,35839,7881,0.21990010882000055,0,968.9476268869109,111.40542201051524
data/raw/Daphnet/S09R01E4.test.csv@2.out,Daphnet/S09R01E4.test.csv@2.out,Daphnet,S09R01E4.test.csv@2.out,9599,268,0.027919574955724554,0,1031.0159391603293,235.55042200926474
data/raw/Daphnet/S03R03E4.test.csv@6.out,Daphnet/S03R03E4.test.csv@6.out,Daphnet,S03R03E4.test.csv@6.out,9599,268,0.027919574955724554,0,322.39160329200956,300.65632293718943
data/raw/Daphnet/S01R02E0.test.csv@6.out,Daphnet/S01R02E0.test.csv@6.out,Daphnet,S01R02E0.test.csv@6.out,28799,1547,0.05371714295635265,0,53.61571582346609,276.7846901660034
data/raw/Daphnet/S09R01E4.test.csv@6.out,Daphnet/S09R01E4.test.csv@6.out,Daphnet,S09R01E4.test.csv@6.out,9599,268,0.027919574955724554,0,322.39160329200956,300.65632293718943
data/raw/Daphnet/S03R01E0.test.csv@6.out,Daphnet/S03R01E0.test.csv@6.out,Daphnet,S03R01E0.test.csv@6.out,55039,8153,0.1481313250604117,0,85.6050800341576,201.71400246819897
data/raw/Daphnet/S01R02E0.test.csv@4.out,Daphnet/S01R02E0.test.csv@4.out,Daphnet,S01R02E0.test.csv@4.out,28799,1547,0.05371714295635265,0,-12.1063925830758,463.714243672933
data/raw/Daphnet/S09R01E2.test.csv@8.out,Daphnet/S09R01E2.test.csv@8.out,Daphnet,S09R01E2.test.csv@8.out,35199,7283,0.20690928719565896,0,990.7457882326203,60.8247937036951
data/raw/Daphnet/S01R02E0.test.csv@1.out,Daphnet/S01R02E0.test.csv@1.out,Daphnet,S01R02E0.test.csv@1.out,28799,1547,0.05371714295635265,0,-292.8740581270183,621.7391437681661
data/raw/Daphnet/S09R01E4.test.csv@1.out,Daphnet/S09R01E4.test.csv@1.out,Daphnet,S09R01E4.test.csv@1.out,9599,268,0.027919574955724554,0,207.86311074070215,356.20309331763866
data/raw/Daphnet/S09R01E2.test.csv@4.out,Daphnet/S09R01E2.test.csv@4.out,Daphnet,S09R01E2.test.csv@4.out,35199,7283,0.20690928719565896,0,-417.6499332367397,333.25625053529416
data/raw/Daphnet/S03R03E4.test.csv@1.out,Daphnet/S03R03E4.test.csv@1.out,Daphnet,S03R03E4.test.csv@1.out,9599,268,0.027919574955724554,0,207.86311074070215,356.20309331763866
data/raw/Daphnet/S09R01E4.test.csv@4.out,Daphnet/S09R01E4.test.csv@4.out,Daphnet,S09R01E4.test.csv@4.out,9599,268,0.027919574955724554,0,-368.9898947807063,329.4218881206549
data/raw/Daphnet/S03R03E4.test.csv@2.out,Daphnet/S03R03E4.test.csv@2.out,Daphnet,S03R03E4.test.csv@2.out,9599,268,0.027919574955724554,0,1031.0159391603293,235.55042200926474
data/raw/Daphnet/S03R03E4.test.csv@4.out,Daphnet/S03R03E4.test.csv@4.out,Daphnet,S03R03E4.test.csv@4.out,9599,268,0.027919574955724554,0,-368.9898947807063,329.4218881206549
data/raw/Daphnet/S03R01E0.test.csv@3.out,Daphnet/S03R01E0.test.csv@3.out,Daphnet,S03R01E0.test.csv@3.out,55039,8153,0.1481313250604117,0,360.50520539980744,197.1886375403284
data/raw/Daphnet/S03R01E0.test.csv@4.out,Daphnet/S03R01E0.test.csv@4.out,Daphnet,S03R01E0.test.csv@4.out,55039,8153,0.1481313250604117,0,-506.78115518087174,506.8401709446612
data/raw/Daphnet/S03R01E0.test.csv@8.out,Daphnet/S03R01E0.test.csv@8.out,Daphnet,S03R01E0.test.csv@8.out,55039,8153,0.1481313250604117,0,978.2146114573303,98.30127583172323
data/raw/Daphnet/S09R01E4.test.csv@3.out,Daphnet/S09R01E4.test.csv@3.out,Daphnet,S09R01E4.test.csv@3.out,9599,268,0.027919574955724554,0,137.70163558704033,233.84889665863992
data/raw/Daphnet/S03R03E4.test.csv@3.out,Daphnet/S03R03E4.test.csv@3.out,Daphnet,S03R03E4.test.csv@3.out,9599,268,0.027919574955724554,0,137.70163558704033,233.84889665863992
data/raw/MITDB/219.test.csv@1.out,MITDB/219.test.csv@1.out,MITDB,219.test.csv@1.out,649999,66682,0.10258785013515405,0,-0.5867739027290811,0.5512901514346162
data/raw/MITDB/219.test.csv@2.out,MITDB/219.test.csv@2.out,MITDB,219.test.csv@2.out,649999,66682,0.10258785013515405,0,-0.5115905947547609,0.49774762780128357
data/raw/MITDB/201.test.csv@1.out,MITDB/201.test.csv@1.out,MITDB,201.test.csv@1.out,649999,179918,0.2767973489189983,0,-0.15993688451828392,0.19387474568951968
data/raw/MITDB/201.test.csv@2.out,MITDB/201.test.csv@2.out,MITDB,201.test.csv@2.out,649999,179918,0.2767973489189983,0,-0.15414955253777307,0.17677417658332487
data/raw/MITDB/109.test.csv@1.out,MITDB/109.test.csv@1.out,MITDB,109.test.csv@1.out,649999,12087,0.01859541322371265,0,-0.23032563127020203,0.4992145257333728
data/raw/MITDB/109.test.csv@2.out,MITDB/109.test.csv@2.out,MITDB,109.test.csv@2.out,649999,12087,0.01859541322371265,0,0.10745974993807685,0.331963367974478
data/raw/MITDB/117.test.csv@1.out,MITDB/117.test.csv@1.out,MITDB,117.test.csv@1.out,649999,425,0.0006538471597648612,0,-0.851854149006383,0.23894700025548882
data/raw/MITDB/117.test.csv@2.out,MITDB/117.test.csv@2.out,MITDB,117.test.csv@2.out,649999,425,0.0006538471597648612,0,-0.4939506599240924,0.3011365210282866
data/raw/MITDB/212.test.csv@1.out,MITDB/212.test.csv@1.out,MITDB,212.test.csv@1.out,649999,237,0.0003646159455629932,0,-0.15616570179338746,0.33130157453557657
data/raw/MITDB/212.test.csv@2.out,MITDB/212.test.csv@2.out,MITDB,212.test.csv@2.out,649999,237,0.0003646159455629932,0,0.0888622136341748,0.3718196675982354
data/raw/MITDB/118.test.csv@1.out,MITDB/118.test.csv@1.out,MITDB,118.test.csv@1.out,649999,39695,0.061069324722038035,0,-0.8580768585797822,0.428038504612696
data/raw/MITDB/118.test.csv@2.out,MITDB/118.test.csv@2.out,MITDB,118.test.csv@2.out,649999,39695,0.061069324722038035,0,-0.5150327769735029,0.34933484586123237
data/raw/MITDB/215.test.csv@1.out,MITDB/215.test.csv@1.out,MITDB,215.test.csv@1.out,649999,38272,0.05888009058475475,0,-0.1519391875987502,0.2820311099732715
data/raw/MITDB/215.test.csv@2.out,MITDB/215.test.csv@2.out,MITDB,215.test.csv@2.out,649999,38272,0.05888009058475475,0,0.10287404288314286,0.16495541343609943
data/raw/MITDB/233.test.csv@1.out,MITDB/233.test.csv@1.out,MITDB,233.test.csv@1.out,649999,223189,0.3433682205664932,0,-0.15372168264874256,0.5436787164064883
data/raw/MITDB/233.test.csv@2.out,MITDB/233.test.csv@2.out,MITDB,233.test.csv@2.out,649999,223189,0.3433682205664932,0,0.06268658874859806,0.4667418412779072
data/raw/MITDB/105.test.csv@1.out,MITDB/105.test.csv@1.out,MITDB,105.test.csv@1.out,649999,23030,0.03543082373972883,0,-0.2251544233144974,0.4050854728670733
data/raw/MITDB/105.test.csv@2.out,MITDB/105.test.csv@2.out,MITDB,105.test.csv@2.out,649999,23030,0.03543082373972883,0,0.08091777833504364,0.2793868622916367
data/raw/MITDB/234.test.csv@1.out,MITDB/234.test.csv@1.out,MITDB,234.test.csv@1.out,649999,10296,0.01584002436926826,0,-0.16079967046103147,0.3374780529643321
data/raw/MITDB/234.test.csv@2.out,MITDB/234.test.csv@2.out,MITDB,234.test.csv@2.out,649999,10296,0.01584002436926826,0,0.04893575220884955,0.1435603888753169
data/raw/MITDB/119.test.csv@1.out,MITDB/119.test.csv@1.out,MITDB,119.test.csv@1.out,649999,207586,0.31936356825164347,0,-0.8611454017621568,0.5354859437608274
data/raw/MITDB/100.test.csv@1.out,MITDB/100.test.csv@1.out,MITDB,100.test.csv@1.out,649999,11899,0.018306182009510785,0,-0.30629922507573093,0.1931997357785556
data/raw/MITDB/100.test.csv@2.out,MITDB/100.test.csv@2.out,MITDB,100.test.csv@2.out,649999,11899,0.018306182009510785,0,-0.19103462466865329,0.14821336994149667
data/raw/MITDB/223.test.csv@1.out,MITDB/223.test.csv@1.out,MITDB,223.test.csv@1.out,649999,157022,0.2415726793425836,0,-0.5114723099573998,0.40700640395203236
data/raw/MITDB/223.test.csv@2.out,MITDB/223.test.csv@2.out,MITDB,223.test.csv@2.out,649999,157022,0.2415726793425836,0,-0.29720668031796965,0.55196734289775
data/raw/MITDB/111.test.csv@2.out,MITDB/111.test.csv@2.out,MITDB,111.test.csv@2.out,649999,370,0.0005692316449717614,0,0.0765965255331162,0.30611453872918454
data/raw/MITDB/221.test.csv@1.out,MITDB/221.test.csv@1.out,MITDB,221.test.csv@1.out,649999,131173,0.20180492585373208,0,-0.164010221554187,0.30077825445974854
data/raw/MITDB/221.test.csv@2.out,MITDB/221.test.csv@2.out,MITDB,221.test.csv@2.out,649999,131173,0.20180492585373208,0,0.07685080284738903,0.1869804776752381
data/raw/MITDB/210.test.csv@1.out,MITDB/210.test.csv@1.out,MITDB,210.test.csv@1.out,649999,63034,0.09697553380851355,0,-0.15675961809172012,0.26119203730773377
data/raw/MITDB/213.test.csv@1.out,MITDB/213.test.csv@1.out,MITDB,213.test.csv@1.out,649999,127696,0.19645568685490286,0,-0.22087329365122096,0.6712435965253263
data/raw/MITDB/213.test.csv@2.out,MITDB/213.test.csv@2.out,MITDB,213.test.csv@2.out,649999,127696,0.19645568685490286,0,-0.10429338352828235,0.7021124032019863
data/raw/MITDB/122.test.csv@1.out,MITDB/122.test.csv@1.out,MITDB,122.test.csv@1.out,649999,465,0.0007153857159780246,0,-0.8436383825205889,0.36585408156589955
data/raw/Genesis/genesis-anomalies.test.csv@17.out,Genesis/genesis-anomalies.test.csv@17.out,Genesis,genesis-anomalies.test.csv@17.out,16219,50,0.0030828041186263025,0,0.5158764412109255,0.49976328200800085
data/raw/Genesis/genesis-anomalies.test.csv@6.out,Genesis/genesis-anomalies.test.csv@6.out,Genesis,genesis-anomalies.test.csv@6.out,16219,50,0.0030828041186263025,0,0.06393735742030951,0.2446488545890643
data/raw/Genesis/genesis-anomalies.test.csv@13.out,Genesis/genesis-anomalies.test.csv@13.out,Genesis,genesis-anomalies.test.csv@13.out,16219,50,0.0030828041186263025,0,0.8459214501510574,0.3610351603001077
data/raw/Genesis/genesis-anomalies.test.csv@3.out,Genesis/genesis-anomalies.test.csv@3.out,Genesis,genesis-anomalies.test.csv@3.out,16219,50,0.0030828041186263025,0,139.4088414822122,57929.8193541614
data/raw/Genesis/genesis-anomalies.test.csv@1.out,Genesis/genesis-anomalies.test.csv@1.out,Genesis,genesis-anomalies.test.csv@1.out,16219,50,0.0030828041186263025,0,-4.714039089956224,397.3059302377404
data/raw/Genesis/genesis-anomalies.test.csv@5.out,Genesis/genesis-anomalies.test.csv@5.out,Genesis,genesis-anomalies.test.csv@5.out,16219,50,0.0030828041186263025,0,-1.8120106048461682,89.01018501359009
data/raw/Occupancy/room-occupancy-0.test.csv@4.out,Occupancy/room-occupancy-0.test.csv@4.out,Occupancy,room-occupancy-0.test.csv@4.out,2664,971,0.3644894894894895,0,717.8947232947232,292.736038279488
data/raw/Occupancy/room-occupancy-0.test.csv@3.out,Occupancy/room-occupancy-0.test.csv@3.out,Occupancy,room-occupancy-0.test.csv@3.out,2664,971,0.3644894894894895,0,193.08041881166884,250.1425390988516
data/raw/Occupancy/room-occupancy-1.test.csv@4.out,Occupancy/room-occupancy-1.test.csv@4.out,Occupancy,room-occupancy-1.test.csv@4.out,9751,2048,0.21002974053943185,0,753.1964815574472,297.09815700347747
data/raw/Occupancy/room-occupancy-0.test.csv@5.out,Occupancy/room-occupancy-0.test.csv@5.out,Occupancy,room-occupancy-0.test.csv@5.out,2664,971,0.3644894894894895,0,0.0040267335783482515,0.00061052016337657
data/raw/Occupancy/room-occupancy-1.test.csv@3.out,Occupancy/room-occupancy-1.test.csv@3.out,Occupancy,room-occupancy-1.test.csv@3.out,9751,2048,0.21002974053943185,0,123.03570061190305,208.20762627684616
data/raw/Occupancy/room-occupancy-0.test.csv@1.out,Occupancy/room-occupancy-0.test.csv@1.out,Occupancy,room-occupancy-0.test.csv@1.out,2664,971,0.3644894894894895,0,21.43302564171314,1.0272786600371668
data/raw/Occupancy/room-occupancy-0.test.csv@2.out,Occupancy/room-occupancy-0.test.csv@2.out,Occupancy,room-occupancy-0.test.csv@2.out,2664,971,0.3644894894894895,0,25.353592181467178,2.4372348655599594
data/raw/Occupancy/room-occupancy.train.csv@5.out,Occupancy/room-occupancy.train.csv@5.out,Occupancy,room-occupancy.train.csv@5.out,8142,1728,0.21223286661753868,0,0.003862392396632992,0.0008523212517467315
data/raw/Occupancy/room-occupancy.train.csv@3.out,Occupancy/room-occupancy.train.csv@3.out,Occupancy,room-occupancy.train.csv@3.out,8142,1728,0.21223286661753868,0,119.48173258003767,194.73814021976656
data/raw/Occupancy/room-occupancy.train.csv@4.out,Occupancy/room-occupancy.train.csv@4.out,Occupancy,room-occupancy.train.csv@4.out,8142,1728,0.21223286661753868,0,606.5321552853517,314.3376100918758
data/raw/OPPORTUNITY/S1-ADL1.test.csv@16.out,OPPORTUNITY/S1-ADL1.test.csv@16.out,OPPORTUNITY,S1-ADL1.test.csv@16.out,51115,1128,0.022067886139098113,446,18.48441848072786,208.53596650924837
data/raw/OPPORTUNITY/S1-ADL1.test.csv@42.out,OPPORTUNITY/S1-ADL1.test.csv@42.out,OPPORTUNITY,S1-ADL1.test.csv@42.out,51115,1128,0.022067886139098113,414,4.215222579436303,200.69489534017984
data/raw/OPPORTUNITY/S1-ADL1.test.csv@38.out,OPPORTUNITY/S1-ADL1.test.csv@38.out,OPPORTUNITY,S1-ADL1.test.csv@38.out,51115,1128,0.022067886139098113,414,-177.9255241513974,211.71488041080488
data/raw/OPPORTUNITY/S1-ADL1.test.csv@76.out,OPPORTUNITY/S1-ADL1.test.csv@76.out,OPPORTUNITY,S1-ADL1.test.csv@76.out,51115,1128,0.022067886139098113,414,-901.7348178536912,199.35015656776008
data/raw/OPPORTUNITY/S1-ADL1.test.csv@66.out,OPPORTUNITY/S1-ADL1.test.csv@66.out,OPPORTUNITY,S1-ADL1.test.csv@66.out,51115,1128,0.022067886139098113,414,-23.842113567779727,731.2219072048579
data/raw/OPPORTUNITY/S1-ADL1.test.csv@78.out,OPPORTUNITY/S1-ADL1.test.csv@78.out,OPPORTUNITY,S1-ADL1.test.csv@78.out,51115,1128,0.022067886139098113,414,72.96035581152246,231.27677009357197
data/raw/OPPORTUNITY/S1-ADL1.test.csv@77.out,OPPORTUNITY/S1-ADL1.test.csv@77.out,OPPORTUNITY,S1-ADL1.test.csv@77.out,51115,1128,0.022067886139098113,414,76.53675469911836,344.5221901447305
data/raw/OPPORTUNITY/S1-ADL1.test.csv@80.out,OPPORTUNITY/S1-ADL1.test.csv@80.out,OPPORTUNITY,S1-ADL1.test.csv@80.out,51115,1128,0.022067886139098113,414,11.154060077710499,335.30166780771987
data/raw/OPPORTUNITY/S1-ADL1.test.csv@79.out,OPPORTUNITY/S1-ADL1.test.csv@79.out,OPPORTUNITY,S1-ADL1.test.csv@79.out,51115,1128,0.022067886139098113,414,-58.24804244492219,659.9113109172295
data/raw/OPPORTUNITY/S1-ADL1.test.csv@81.out,OPPORTUNITY/S1-ADL1.test.csv@81.out,OPPORTUNITY,S1-ADL1.test.csv@81.out,51115,1128,0.022067886139098113,414,25.10751267233388,344.4502472625302
data/raw/OPPORTUNITY/S1-ADL1.test.csv@89.out,OPPORTUNITY/S1-ADL1.test.csv@89.out,OPPORTUNITY,S1-ADL1.test.csv@89.out,51115,1128,0.022067886139098113,414,-590.1509437683675,537.6269577658022
data/raw/OPPORTUNITY/S1-ADL1.test.csv@90.out,OPPORTUNITY/S1-ADL1.test.csv@90.out,OPPORTUNITY,S1-ADL1.test.csv@90.out,51115,1128,0.022067886139098113,414,-508.7446795921185,244.11487926314354
data/raw/OPPORTUNITY/S1-ADL1.test.csv@94.out,OPPORTUNITY/S1-ADL1.test.csv@94.out,OPPORTUNITY,S1-ADL1.test.csv@94.out,51115,1128,0.022067886139098113,414,43.59655628094121,592.0439798312382
data/raw/OPPORTUNITY/S1-ADL1.test.csv@93.out,OPPORTUNITY/S1-ADL1.test.csv@93.out,OPPORTUNITY,S1-ADL1.test.csv@93.out,51115,1128,0.022067886139098113,414,2.0893867971045936,509.6795801443839
data/raw/OPPORTUNITY/S1-ADL1.test.csv@95.out,OPPORTUNITY/S1-ADL1.test.csv@95.out,OPPORTUNITY,S1-ADL1.test.csv@95.out,51115,1128,0.022067886139098113,414,252.31585175834797,523.1365975001027
data/raw/OPPORTUNITY/S2-ADL1.test.csv@102.out,OPPORTUNITY/S2-ADL1.test.csv@102.out,OPPORTUNITY,S2-ADL1.test.csv@102.out,42796,1281,0.0299327039910272,0,30.718291429105523,119.2044883931719
data/raw/OPPORTUNITY/S2-ADL1.test.csv@103.out,OPPORTUNITY/S2-ADL1.test.csv@103.out,OPPORTUNITY,S2-ADL1.test.csv@103.out,42796,1281,0.0299327039910272,0,-40.180484157397885,18.733981787524865
data/raw/OPPORTUNITY/S2-ADL1.test.csv@104.out,OPPORTUNITY/S2-ADL1.test.csv@104.out,OPPORTUNITY,S2-ADL1.test.csv@104.out,42796,1281,0.0299327039910272,0,3.0537199738293297,29.157606022540275
data/raw/OPPORTUNITY/S2-ADL1.test.csv@109.out,OPPORTUNITY/S2-ADL1.test.csv@109.out,OPPORTUNITY,S2-ADL1.test.csv@109.out,42796,1281,0.0299327039910272,0,692.7003925600524,449.56543206314825
data/raw/OPPORTUNITY/S2-ADL1.test.csv@108.out,OPPORTUNITY/S2-ADL1.test.csv@108.out,OPPORTUNITY,S2-ADL1.test.csv@108.out,42796,1281,0.0299327039910272,0,-1.3558743807832507,378.2257542877299
data/raw/OPPORTUNITY/S2-ADL1.test.csv@110.out,OPPORTUNITY/S2-ADL1.test.csv@110.out,OPPORTUNITY,S2-ADL1.test.csv@110.out,42796,1281,0.0299327039910272,0,-679.6556687540892,311.38313589251715
data/raw/OPPORTUNITY/S2-ADL1.test.csv@119.out,OPPORTUNITY/S2-ADL1.test.csv@119.out,OPPORTUNITY,S2-ADL1.test.csv@119.out,42796,1281,0.0299327039910272,0,-34.985138798018504,18.740216467372765
data/raw/OPPORTUNITY/S2-ADL1.test.csv@120.out,OPPORTUNITY/S2-ADL1.test.csv@120.out,OPPORTUNITY,S2-ADL1.test.csv@120.out,42796,1281,0.0299327039910272,0,-4.9906299654173285,21.52955524073071
data/raw/OPPORTUNITY/S2-ADL1.test.csv@124.out,OPPORTUNITY/S2-ADL1.test.csv@124.out,OPPORTUNITY,S2-ADL1.test.csv@124.out,42796,1281,0.0299327039910272,0,53.28843817179175,325.5233165151589
data/raw/OPPORTUNITY/S1-ADL5.test.csv@16.out,OPPORTUNITY/S1-ADL5.test.csv@16.out,OPPORTUNITY,S1-ADL5.test.csv@16.out,30126,1218,0.04043019318860785,104,86.59782825927653,258.2164763305387
data/raw/OPPORTUNITY/S1-ADL5.test.csv@18.out,OPPORTUNITY/S1-ADL5.test.csv@18.out,OPPORTUNITY,S1-ADL5.test.csv@18.out,30126,1218,0.04043019318860785,104,-407.9185264139631,236.99347393793542
data/raw/OPPORTUNITY/S1-ADL5.test.csv@17.out,OPPORTUNITY/S1-ADL5.test.csv@17.out,OPPORTUNITY,S1-ADL5.test.csv@17.out,30126,1218,0.04043019318860785,104,828.5734128305909,268.8496346195139
data/raw/OPPORTUNITY/S1-ADL5.test.csv@39.out,OPPORTUNITY/S1-ADL5.test.csv@39.out,OPPORTUNITY,S1-ADL5.test.csv@39.out,30126,1218,0.04043019318860785,79,151.23167038306653,274.2160281334505
data/raw/OPPORTUNITY/S1-ADL5.test.csv@40.out,OPPORTUNITY/S1-ADL5.test.csv@40.out,OPPORTUNITY,S1-ADL5.test.csv@40.out,30126,1218,0.04043019318860785,79,-33.644590142110694,586.363769400167
data/raw/OPPORTUNITY/S1-ADL5.test.csv@38.out,OPPORTUNITY/S1-ADL5.test.csv@38.out,OPPORTUNITY,S1-ADL5.test.csv@38.out,30126,1218,0.04043019318860785,79,-213.44360501880388,252.9617119456369
data/raw/OPPORTUNITY/S1-ADL5.test.csv@47.out,OPPORTUNITY/S1-ADL5.test.csv@47.out,OPPORTUNITY,S1-ADL5.test.csv@47.out,30126,1218,0.04043019318860785,79,-47.93320464605451,354.61065494323344
data/raw/OPPORTUNITY/S1-ADL5.test.csv@44.out,OPPORTUNITY/S1-ADL5.test.csv@44.out,OPPORTUNITY,S1-ADL5.test.csv@44.out,30126,1218,0.04043019318860785,79,51.37421373182015,376.55466019262843
data/raw/OPPORTUNITY/S1-ADL5.test.csv@42.out,OPPORTUNITY/S1-ADL5.test.csv@42.out,OPPORTUNITY,S1-ADL5.test.csv@42.out,30126,1218,0.04043019318860785,79,-3.1000099843578393,238.10119209395603
data/raw/OPPORTUNITY/S1-ADL5.test.csv@41.out,OPPORTUNITY/S1-ADL5.test.csv@41.out,OPPORTUNITY,S1-ADL5.test.csv@41.out,30126,1218,0.04043019318860785,79,-17.145505374912638,322.81919950205366
data/raw/OPPORTUNITY/S1-ADL5.test.csv@45.out,OPPORTUNITY/S1-ADL5.test.csv@45.out,OPPORTUNITY,S1-ADL5.test.csv@45.out,30126,1218,0.04043019318860785,79,211.89017206376676,532.8231335365956
data/raw/OPPORTUNITY/S1-ADL5.test.csv@52.out,OPPORTUNITY/S1-ADL5.test.csv@52.out,OPPORTUNITY,S1-ADL5.test.csv@52.out,30126,1218,0.04043019318860785,79,273.5032449162978,248.39816582719573
data/raw/OPPORTUNITY/S1-ADL5.test.csv@49.out,OPPORTUNITY/S1-ADL5.test.csv@49.out,OPPORTUNITY,S1-ADL5.test.csv@49.out,30126,1218,0.04043019318860785,79,64.73627982826905,448.1272132744824
data/raw/OPPORTUNITY/S1-ADL5.test.csv@53.out,OPPORTUNITY/S1-ADL5.test.csv@53.out,OPPORTUNITY,S1-ADL5.test.csv@53.out,30126,1218,0.04043019318860785,79,-12.678936333078177,880.4164493008565
data/raw/OPPORTUNITY/S1-ADL5.test.csv@54.out,OPPORTUNITY/S1-ADL5.test.csv@54.out,OPPORTUNITY,S1-ADL5.test.csv@54.out,30126,1218,0.04043019318860785,79,-10.717908609844576,498.87801696426993
data/raw/OPPORTUNITY/S1-ADL5.test.csv@66.out,OPPORTUNITY/S1-ADL5.test.csv@66.out,OPPORTUNITY,S1-ADL5.test.csv@66.out,30126,1218,0.04043019318860785,79,-6.421306619629248,1102.9319634734275
data/raw/OPPORTUNITY/S1-ADL5.test.csv@68.out,OPPORTUNITY/S1-ADL5.test.csv@68.out,OPPORTUNITY,S1-ADL5.test.csv@68.out,30126,1218,0.04043019318860785,79,17.684128199154657,917.572090467832
data/raw/OPPORTUNITY/S1-ADL5.test.csv@55.out,OPPORTUNITY/S1-ADL5.test.csv@55.out,OPPORTUNITY,S1-ADL5.test.csv@55.out,30126,1218,0.04043019318860785,79,2.560987785802243,561.1950563156329
data/raw/OPPORTUNITY/S1-ADL5.test.csv@67.out,OPPORTUNITY/S1-ADL5.test.csv@67.out,OPPORTUNITY,S1-ADL5.test.csv@67.out,30126,1218,0.04043019318860785,79,17.582653842313707,700.0001739351651
data/raw/OPPORTUNITY/S1-ADL5.test.csv@76.out,OPPORTUNITY/S1-ADL5.test.csv@76.out,OPPORTUNITY,S1-ADL5.test.csv@76.out,30126,1218,0.04043019318860785,79,-869.3929843245581,257.41055370463584
data/raw/OPPORTUNITY/S1-ADL5.test.csv@78.out,OPPORTUNITY/S1-ADL5.test.csv@78.out,OPPORTUNITY,S1-ADL5.test.csv@78.out,30126,1218,0.04043019318860785,79,148.88082004859055,216.42129086269293
data/raw/OPPORTUNITY/S1-ADL5.test.csv@77.out,OPPORTUNITY/S1-ADL5.test.csv@77.out,OPPORTUNITY,S1-ADL5.test.csv@77.out,30126,1218,0.04043019318860785,79,-23.60142443505175,403.6958372143458
data/raw/OPPORTUNITY/S1-ADL5.test.csv@71.out,OPPORTUNITY/S1-ADL5.test.csv@71.out,OPPORTUNITY,S1-ADL5.test.csv@71.out,30126,1218,0.04043019318860785,79,-333.25859486804006,408.7539686901939
data/raw/OPPORTUNITY/S1-ADL5.test.csv@81.out,OPPORTUNITY/S1-ADL5.test.csv@81.out,OPPORTUNITY,S1-ADL5.test.csv@81.out,30126,1218,0.04043019318860785,79,28.242120677605087,465.999874211888
data/raw/OPPORTUNITY/S1-ADL5.test.csv@82.out,OPPORTUNITY/S1-ADL5.test.csv@82.out,OPPORTUNITY,S1-ADL5.test.csv@82.out,30126,1218,0.04043019318860785,79,296.8667753852298,460.820036558799
data/raw/OPPORTUNITY/S1-ADL5.test.csv@83.out,OPPORTUNITY/S1-ADL5.test.csv@83.out,OPPORTUNITY,S1-ADL5.test.csv@83.out,30126,1218,0.04043019318860785,79,200.31583851965254,540.2320537751582
data/raw/OPPORTUNITY/S1-ADL5.test.csv@80.out,OPPORTUNITY/S1-ADL5.test.csv@80.out,OPPORTUNITY,S1-ADL5.test.csv@80.out,30126,1218,0.04043019318860785,79,7.614870036942124,458.6665177246589
data/raw/OPPORTUNITY/S1-ADL5.test.csv@79.out,OPPORTUNITY/S1-ADL5.test.csv@79.out,OPPORTUNITY,S1-ADL5.test.csv@79.out,30126,1218,0.04043019318860785,79,-49.216294471993876,802.7054642983086
data/raw/OPPORTUNITY/S1-ADL5.test.csv@90.out,OPPORTUNITY/S1-ADL5.test.csv@90.out,OPPORTUNITY,S1-ADL5.test.csv@90.out,30126,1218,0.04043019318860785,79,-576.4824108896063,293.57346706563686
data/raw/OPPORTUNITY/S1-ADL5.test.csv@92.out,OPPORTUNITY/S1-ADL5.test.csv@92.out,OPPORTUNITY,S1-ADL5.test.csv@92.out,30126,1218,0.04043019318860785,79,-80.03271541252039,944.8935949825641
data/raw/OPPORTUNITY/S1-ADL5.test.csv@93.out,OPPORTUNITY/S1-ADL5.test.csv@93.out,OPPORTUNITY,S1-ADL5.test.csv@93.out,30126,1218,0.04043019318860785,79,-0.16197956534762206,644.9475284130432
data/raw/OPPORTUNITY/S1-ADL5.test.csv@89.out,OPPORTUNITY/S1-ADL5.test.csv@89.out,OPPORTUNITY,S1-ADL5.test.csv@89.out,30126,1218,0.04043019318860785,79,-451.4107564815123,599.6063984016313
data/raw/OPPORTUNITY/S1-ADL5.test.csv@104.out,OPPORTUNITY/S1-ADL5.test.csv@104.out,OPPORTUNITY,S1-ADL5.test.csv@104.out,30126,1218,0.04043019318860785,0,-2.78566686583018,27.773840075919782
data/raw/OPPORTUNITY/S1-ADL5.test.csv@94.out,OPPORTUNITY/S1-ADL5.test.csv@94.out,OPPORTUNITY,S1-ADL5.test.csv@94.out,30126,1218,0.04043019318860785,79,39.94495290711219,791.9389620051331
data/raw/OPPORTUNITY/S1-ADL5.test.csv@103.out,OPPORTUNITY/S1-ADL5.test.csv@103.out,OPPORTUNITY,S1-ADL5.test.csv@103.out,30126,1218,0.04043019318860785,0,-30.152924384252806,18.675342411485612
data/raw/OPPORTUNITY/S1-ADL5.test.csv@106.out,OPPORTUNITY/S1-ADL5.test.csv@106.out,OPPORTUNITY,S1-ADL5.test.csv@106.out,30126,1218,0.04043019318860785,0,-2.543185288455155,456.90729667323467
data/raw/OPPORTUNITY/S1-ADL5.test.csv@109.out,OPPORTUNITY/S1-ADL5.test.csv@109.out,OPPORTUNITY,S1-ADL5.test.csv@109.out,30126,1218,0.04043019318860785,0,556.8016663347274,538.6770994689897
data/raw/OPPORTUNITY/S1-ADL5.test.csv@110.out,OPPORTUNITY/S1-ADL5.test.csv@110.out,OPPORTUNITY,S1-ADL5.test.csv@110.out,30126,1218,0.04043019318860785,0,-838.7673770165305,454.32998700073614
data/raw/OPPORTUNITY/S1-ADL5.test.csv@108.out,OPPORTUNITY/S1-ADL5.test.csv@108.out,OPPORTUNITY,S1-ADL5.test.csv@108.out,30126,1218,0.04043019318860785,0,9.783808006373233,392.0719145204526
data/raw/OPPORTUNITY/S1-ADL5.test.csv@111.out,OPPORTUNITY/S1-ADL5.test.csv@111.out,OPPORTUNITY,S1-ADL5.test.csv@111.out,30126,1218,0.04043019318860785,0,6.401646418376154,1812.5988023990994
data/raw/OPPORTUNITY/S1-ADL5.test.csv@112.out,OPPORTUNITY/S1-ADL5.test.csv@112.out,OPPORTUNITY,S1-ADL5.test.csv@112.out,30126,1218,0.04043019318860785,0,47.93995220075682,987.2006165955208
data/raw/OPPORTUNITY/S1-ADL5.test.csv@114.out,OPPORTUNITY/S1-ADL5.test.csv@114.out,OPPORTUNITY,S1-ADL5.test.csv@114.out,30126,1218,0.04043019318860785,0,47.93991900683795,987.200518827633
data/raw/OPPORTUNITY/S1-ADL5.test.csv@113.out,OPPORTUNITY/S1-ADL5.test.csv@113.out,OPPORTUNITY,S1-ADL5.test.csv@113.out,30126,1218,0.04043019318860785,0,-3.927670450773418,894.8125729782511
data/raw/OPPORTUNITY/S1-ADL5.test.csv@116.out,OPPORTUNITY/S1-ADL5.test.csv@116.out,OPPORTUNITY,S1-ADL5.test.csv@116.out,30126,1218,0.04043019318860785,0,-3.927670450773418,894.8125729782511
data/raw/OPPORTUNITY/S1-ADL5.test.csv@115.out,OPPORTUNITY/S1-ADL5.test.csv@115.out,OPPORTUNITY,S1-ADL5.test.csv@115.out,30126,1218,0.04043019318860785,0,-6.401646418376154,1812.5988023990994
data/raw/OPPORTUNITY/S1-ADL5.test.csv@119.out,OPPORTUNITY/S1-ADL5.test.csv@119.out,OPPORTUNITY,S1-ADL5.test.csv@119.out,30126,1218,0.04043019318860785,0,-27.831872800902875,13.767758880397801
data/raw/OPPORTUNITY/S1-ADL5.test.csv@122.out,OPPORTUNITY/S1-ADL5.test.csv@122.out,OPPORTUNITY,S1-ADL5.test.csv@122.out,30126,1218,0.04043019318860785,0,13.47981809732457,499.1821810719649
data/raw/OPPORTUNITY/S1-ADL5.test.csv@120.out,OPPORTUNITY/S1-ADL5.test.csv@120.out,OPPORTUNITY,S1-ADL5.test.csv@120.out,30126,1218,0.04043019318860785,0,16.75602469627564,21.45522310666151
data/raw/OPPORTUNITY/S1-ADL5.test.csv@124.out,OPPORTUNITY/S1-ADL5.test.csv@124.out,OPPORTUNITY,S1-ADL5.test.csv@124.out,30126,1218,0.04043019318860785,0,-257.6161787160592,477.56270804159226
data/raw/OPPORTUNITY/S1-ADL5.test.csv@129.out,OPPORTUNITY/S1-ADL5.test.csv@129.out,OPPORTUNITY,S1-ADL5.test.csv@129.out,30126,1218,0.04043019318860785,0,-26.85600477992432,1177.8150131451098
data/raw/OPPORTUNITY/S1-ADL5.test.csv@126.out,OPPORTUNITY/S1-ADL5.test.csv@126.out,OPPORTUNITY,S1-ADL5.test.csv@126.out,30126,1218,0.04043019318860785,0,-788.5705370776074,388.3647402966456
data/raw/OPPORTUNITY/S1-ADL5.test.csv@128.out,OPPORTUNITY/S1-ADL5.test.csv@128.out,OPPORTUNITY,S1-ADL5.test.csv@128.out,30126,1218,0.04043019318860785,0,-8.702980813914891,942.274292038376
data/raw/OPPORTUNITY/S1-ADL5.test.csv@127.out,OPPORTUNITY/S1-ADL5.test.csv@127.out,OPPORTUNITY,S1-ADL5.test.csv@127.out,30126,1218,0.04043019318860785,0,-13.553674566819359,1628.874262961401
data/raw/OPPORTUNITY/S1-ADL5.test.csv@125.out,OPPORTUNITY/S1-ADL5.test.csv@125.out,OPPORTUNITY,S1-ADL5.test.csv@125.out,30126,1218,0.04043019318860785,0,466.12587134037045,519.186399284107
data/raw/OPPORTUNITY/S1-ADL5.test.csv@131.out,OPPORTUNITY/S1-ADL5.test.csv@131.out,OPPORTUNITY,S1-ADL5.test.csv@131.out,30126,1218,0.04043019318860785,0,13.553674566819359,1628.874262961401
data/raw/OPPORTUNITY/S1-ADL5.test.csv@132.out,OPPORTUNITY/S1-ADL5.test.csv@132.out,OPPORTUNITY,S1-ADL5.test.csv@132.out,30126,1218,0.04043019318860785,0,-26.85600477992432,1177.8150131451098
data/raw/OPPORTUNITY/S1-ADL5.test.csv@130.out,OPPORTUNITY/S1-ADL5.test.csv@130.out,OPPORTUNITY,S1-ADL5.test.csv@130.out,30126,1218,0.04043019318860785,0,-8.702980813914891,942.2744743816833
data/raw/OPPORTUNITY/S3-ADL5.test.csv@38.out,OPPORTUNITY/S3-ADL5.test.csv@38.out,OPPORTUNITY,S3-ADL5.test.csv@38.out,26494,1499,0.0565788480410659,291,-99.31114757852154,266.0951639836121
data/raw/OPPORTUNITY/S3-ADL5.test.csv@53.out,OPPORTUNITY/S3-ADL5.test.csv@53.out,OPPORTUNITY,S3-ADL5.test.csv@53.out,26494,1499,0.0565788480410659,291,-35.48990573598443,683.3252100198367
data/raw/OPPORTUNITY/S3-ADL5.test.csv@42.out,OPPORTUNITY/S3-ADL5.test.csv@42.out,OPPORTUNITY,S3-ADL5.test.csv@42.out,26494,1499,0.0565788480410659,291,17.59447391520055,288.79633994027114
data/raw/OPPORTUNITY/S3-ADL5.test.csv@54.out,OPPORTUNITY/S3-ADL5.test.csv@54.out,OPPORTUNITY,S3-ADL5.test.csv@54.out,26494,1499,0.0565788480410659,291,-18.765026905316184,524.4228459552903
data/raw/OPPORTUNITY/S3-ADL5.test.csv@50.out,OPPORTUNITY/S3-ADL5.test.csv@50.out,OPPORTUNITY,S3-ADL5.test.csv@50.out,26494,1499,0.0565788480410659,291,-803.6337060641911,262.01334141842034
data/raw/OPPORTUNITY/S3-ADL5.test.csv@51.out,OPPORTUNITY/S3-ADL5.test.csv@51.out,OPPORTUNITY,S3-ADL5.test.csv@51.out,26494,1499,0.0565788480410659,291,-71.67454108308209,356.29679013370577
data/raw/OPPORTUNITY/S3-ADL5.test.csv@55.out,OPPORTUNITY/S3-ADL5.test.csv@55.out,OPPORTUNITY,S3-ADL5.test.csv@55.out,26494,1499,0.0565788480410659,291,10.511010189672938,626.3671872001556
data/raw/OPPORTUNITY/S3-ADL5.test.csv@66.out,OPPORTUNITY/S3-ADL5.test.csv@66.out,OPPORTUNITY,S3-ADL5.test.csv@66.out,26494,1499,0.0565788480410659,291,-25.81360912872572,895.1328411385344
data/raw/OPPORTUNITY/S3-ADL5.test.csv@63.out,OPPORTUNITY/S3-ADL5.test.csv@63.out,OPPORTUNITY,S3-ADL5.test.csv@63.out,26494,1499,0.0565788480410659,291,-499.296721749418,563.093848720214
data/raw/OPPORTUNITY/S3-ADL5.test.csv@68.out,OPPORTUNITY/S3-ADL5.test.csv@68.out,OPPORTUNITY,S3-ADL5.test.csv@68.out,26494,1499,0.0565788480410659,291,13.879059649658435,797.0111837043781
data/raw/OPPORTUNITY/S3-ADL5.test.csv@67.out,OPPORTUNITY/S3-ADL5.test.csv@67.out,OPPORTUNITY,S3-ADL5.test.csv@67.out,26494,1499,0.0565788480410659,291,30.16089760714422,687.9519162025656
data/raw/OPPORTUNITY/S3-ADL5.test.csv@120.out,OPPORTUNITY/S3-ADL5.test.csv@120.out,OPPORTUNITY,S3-ADL5.test.csv@120.out,26494,1499,0.0565788480410659,0,23.056767570015854,34.410304021039146
data/raw/OPPORTUNITY/S3-ADL5.test.csv@103.out,OPPORTUNITY/S3-ADL5.test.csv@103.out,OPPORTUNITY,S3-ADL5.test.csv@103.out,26494,1499,0.0565788480410659,0,-51.63289801464482,9.536432961089362
data/raw/OPPORTUNITY/S3-ADL5.test.csv@104.out,OPPORTUNITY/S3-ADL5.test.csv@104.out,OPPORTUNITY,S3-ADL5.test.csv@104.out,26494,1499,0.0565788480410659,0,6.127387332981052,24.459103180036298
data/raw/OPPORTUNITY/S3-ADL5.test.csv@93.out,OPPORTUNITY/S3-ADL5.test.csv@93.out,OPPORTUNITY,S3-ADL5.test.csv@93.out,26494,1499,0.0565788480410659,291,-4.013319085600886,761.1454797565158
data/raw/OPPORTUNITY/S3-ADL5.test.csv@108.out,OPPORTUNITY/S3-ADL5.test.csv@108.out,OPPORTUNITY,S3-ADL5.test.csv@108.out,26494,1499,0.0565788480410659,0,-76.0906997810825,441.5119812838508
data/raw/OPPORTUNITY/S3-ADL5.test.csv@126.out,OPPORTUNITY/S3-ADL5.test.csv@126.out,OPPORTUNITY,S3-ADL5.test.csv@126.out,26494,1499,0.0565788480410659,0,-594.4411564882615,408.0511289564559
data/raw/OPPORTUNITY/S3-ADL5.test.csv@124.out,OPPORTUNITY/S3-ADL5.test.csv@124.out,OPPORTUNITY,S3-ADL5.test.csv@124.out,26494,1499,0.0565788480410659,0,-254.62829319846003,397.65587791229
data/raw/OPPORTUNITY/S1-ADL2.test.csv@42.out,OPPORTUNITY/S1-ADL2.test.csv@42.out,OPPORTUNITY,S1-ADL2.test.csv@42.out,32223,1395,0.04329205846755423,332,-4.3776300523658715,240.68181499185266
data/raw/OPPORTUNITY/S1-ADL2.test.csv@44.out,OPPORTUNITY/S1-ADL2.test.csv@44.out,OPPORTUNITY,S1-ADL2.test.csv@44.out,32223,1395,0.04329205846755423,332,35.26063779749773,403.9827942019888
data/raw/OPPORTUNITY/S1-ADL2.test.csv@55.out,OPPORTUNITY/S1-ADL2.test.csv@55.out,OPPORTUNITY,S1-ADL2.test.csv@55.out,32223,1395,0.04329205846755423,332,3.336050923458029,562.046677470617
data/raw/OPPORTUNITY/S1-ADL2.test.csv@54.out,OPPORTUNITY/S1-ADL2.test.csv@54.out,OPPORTUNITY,S1-ADL2.test.csv@54.out,32223,1395,0.04329205846755423,332,-11.465899470069926,478.81163931259584
data/raw/OPPORTUNITY/S1-ADL2.test.csv@48.out,OPPORTUNITY/S1-ADL2.test.csv@48.out,OPPORTUNITY,S1-ADL2.test.csv@48.out,32223,1395,0.04329205846755423,332,-126.97823837446302,505.584022483974
data/raw/OPPORTUNITY/S1-ADL2.test.csv@52.out,OPPORTUNITY/S1-ADL2.test.csv@52.out,OPPORTUNITY,S1-ADL2.test.csv@52.out,32223,1395,0.04329205846755423,332,282.7001975478975,246.8335437600442
data/raw/OPPORTUNITY/S1-ADL2.test.csv@77.out,OPPORTUNITY/S1-ADL2.test.csv@77.out,OPPORTUNITY,S1-ADL2.test.csv@77.out,32223,1395,0.04329205846755423,332,48.54792888275689,391.14887808310556
data/raw/OPPORTUNITY/S1-ADL2.test.csv@76.out,OPPORTUNITY/S1-ADL2.test.csv@76.out,OPPORTUNITY,S1-ADL2.test.csv@76.out,32223,1395,0.04329205846755423,332,-862.5485246621304,265.99974652388397
data/raw/OPPORTUNITY/S1-ADL2.test.csv@67.out,OPPORTUNITY/S1-ADL2.test.csv@67.out,OPPORTUNITY,S1-ADL2.test.csv@67.out,32223,1395,0.04329205846755423,332,26.322567495531654,696.524281093834
data/raw/OPPORTUNITY/S1-ADL2.test.csv@68.out,OPPORTUNITY/S1-ADL2.test.csv@68.out,OPPORTUNITY,S1-ADL2.test.csv@68.out,32223,1395,0.04329205846755423,332,14.557900348060581,988.0214665217763
data/raw/OPPORTUNITY/S1-ADL2.test.csv@79.out,OPPORTUNITY/S1-ADL2.test.csv@79.out,OPPORTUNITY,S1-ADL2.test.csv@79.out,32223,1395,0.04329205846755423,332,-51.887648552883256,809.6254346984513
data/raw/OPPORTUNITY/S1-ADL2.test.csv@80.out,OPPORTUNITY/S1-ADL2.test.csv@80.out,OPPORTUNITY,S1-ADL2.test.csv@80.out,32223,1395,0.04329205846755423,332,10.208083785393999,448.82425725042066
data/raw/OPPORTUNITY/S1-ADL2.test.csv@78.out,OPPORTUNITY/S1-ADL2.test.csv@78.out,OPPORTUNITY,S1-ADL2.test.csv@78.out,32223,1395,0.04329205846755423,332,162.368567934527,273.12004706403695
data/raw/OPPORTUNITY/S1-ADL2.test.csv@81.out,OPPORTUNITY/S1-ADL2.test.csv@81.out,OPPORTUNITY,S1-ADL2.test.csv@81.out,32223,1395,0.04329205846755423,332,28.438368191652817,527.7122693145335
data/raw/OPPORTUNITY/S1-ADL2.test.csv@89.out,OPPORTUNITY/S1-ADL2.test.csv@89.out,OPPORTUNITY,S1-ADL2.test.csv@89.out,32223,1395,0.04329205846755423,332,-494.5953717349723,568.8323019939083
data/raw/OPPORTUNITY/S1-ADL2.test.csv@85.out,OPPORTUNITY/S1-ADL2.test.csv@85.out,OPPORTUNITY,S1-ADL2.test.csv@85.out,32223,1395,0.04329205846755423,332,-43.033677213006804,548.5886281219289
data/raw/OPPORTUNITY/S1-ADL2.test.csv@82.out,OPPORTUNITY/S1-ADL2.test.csv@82.out,OPPORTUNITY,S1-ADL2.test.csv@82.out,32223,1395,0.04329205846755423,332,343.66228716565803,434.82806393025885
data/raw/OPPORTUNITY/S1-ADL2.test.csv@90.out,OPPORTUNITY/S1-ADL2.test.csv@90.out,OPPORTUNITY,S1-ADL2.test.csv@90.out,32223,1395,0.04329205846755423,332,-588.9636574582171,308.35032768056635
data/raw/OPPORTUNITY/S1-ADL2.test.csv@94.out,OPPORTUNITY/S1-ADL2.test.csv@94.out,OPPORTUNITY,S1-ADL2.test.csv@94.out,32223,1395,0.04329205846755423,332,35.006302718635354,895.7203980805382
data/raw/OPPORTUNITY/S1-ADL2.test.csv@93.out,OPPORTUNITY/S1-ADL2.test.csv@93.out,OPPORTUNITY,S1-ADL2.test.csv@93.out,32223,1395,0.04329205846755423,332,-0.7353485309334922,619.6019541385666
data/raw/OPPORTUNITY/S1-ADL2.test.csv@103.out,OPPORTUNITY/S1-ADL2.test.csv@103.out,OPPORTUNITY,S1-ADL2.test.csv@103.out,32223,1395,0.04329205846755423,0,-29.13204853675946,17.65868330502549
data/raw/OPPORTUNITY/S1-ADL2.test.csv@96.out,OPPORTUNITY/S1-ADL2.test.csv@96.out,OPPORTUNITY,S1-ADL2.test.csv@96.out,32223,1395,0.04329205846755423,332,100.94976639177197,443.970176802931
data/raw/OPPORTUNITY/S1-ADL2.test.csv@108.out,OPPORTUNITY/S1-ADL2.test.csv@108.out,OPPORTUNITY,S1-ADL2.test.csv@108.out,32223,1395,0.04329205846755423,0,-4.96819042298979,435.86931203995067
data/raw/OPPORTUNITY/S1-ADL2.test.csv@104.out,OPPORTUNITY/S1-ADL2.test.csv@104.out,OPPORTUNITY,S1-ADL2.test.csv@104.out,32223,1395,0.04329205846755423,0,-0.8085218632653695,26.630855944912593
data/raw/OPPORTUNITY/S1-ADL2.test.csv@110.out,OPPORTUNITY/S1-ADL2.test.csv@110.out,OPPORTUNITY,S1-ADL2.test.csv@110.out,32223,1395,0.04329205846755423,0,-857.0979424634578,494.4894647659254
data/raw/OPPORTUNITY/S1-ADL2.test.csv@109.out,OPPORTUNITY/S1-ADL2.test.csv@109.out,OPPORTUNITY,S1-ADL2.test.csv@109.out,32223,1395,0.04329205846755423,0,557.8328523104615,612.7515572501617
data/raw/OPPORTUNITY/S1-ADL2.test.csv@115.out,OPPORTUNITY/S1-ADL2.test.csv@115.out,OPPORTUNITY,S1-ADL2.test.csv@115.out,32223,1395,0.04329205846755423,0,-11.112900723085994,1976.4428695636552
data/raw/OPPORTUNITY/S1-ADL2.test.csv@111.out,OPPORTUNITY/S1-ADL2.test.csv@111.out,OPPORTUNITY,S1-ADL2.test.csv@111.out,32223,1395,0.04329205846755423,0,11.112900723085994,1976.4428695636552
data/raw/OPPORTUNITY/S1-ADL2.test.csv@114.out,OPPORTUNITY/S1-ADL2.test.csv@114.out,OPPORTUNITY,S1-ADL2.test.csv@114.out,32223,1395,0.04329205846755423,0,65.8655308320144,1099.346435959186
data/raw/OPPORTUNITY/S1-ADL2.test.csv@120.out,OPPORTUNITY/S1-ADL2.test.csv@120.out,OPPORTUNITY,S1-ADL2.test.csv@120.out,32223,1395,0.04329205846755423,0,14.37594264966018,29.54363319760201
data/raw/OPPORTUNITY/S1-ADL2.test.csv@122.out,OPPORTUNITY/S1-ADL2.test.csv@122.out,OPPORTUNITY,S1-ADL2.test.csv@122.out,32223,1395,0.04329205846755423,0,0.34503305092635694,531.0201923304955
data/raw/OPPORTUNITY/S1-ADL2.test.csv@126.out,OPPORTUNITY/S1-ADL2.test.csv@126.out,OPPORTUNITY,S1-ADL2.test.csv@126.out,32223,1395,0.04329205846755423,0,-818.2199360705087,437.65240307518195
data/raw/OPPORTUNITY/S1-ADL2.test.csv@130.out,OPPORTUNITY/S1-ADL2.test.csv@130.out,OPPORTUNITY,S1-ADL2.test.csv@130.out,32223,1395,0.04329205846755423,0,-3.4527821742233806,977.238679535086
data/raw/OPPORTUNITY/S1-ADL2.test.csv@124.out,OPPORTUNITY/S1-ADL2.test.csv@124.out,OPPORTUNITY,S1-ADL2.test.csv@124.out,32223,1395,0.04329205846755423,0,-243.84753126648667,487.239695003744
data/raw/OPPORTUNITY/S2-ADL4.test.csv@38.out,OPPORTUNITY/S2-ADL4.test.csv@38.out,OPPORTUNITY,S2-ADL4.test.csv@38.out,32747,740,0.022597489846398144,205,-143.43291746051256,216.91175759351074
data/raw/OPPORTUNITY/S2-ADL4.test.csv@55.out,OPPORTUNITY/S2-ADL4.test.csv@55.out,OPPORTUNITY,S2-ADL4.test.csv@55.out,32747,740,0.022597489846398144,205,-5.781328744391863,400.5666098442774
data/raw/OPPORTUNITY/S2-ADL4.test.csv@54.out,OPPORTUNITY/S2-ADL4.test.csv@54.out,OPPORTUNITY,S2-ADL4.test.csv@54.out,32747,740,0.022597489846398144,205,-14.472773646364699,396.80668736396416
data/raw/OPPORTUNITY/S2-ADL4.test.csv@66.out,OPPORTUNITY/S2-ADL4.test.csv@66.out,OPPORTUNITY,S2-ADL4.test.csv@66.out,32747,740,0.022597489846398144,205,19.876897547784402,730.7815482982174
data/raw/OPPORTUNITY/S2-ADL4.test.csv@67.out,OPPORTUNITY/S2-ADL4.test.csv@67.out,OPPORTUNITY,S2-ADL4.test.csv@67.out,32747,740,0.022597489846398144,205,-5.760617048737017,782.0568383509277
data/raw/OPPORTUNITY/S2-ADL4.test.csv@68.out,OPPORTUNITY/S2-ADL4.test.csv@68.out,OPPORTUNITY,S2-ADL4.test.csv@68.out,32747,740,0.022597489846398144,205,24.28695224632782,642.8788381412102
data/raw/OPPORTUNITY/S2-ADL4.test.csv@76.out,OPPORTUNITY/S2-ADL4.test.csv@76.out,OPPORTUNITY,S2-ADL4.test.csv@76.out,32747,740,0.022597489846398144,205,-818.635916661545,230.55729000153582
data/raw/OPPORTUNITY/S2-ADL4.test.csv@79.out,OPPORTUNITY/S2-ADL4.test.csv@79.out,OPPORTUNITY,S2-ADL4.test.csv@79.out,32747,740,0.022597489846398144,205,-20.22447913465675,829.600247677646
data/raw/OPPORTUNITY/S2-ADL4.test.csv@77.out,OPPORTUNITY/S2-ADL4.test.csv@77.out,OPPORTUNITY,S2-ADL4.test.csv@77.out,32747,740,0.022597489846398144,205,-341.61542007252166,319.28699250555184
data/raw/OPPORTUNITY/S2-ADL4.test.csv@78.out,OPPORTUNITY/S2-ADL4.test.csv@78.out,OPPORTUNITY,S2-ADL4.test.csv@78.out,32747,740,0.022597489846398144,205,262.6950402556696,210.31302233484945
data/raw/OPPORTUNITY/S2-ADL4.test.csv@92.out,OPPORTUNITY/S2-ADL4.test.csv@92.out,OPPORTUNITY,S2-ADL4.test.csv@92.out,32747,740,0.022597489846398144,205,-52.06241165263352,882.8193472183585
data/raw/OPPORTUNITY/S2-ADL4.test.csv@81.out,OPPORTUNITY/S2-ADL4.test.csv@81.out,OPPORTUNITY,S2-ADL4.test.csv@81.out,32747,740,0.022597489846398144,205,11.48291438756069,633.0868217556417
data/raw/OPPORTUNITY/S2-ADL4.test.csv@89.out,OPPORTUNITY/S2-ADL4.test.csv@89.out,OPPORTUNITY,S2-ADL4.test.csv@89.out,32747,740,0.022597489846398144,205,-305.92329912113576,605.1239733274681
data/raw/OPPORTUNITY/S2-ADL4.test.csv@80.out,OPPORTUNITY/S2-ADL4.test.csv@80.out,OPPORTUNITY,S2-ADL4.test.csv@80.out,32747,740,0.022597489846398144,205,-6.316790609059062,473.7872475023035
data/raw/OPPORTUNITY/S2-ADL4.test.csv@96.out,OPPORTUNITY/S2-ADL4.test.csv@96.out,OPPORTUNITY,S2-ADL4.test.csv@96.out,32747,740,0.022597489846398144,205,195.65730440661298,386.460412882752
data/raw/OPPORTUNITY/S2-ADL4.test.csv@93.out,OPPORTUNITY/S2-ADL4.test.csv@93.out,OPPORTUNITY,S2-ADL4.test.csv@93.out,32747,740,0.022597489846398144,205,28.46201831479319,823.2653537077895
data/raw/OPPORTUNITY/S2-ADL4.test.csv@94.out,OPPORTUNITY/S2-ADL4.test.csv@94.out,OPPORTUNITY,S2-ADL4.test.csv@94.out,32747,740,0.022597489846398144,205,39.47056112101284,961.9988927331414
data/raw/OPPORTUNITY/S2-ADL3.test.csv@40.out,OPPORTUNITY/S2-ADL3.test.csv@40.out,OPPORTUNITY,S2-ADL3.test.csv@40.out,34231,913,0.026671730302941777,248,-36.0234823294,559.4748561696339
data/raw/OPPORTUNITY/S2-ADL3.test.csv@38.out,OPPORTUNITY/S2-ADL3.test.csv@38.out,OPPORTUNITY,S2-ADL3.test.csv@38.out,34231,913,0.026671730302941777,248,-154.7795074007592,221.47102667570002
data/raw/OPPORTUNITY/S2-ADL4.test.csv@101.out,OPPORTUNITY/S2-ADL4.test.csv@101.out,OPPORTUNITY,S2-ADL4.test.csv@101.out,32747,740,0.022597489846398144,205,-236.23394382643968,425.4445314279536
data/raw/OPPORTUNITY/S2-ADL3.test.csv@52.out,OPPORTUNITY/S2-ADL3.test.csv@52.out,OPPORTUNITY,S2-ADL3.test.csv@52.out,34231,913,0.026671730302941777,248,165.8947120619133,249.7432647533771
data/raw/OPPORTUNITY/S2-ADL3.test.csv@55.out,OPPORTUNITY/S2-ADL3.test.csv@55.out,OPPORTUNITY,S2-ADL3.test.csv@55.out,34231,913,0.026671730302941777,248,-1.3213665656357592,479.06902516638297
data/raw/OPPORTUNITY/S2-ADL3.test.csv@54.out,OPPORTUNITY/S2-ADL3.test.csv@54.out,OPPORTUNITY,S2-ADL3.test.csv@54.out,34231,913,0.026671730302941777,248,-4.544478121413648,450.63125867676894
data/raw/OPPORTUNITY/S2-ADL3.test.csv@53.out,OPPORTUNITY/S2-ADL3.test.csv@53.out,OPPORTUNITY,S2-ADL3.test.csv@53.out,34231,913,0.026671730302941777,248,-13.383456434099402,838.9164746600499
data/raw/OPPORTUNITY/S2-ADL3.test.csv@67.out,OPPORTUNITY/S2-ADL3.test.csv@67.out,OPPORTUNITY,S2-ADL3.test.csv@67.out,34231,913,0.026671730302941777,248,24.927169467086486,865.3727654662218
data/raw/OPPORTUNITY/S2-ADL3.test.csv@66.out,OPPORTUNITY/S2-ADL3.test.csv@66.out,OPPORTUNITY,S2-ADL3.test.csv@66.out,34231,913,0.026671730302941777,248,6.165494511961863,854.5300697008429
data/raw/OPPORTUNITY/S2-ADL3.test.csv@68.out,OPPORTUNITY/S2-ADL3.test.csv@68.out,OPPORTUNITY,S2-ADL3.test.csv@68.out,34231,913,0.026671730302941777,248,5.1067592619839335,752.830531848888
data/raw/OPPORTUNITY/S2-ADL3.test.csv@78.out,OPPORTUNITY/S2-ADL3.test.csv@78.out,OPPORTUNITY,S2-ADL3.test.csv@78.out,34231,913,0.026671730302941777,248,297.00161845628696,215.78387656988693
data/raw/OPPORTUNITY/S2-ADL3.test.csv@77.out,OPPORTUNITY/S2-ADL3.test.csv@77.out,OPPORTUNITY,S2-ADL3.test.csv@77.out,34231,913,0.026671730302941777,248,-323.6964364535209,331.74323463847446
data/raw/OPPORTUNITY/S2-ADL3.test.csv@76.out,OPPORTUNITY/S2-ADL3.test.csv@76.out,OPPORTUNITY,S2-ADL3.test.csv@76.out,34231,913,0.026671730302941777,248,-804.1763823088014,239.81437009525803
data/raw/OPPORTUNITY/S2-ADL3.test.csv@80.out,OPPORTUNITY/S2-ADL3.test.csv@80.out,OPPORTUNITY,S2-ADL3.test.csv@80.out,34231,913,0.026671730302941777,248,-6.449048053438484,457.5735788459303
data/raw/OPPORTUNITY/S2-ADL3.test.csv@81.out,OPPORTUNITY/S2-ADL3.test.csv@81.out,OPPORTUNITY,S2-ADL3.test.csv@81.out,34231,913,0.026671730302941777,248,27.994614954536093,627.7577007087102
data/raw/OPPORTUNITY/S2-ADL3.test.csv@89.out,OPPORTUNITY/S2-ADL3.test.csv@89.out,OPPORTUNITY,S2-ADL3.test.csv@89.out,34231,913,0.026671730302941777,248,-260.9424712356178,587.0908917356332
data/raw/OPPORTUNITY/S2-ADL3.test.csv@79.out,OPPORTUNITY/S2-ADL3.test.csv@79.out,OPPORTUNITY,S2-ADL3.test.csv@79.out,34231,913,0.026671730302941777,248,-61.42585998881794,775.5547244943449
data/raw/OPPORTUNITY/S2-ADL3.test.csv@91.out,OPPORTUNITY/S2-ADL3.test.csv@91.out,OPPORTUNITY,S2-ADL3.test.csv@91.out,34231,913,0.026671730302941777,248,-102.50095636053321,335.88415653220227
data/raw/OPPORTUNITY/S2-ADL3.test.csv@92.out,OPPORTUNITY/S2-ADL3.test.csv@92.out,OPPORTUNITY,S2-ADL3.test.csv@92.out,34231,913,0.026671730302941777,248,-76.29641291233852,820.9673850239426
data/raw/OPPORTUNITY/S2-ADL3.test.csv@93.out,OPPORTUNITY/S2-ADL3.test.csv@93.out,OPPORTUNITY,S2-ADL3.test.csv@93.out,34231,913,0.026671730302941777,248,-0.5775829091016096,812.4128916548945
data/raw/OPPORTUNITY/S4-ADL2.test.csv@16.out,OPPORTUNITY/S4-ADL2.test.csv@16.out,OPPORTUNITY,S4-ADL2.test.csv@16.out,27736,877,0.03161955581194116,171,126.80036277888627,222.5419378571676
data/raw/OPPORTUNITY/S2-ADL3.test.csv@96.out,OPPORTUNITY/S2-ADL3.test.csv@96.out,OPPORTUNITY,S2-ADL3.test.csv@96.out,34231,913,0.026671730302941777,248,213.97489921431304,401.133380391573
data/raw/OPPORTUNITY/S4-ADL2.test.csv@17.out,OPPORTUNITY/S4-ADL2.test.csv@17.out,OPPORTUNITY,S4-ADL2.test.csv@17.out,27736,877,0.03161955581194116,171,650.830727371667,353.0568091862381
data/raw/OPPORTUNITY/S2-ADL3.test.csv@94.out,OPPORTUNITY/S2-ADL3.test.csv@94.out,OPPORTUNITY,S2-ADL3.test.csv@94.out,34231,913,0.026671730302941777,248,29.219021275343554,971.6209986923415
data/raw/OPPORTUNITY/S4-ADL2.test.csv@31.out,OPPORTUNITY/S4-ADL2.test.csv@31.out,OPPORTUNITY,S4-ADL2.test.csv@31.out,27736,877,0.03161955581194116,190,-424.2452624700501,298.06319281142396
data/raw/OPPORTUNITY/S4-ADL2.test.csv@32.out,OPPORTUNITY/S4-ADL2.test.csv@32.out,OPPORTUNITY,S4-ADL2.test.csv@32.out,27736,877,0.03161955581194116,190,479.68539896899733,599.8254228285018
data/raw/OPPORTUNITY/S4-ADL2.test.csv@33.out,OPPORTUNITY/S4-ADL2.test.csv@33.out,OPPORTUNITY,S4-ADL2.test.csv@33.out,27736,877,0.03161955581194116,190,444.12535395338705,296.0945333922371
data/raw/OPPORTUNITY/S4-ADL2.test.csv@38.out,OPPORTUNITY/S4-ADL2.test.csv@38.out,OPPORTUNITY,S4-ADL2.test.csv@38.out,27736,877,0.03161955581194116,149,-139.83988835320986,194.6416786948425
data/raw/OPPORTUNITY/S4-ADL2.test.csv@81.out,OPPORTUNITY/S4-ADL2.test.csv@81.out,OPPORTUNITY,S4-ADL2.test.csv@81.out,27736,877,0.03161955581194116,149,41.09729220284917,580.560216739135
data/raw/OPPORTUNITY/S4-ADL2.test.csv@77.out,OPPORTUNITY/S4-ADL2.test.csv@77.out,OPPORTUNITY,S4-ADL2.test.csv@77.out,27736,877,0.03161955581194116,149,-272.53641207815275,337.6504303268527
data/raw/OPPORTUNITY/S4-ADL2.test.csv@79.out,OPPORTUNITY/S4-ADL2.test.csv@79.out,OPPORTUNITY,S4-ADL2.test.csv@79.out,27736,877,0.03161955581194116,149,-82.21876246057926,770.4362493016332
data/raw/OPPORTUNITY/S4-ADL2.test.csv@42.out,OPPORTUNITY/S4-ADL2.test.csv@42.out,OPPORTUNITY,S4-ADL2.test.csv@42.out,27736,877,0.03161955581194116,149,8.215318809584225,277.04514839026507
data/raw/OPPORTUNITY/S4-ADL2.test.csv@119.out,OPPORTUNITY/S4-ADL2.test.csv@119.out,OPPORTUNITY,S4-ADL2.test.csv@119.out,27736,877,0.03161955581194116,0,-32.650922988174216,14.927276671790322
data/raw/OPPORTUNITY/S4-ADL2.test.csv@120.out,OPPORTUNITY/S4-ADL2.test.csv@120.out,OPPORTUNITY,S4-ADL2.test.csv@120.out,27736,877,0.03161955581194116,0,-131.39958898182866,80.35150880250676
data/raw/OPPORTUNITY/S4-ADL2.test.csv@128.out,OPPORTUNITY/S4-ADL2.test.csv@128.out,OPPORTUNITY,S4-ADL2.test.csv@128.out,27736,877,0.03161955581194116,0,51.54247187770407,898.7977518936258
data/raw/OPPORTUNITY/S4-ADL2.test.csv@124.out,OPPORTUNITY/S4-ADL2.test.csv@124.out,OPPORTUNITY,S4-ADL2.test.csv@124.out,27736,877,0.03161955581194116,0,281.3009806749351,440.2542972397728
data/raw/OPPORTUNITY/S4-ADL2.test.csv@125.out,OPPORTUNITY/S4-ADL2.test.csv@125.out,OPPORTUNITY,S4-ADL2.test.csv@125.out,27736,877,0.03161955581194116,0,525.4863354485145,488.1474922006064
data/raw/OPPORTUNITY/S4-ADL2.test.csv@127.out,OPPORTUNITY/S4-ADL2.test.csv@127.out,OPPORTUNITY,S4-ADL2.test.csv@127.out,27736,877,0.03161955581194116,0,5.629795211998847,1742.0603821142245
data/raw/OPPORTUNITY/S4-ADL5.test.csv@6.out,OPPORTUNITY/S4-ADL5.test.csv@6.out,OPPORTUNITY,S4-ADL5.test.csv@6.out,30526,931,0.030498591364738255,358,312.9397374701671,265.40671652754645
data/raw/OPPORTUNITY/S4-ADL5.test.csv@5.out,OPPORTUNITY/S4-ADL5.test.csv@5.out,OPPORTUNITY,S4-ADL5.test.csv@5.out,30526,931,0.030498591364738255,358,916.716056748873,208.32831532772008
data/raw/OPPORTUNITY/S4-ADL2.test.csv@131.out,OPPORTUNITY/S4-ADL2.test.csv@131.out,OPPORTUNITY,S4-ADL2.test.csv@131.out,27736,877,0.03161955581194116,0,-5.629795211998847,1742.0603821142245
data/raw/OPPORTUNITY/S4-ADL5.test.csv@4.out,OPPORTUNITY/S4-ADL5.test.csv@4.out,OPPORTUNITY,S4-ADL5.test.csv@4.out,30526,931,0.030498591364738255,358,-95.31254972155926,177.62312128415874
data/raw/OPPORTUNITY/S4-ADL5.test.csv@17.out,OPPORTUNITY/S4-ADL5.test.csv@17.out,OPPORTUNITY,S4-ADL5.test.csv@17.out,30526,931,0.030498591364738255,305,674.3338407067932,351.6547648231178
data/raw/OPPORTUNITY/S4-ADL5.test.csv@31.out,OPPORTUNITY/S4-ADL5.test.csv@31.out,OPPORTUNITY,S4-ADL5.test.csv@31.out,30526,931,0.030498591364738255,316,-358.46650115855675,292.50521798007634
data/raw/OPPORTUNITY/S4-ADL5.test.csv@16.out,OPPORTUNITY/S4-ADL5.test.csv@16.out,OPPORTUNITY,S4-ADL5.test.csv@16.out,30526,931,0.030498591364738255,305,173.34926044803282,213.37473867610387
data/raw/OPPORTUNITY/S4-ADL5.test.csv@32.out,OPPORTUNITY/S4-ADL5.test.csv@32.out,OPPORTUNITY,S4-ADL5.test.csv@32.out,30526,931,0.030498591364738255,316,604.1513737173121,548.7527864185043
data/raw/OPPORTUNITY/S4-ADL5.test.csv@38.out,OPPORTUNITY/S4-ADL5.test.csv@38.out,OPPORTUNITY,S4-ADL5.test.csv@38.out,30526,931,0.030498591364738255,278,-151.88048796614652,196.13196048585675
data/raw/OPPORTUNITY/S4-ADL5.test.csv@40.out,OPPORTUNITY/S4-ADL5.test.csv@40.out,OPPORTUNITY,S4-ADL5.test.csv@40.out,30526,931,0.030498591364738255,278,-81.63752975403332,598.0506301446098
data/raw/OPPORTUNITY/S4-ADL5.test.csv@42.out,OPPORTUNITY/S4-ADL5.test.csv@42.out,OPPORTUNITY,S4-ADL5.test.csv@42.out,30526,931,0.030498591364738255,278,12.710228775456228,272.80834772733556
data/raw/OPPORTUNITY/S4-ADL5.test.csv@39.out,OPPORTUNITY/S4-ADL5.test.csv@39.out,OPPORTUNITY,S4-ADL5.test.csv@39.out,30526,931,0.030498591364738255,278,286.04314334832054,307.0841568091288
data/raw/OPPORTUNITY/S4-ADL5.test.csv@53.out,OPPORTUNITY/S4-ADL5.test.csv@53.out,OPPORTUNITY,S4-ADL5.test.csv@53.out,30526,931,0.030498591364738255,278,-57.67452393546681,838.6486408821304
data/raw/OPPORTUNITY/S4-ADL5.test.csv@52.out,OPPORTUNITY/S4-ADL5.test.csv@52.out,OPPORTUNITY,S4-ADL5.test.csv@52.out,30526,931,0.030498591364738255,278,213.26900952129066,224.78751739949126
data/raw/OPPORTUNITY/S4-ADL5.test.csv@54.out,OPPORTUNITY/S4-ADL5.test.csv@54.out,OPPORTUNITY,S4-ADL5.test.csv@54.out,30526,931,0.030498591364738255,278,2.37595874107379,549.7738408775367
data/raw/OPPORTUNITY/S4-ADL5.test.csv@55.out,OPPORTUNITY/S4-ADL5.test.csv@55.out,OPPORTUNITY,S4-ADL5.test.csv@55.out,30526,931,0.030498591364738255,278,11.793308648505686,583.759840192956
data/raw/OPPORTUNITY/S4-ADL5.test.csv@65.out,OPPORTUNITY/S4-ADL5.test.csv@65.out,OPPORTUNITY,S4-ADL5.test.csv@65.out,30526,931,0.030498591364738255,278,525.9265075376884,252.28258464828696
data/raw/OPPORTUNITY/S4-ADL5.test.csv@79.out,OPPORTUNITY/S4-ADL5.test.csv@79.out,OPPORTUNITY,S4-ADL5.test.csv@79.out,30526,931,0.030498591364738255,278,-90.26500925681037,836.2221109496376
data/raw/OPPORTUNITY/S4-ADL5.test.csv@77.out,OPPORTUNITY/S4-ADL5.test.csv@77.out,OPPORTUNITY,S4-ADL5.test.csv@77.out,30526,931,0.030498591364738255,278,-228.34980825178525,338.25935346993873
data/raw/OPPORTUNITY/S4-ADL5.test.csv@68.out,OPPORTUNITY/S4-ADL5.test.csv@68.out,OPPORTUNITY,S4-ADL5.test.csv@68.out,30526,931,0.030498591364738255,278,46.13607511240413,935.292634222787
data/raw/OPPORTUNITY/S4-ADL5.test.csv@81.out,OPPORTUNITY/S4-ADL5.test.csv@81.out,OPPORTUNITY,S4-ADL5.test.csv@81.out,30526,931,0.030498591364738255,278,47.030382174028034,587.5819950906987
data/raw/OPPORTUNITY/S4-ADL5.test.csv@92.out,OPPORTUNITY/S4-ADL5.test.csv@92.out,OPPORTUNITY,S4-ADL5.test.csv@92.out,30526,931,0.030498591364738255,278,-122.29512695054218,986.8296500263434
data/raw/OPPORTUNITY/S4-ADL5.test.csv@91.out,OPPORTUNITY/S4-ADL5.test.csv@91.out,OPPORTUNITY,S4-ADL5.test.csv@91.out,30526,931,0.030498591364738255,278,-28.95768315260513,270.0062481037972
data/raw/OPPORTUNITY/S4-ADL5.test.csv@89.out,OPPORTUNITY/S4-ADL5.test.csv@89.out,OPPORTUNITY,S4-ADL5.test.csv@89.out,30526,931,0.030498591364738255,278,-705.6196442740016,506.153956668264
data/raw/OPPORTUNITY/S4-ADL5.test.csv@96.out,OPPORTUNITY/S4-ADL5.test.csv@96.out,OPPORTUNITY,S4-ADL5.test.csv@96.out,30526,931,0.030498591364738255,278,171.15852287754564,400.09230449196366
data/raw/OPPORTUNITY/S4-ADL5.test.csv@118.out,OPPORTUNITY/S4-ADL5.test.csv@118.out,OPPORTUNITY,S4-ADL5.test.csv@118.out,30526,931,0.030498591364738255,0,35.31114459804757,81.48137801423455
data/raw/OPPORTUNITY/S4-ADL5.test.csv@94.out,OPPORTUNITY/S4-ADL5.test.csv@94.out,OPPORTUNITY,S4-ADL5.test.csv@94.out,30526,931,0.030498591364738255,278,39.57507934408886,894.4457595433756
data/raw/OPPORTUNITY/S4-ADL5.test.csv@108.out,OPPORTUNITY/S4-ADL5.test.csv@108.out,OPPORTUNITY,S4-ADL5.test.csv@108.out,30526,931,0.030498591364738255,0,-3.210476315272227,398.16337724299603
data/raw/OPPORTUNITY/S4-ADL5.test.csv@127.out,OPPORTUNITY/S4-ADL5.test.csv@127.out,OPPORTUNITY,S4-ADL5.test.csv@127.out,30526,931,0.030498591364738255,0,19.74814911878399,1886.0272990345052
data/raw/OPPORTUNITY/S4-ADL5.test.csv@120.out,OPPORTUNITY/S4-ADL5.test.csv@120.out,OPPORTUNITY,S4-ADL5.test.csv@120.out,30526,931,0.030498591364738255,0,-131.68633296206514,79.864758666913
data/raw/OPPORTUNITY/S4-ADL5.test.csv@125.out,OPPORTUNITY/S4-ADL5.test.csv@125.out,OPPORTUNITY,S4-ADL5.test.csv@125.out,30526,931,0.030498591364738255,0,564.5839284544323,503.6956204395292
data/raw/OPPORTUNITY/S4-ADL5.test.csv@126.out,OPPORTUNITY/S4-ADL5.test.csv@126.out,OPPORTUNITY,S4-ADL5.test.csv@126.out,30526,931,0.030498591364738255,0,668.3608399397235,535.1778993865137
data/raw/OPPORTUNITY/S4-ADL5.test.csv@124.out,OPPORTUNITY/S4-ADL5.test.csv@124.out,OPPORTUNITY,S4-ADL5.test.csv@124.out,30526,931,0.030498591364738255,0,257.27153901592084,430.61364857549125
data/raw/OPPORTUNITY/S4-ADL5.test.csv@130.out,OPPORTUNITY/S4-ADL5.test.csv@130.out,OPPORTUNITY,S4-ADL5.test.csv@130.out,30526,931,0.030498591364738255,0,76.33024307148006,990.7806000351629
data/raw/OPPORTUNITY/S4-ADL5.test.csv@129.out,OPPORTUNITY/S4-ADL5.test.csv@129.out,OPPORTUNITY,S4-ADL5.test.csv@129.out,30526,931,0.030498591364738255,0,62.599325165432745,871.4417417885675
data/raw/OPPORTUNITY/S4-ADL5.test.csv@131.out,OPPORTUNITY/S4-ADL5.test.csv@131.out,OPPORTUNITY,S4-ADL5.test.csv@131.out,30526,931,0.030498591364738255,0,-19.74814911878399,1886.0272990345052
data/raw/OPPORTUNITY/S4-ADL5.test.csv@128.out,OPPORTUNITY/S4-ADL5.test.csv@128.out,OPPORTUNITY,S4-ADL5.test.csv@128.out,30526,931,0.030498591364738255,0,76.3303085893992,990.7805911188755
data/raw/OPPORTUNITY/S3-ADL2.test.csv@27.out,OPPORTUNITY/S3-ADL2.test.csv@27.out,OPPORTUNITY,S3-ADL2.test.csv@27.out,27824,1419,0.05099913743530765,384,519.6780612244899,299.1212028670364
data/raw/OPPORTUNITY/S4-ADL5.test.csv@132.out,OPPORTUNITY/S4-ADL5.test.csv@132.out,OPPORTUNITY,S4-ADL5.test.csv@132.out,30526,931,0.030498591364738255,0,62.599325165432745,871.4417417885675
data/raw/OPPORTUNITY/S3-ADL2.test.csv@25.out,OPPORTUNITY/S3-ADL2.test.csv@25.out,OPPORTUNITY,S3-ADL2.test.csv@25.out,27824,1419,0.05099913743530765,384,-116.5722303206997,333.4489444879173
data/raw/OPPORTUNITY/S3-ADL2.test.csv@26.out,OPPORTUNITY/S3-ADL2.test.csv@26.out,OPPORTUNITY,S3-ADL2.test.csv@26.out,27824,1419,0.05099913743530765,384,777.4108965014577,382.1717826842803
data/raw/OPPORTUNITY/S3-ADL2.test.csv@50.out,OPPORTUNITY/S3-ADL2.test.csv@50.out,OPPORTUNITY,S3-ADL2.test.csv@50.out,27824,1419,0.05099913743530765,368,-820.4016972610723,277.8965994807191
data/raw/OPPORTUNITY/S3-ADL2.test.csv@53.out,OPPORTUNITY/S3-ADL2.test.csv@53.out,OPPORTUNITY,S3-ADL2.test.csv@53.out,27824,1419,0.05099913743530765,368,-46.68393065268065,686.5263775948447
data/raw/OPPORTUNITY/S3-ADL2.test.csv@51.out,OPPORTUNITY/S3-ADL2.test.csv@51.out,OPPORTUNITY,S3-ADL2.test.csv@51.out,27824,1419,0.05099913743530765,368,-8.316215034965035,371.1178861206964
data/raw/OPPORTUNITY/S3-ADL2.test.csv@54.out,OPPORTUNITY/S3-ADL2.test.csv@54.out,OPPORTUNITY,S3-ADL2.test.csv@54.out,27824,1419,0.05099913743530765,368,-11.2721081002331,476.4135622366585
data/raw/OPPORTUNITY/S4-ADL4.test.csv@81.out,OPPORTUNITY/S4-ADL4.test.csv@81.out,OPPORTUNITY,S4-ADL4.test.csv@81.out,22229,788,0.03544918799766071,1014,38.05434833843978,626.574619619988
data/raw/OPPORTUNITY/S3-ADL2.test.csv@63.out,OPPORTUNITY/S3-ADL2.test.csv@63.out,OPPORTUNITY,S3-ADL2.test.csv@63.out,27824,1419,0.05099913743530765,368,-535.467803030303,547.1908382121726
data/raw/OPPORTUNITY/S4-ADL4.test.csv@42.out,OPPORTUNITY/S4-ADL4.test.csv@42.out,OPPORTUNITY,S4-ADL4.test.csv@42.out,22229,788,0.03544918799766071,1014,4.035352345038888,284.36369214954726
data/raw/OPPORTUNITY/S4-ADL4.test.csv@6.out,OPPORTUNITY/S4-ADL4.test.csv@6.out,OPPORTUNITY,S4-ADL4.test.csv@6.out,22229,788,0.03544918799766071,1039,292.70806984426616,266.3124978408049
data/raw/OPPORTUNITY/S3-ADL2.test.csv@55.out,OPPORTUNITY/S3-ADL2.test.csv@55.out,OPPORTUNITY,S3-ADL2.test.csv@55.out,27824,1419,0.05099913743530765,368,14.424278846153847,618.4409918583195
data/raw/OPPORTUNITY/S4-ADL4.test.csv@108.out,OPPORTUNITY/S4-ADL4.test.csv@108.out,OPPORTUNITY,S4-ADL4.test.csv@108.out,22229,788,0.03544918799766071,0,84.00292410814701,392.45334864467776
data/raw/OPPORTUNITY/S4-ADL4.test.csv@118.out,OPPORTUNITY/S4-ADL4.test.csv@118.out,OPPORTUNITY,S4-ADL4.test.csv@118.out,22229,788,0.03544918799766071,0,41.37428584281794,90.57488000030942
data/raw/OPPORTUNITY/S4-ADL4.test.csv@104.out,OPPORTUNITY/S4-ADL4.test.csv@104.out,OPPORTUNITY,S4-ADL4.test.csv@104.out,22229,788,0.03544918799766071,0,-119.88721939808359,117.10503865434279
data/raw/OPPORTUNITY/S4-ADL4.test.csv@120.out,OPPORTUNITY/S4-ADL4.test.csv@120.out,OPPORTUNITY,S4-ADL4.test.csv@120.out,22229,788,0.03544918799766071,0,-128.86998965315578,86.162312217711
data/raw/OPPORTUNITY/S4-ADL4.test.csv@94.out,OPPORTUNITY/S4-ADL4.test.csv@94.out,OPPORTUNITY,S4-ADL4.test.csv@94.out,22229,788,0.03544918799766071,1014,29.456893707282582,1030.3984190433678
data/raw/OPPORTUNITY/S4-ADL4.test.csv@92.out,OPPORTUNITY/S4-ADL4.test.csv@92.out,OPPORTUNITY,S4-ADL4.test.csv@92.out,22229,788,0.03544918799766071,1014,-79.41744049021918,994.1834383624213
data/raw/OPPORTUNITY/S4-ADL4.test.csv@124.out,OPPORTUNITY/S4-ADL4.test.csv@124.out,OPPORTUNITY,S4-ADL4.test.csv@124.out,22229,788,0.03544918799766071,0,249.94997525754644,439.8738771733559
data/raw/OPPORTUNITY/S4-ADL4.test.csv@133.out,OPPORTUNITY/S4-ADL4.test.csv@133.out,OPPORTUNITY,S4-ADL4.test.csv@133.out,22229,788,0.03544918799766071,0,-25.92419811957353,49.42691242842962
data/raw/OPPORTUNITY/S2-ADL5.test.csv@40.out,OPPORTUNITY/S2-ADL5.test.csv@40.out,OPPORTUNITY,S2-ADL5.test.csv@40.out,31825,1158,0.03638648860958366,513,19.11030914665304,617.9905130731528
data/raw/OPPORTUNITY/S2-ADL5.test.csv@53.out,OPPORTUNITY/S2-ADL5.test.csv@53.out,OPPORTUNITY,S2-ADL5.test.csv@53.out,31825,1158,0.03638648860958366,513,39.933699540112414,837.7491235566894
data/raw/OPPORTUNITY/S2-ADL5.test.csv@66.out,OPPORTUNITY/S2-ADL5.test.csv@66.out,OPPORTUNITY,S2-ADL5.test.csv@66.out,31825,1158,0.03638648860958366,513,25.340412621359224,818.6387896599631
data/raw/OPPORTUNITY/S2-ADL5.test.csv@78.out,OPPORTUNITY/S2-ADL5.test.csv@78.out,OPPORTUNITY,S2-ADL5.test.csv@78.out,31825,1158,0.03638648860958366,513,271.0356732243229,208.3984971310884
data/raw/OPPORTUNITY/S2-ADL5.test.csv@79.out,OPPORTUNITY/S2-ADL5.test.csv@79.out,OPPORTUNITY,S2-ADL5.test.csv@79.out,31825,1158,0.03638648860958366,513,-4.795381962187021,890.4873863158836
data/raw/OPPORTUNITY/S2-ADL5.test.csv@80.out,OPPORTUNITY/S2-ADL5.test.csv@80.out,OPPORTUNITY,S2-ADL5.test.csv@80.out,31825,1158,0.03638648860958366,513,-5.655818855390905,486.7906238033084
data/raw/OPPORTUNITY/S2-ADL5.test.csv@90.out,OPPORTUNITY/S2-ADL5.test.csv@90.out,OPPORTUNITY,S2-ADL5.test.csv@90.out,31825,1158,0.03638648860958366,513,-679.7061829330609,276.3853229811264
data/raw/OPPORTUNITY/S2-ADL5.test.csv@81.out,OPPORTUNITY/S2-ADL5.test.csv@81.out,OPPORTUNITY,S2-ADL5.test.csv@81.out,31825,1158,0.03638648860958366,513,5.6464614205416455,703.3312400739471
data/raw/OPPORTUNITY/S2-ADL5.test.csv@89.out,OPPORTUNITY/S2-ADL5.test.csv@89.out,OPPORTUNITY,S2-ADL5.test.csv@89.out,31825,1158,0.03638648860958366,513,-341.67140393459374,606.1692269336683
data/raw/OPPORTUNITY/S2-ADL5.test.csv@92.out,OPPORTUNITY/S2-ADL5.test.csv@92.out,OPPORTUNITY,S2-ADL5.test.csv@92.out,31825,1158,0.03638648860958366,513,-41.275453500255495,929.5572306489186
data/raw/OPPORTUNITY/S2-ADL5.test.csv@94.out,OPPORTUNITY/S2-ADL5.test.csv@94.out,OPPORTUNITY,S2-ADL5.test.csv@94.out,31825,1158,0.03638648860958366,513,39.1312276443536,1051.7943829311728
data/raw/OPPORTUNITY/S2-ADL5.test.csv@91.out,OPPORTUNITY/S2-ADL5.test.csv@91.out,OPPORTUNITY,S2-ADL5.test.csv@91.out,31825,1158,0.03638648860958366,513,-34.11688809402146,320.5060388230228
data/raw/OPPORTUNITY/S2-ADL5.test.csv@93.out,OPPORTUNITY/S2-ADL5.test.csv@93.out,OPPORTUNITY,S2-ADL5.test.csv@93.out,31825,1158,0.03638648860958366,513,34.60823326520184,848.9363958637148
data/raw/OPPORTUNITY/S3-ADL1.test.csv@40.out,OPPORTUNITY/S3-ADL1.test.csv@40.out,OPPORTUNITY,S3-ADL1.test.csv@40.out,37222,2544,0.06834667669657729,921,-12.712184237348833,549.3686509807998
data/raw/OPPORTUNITY/S2-ADL5.test.csv@98.out,OPPORTUNITY/S2-ADL5.test.csv@98.out,OPPORTUNITY,S2-ADL5.test.csv@98.out,31825,1158,0.03638648860958366,513,19.314480071538068,494.15074163358156
data/raw/OPPORTUNITY/S3-ADL1.test.csv@38.out,OPPORTUNITY/S3-ADL1.test.csv@38.out,OPPORTUNITY,S3-ADL1.test.csv@38.out,37222,2544,0.06834667669657729,921,-132.00537175284427,276.5204784187195
data/raw/OPPORTUNITY/S3-ADL1.test.csv@42.out,OPPORTUNITY/S3-ADL1.test.csv@42.out,OPPORTUNITY,S3-ADL1.test.csv@42.out,37222,2544,0.06834667669657729,921,2.5939781273243163,296.0222317168466
data/raw/OPPORTUNITY/S3-ADL1.test.csv@50.out,OPPORTUNITY/S3-ADL1.test.csv@50.out,OPPORTUNITY,S3-ADL1.test.csv@50.out,37222,2544,0.06834667669657729,921,-789.9493126911104,276.89025546952325
data/raw/OPPORTUNITY/S3-ADL1.test.csv@51.out,OPPORTUNITY/S3-ADL1.test.csv@51.out,OPPORTUNITY,S3-ADL1.test.csv@51.out,37222,2544,0.06834667669657729,921,-56.67284647805845,378.203873363469
data/raw/OPPORTUNITY/S3-ADL1.test.csv@53.out,OPPORTUNITY/S3-ADL1.test.csv@53.out,OPPORTUNITY,S3-ADL1.test.csv@53.out,37222,2544,0.06834667669657729,921,3.859287622930498,657.130133852163
data/raw/OPPORTUNITY/S3-ADL1.test.csv@52.out,OPPORTUNITY/S3-ADL1.test.csv@52.out,OPPORTUNITY,S3-ADL1.test.csv@52.out,37222,2544,0.06834667669657729,921,283.0391173796865,321.91140861844735
data/raw/OPPORTUNITY/S3-ADL1.test.csv@54.out,OPPORTUNITY/S3-ADL1.test.csv@54.out,OPPORTUNITY,S3-ADL1.test.csv@54.out,37222,2544,0.06834667669657729,921,-4.683259414341203,476.40888421805676
data/raw/OPPORTUNITY/S3-ADL1.test.csv@58.out,OPPORTUNITY/S3-ADL1.test.csv@58.out,OPPORTUNITY,S3-ADL1.test.csv@58.out,37222,2544,0.06834667669657729,921,-116.64290239938293,430.3574898725042
data/raw/OPPORTUNITY/S3-ADL1.test.csv@56.out,OPPORTUNITY/S3-ADL1.test.csv@56.out,OPPORTUNITY,S3-ADL1.test.csv@56.out,37222,2544,0.06834667669657729,921,363.6289633894383,412.81919205724887
data/raw/OPPORTUNITY/S3-ADL1.test.csv@55.out,OPPORTUNITY/S3-ADL1.test.csv@55.out,OPPORTUNITY,S3-ADL1.test.csv@55.out,37222,2544,0.06834667669657729,921,-3.5930690614583622,568.7589356260172
data/raw/OPPORTUNITY/S3-ADL1.test.csv@66.out,OPPORTUNITY/S3-ADL1.test.csv@66.out,OPPORTUNITY,S3-ADL1.test.csv@66.out,37222,2544,0.06834667669657729,921,7.085066527092917,794.3365576807962
data/raw/OPPORTUNITY/S3-ADL1.test.csv@63.out,OPPORTUNITY/S3-ADL1.test.csv@63.out,OPPORTUNITY,S3-ADL1.test.csv@63.out,37222,2544,0.06834667669657729,921,-514.4783614776452,541.0777975320877
data/raw/OPPORTUNITY/S3-ADL1.test.csv@61.out,OPPORTUNITY/S3-ADL1.test.csv@61.out,OPPORTUNITY,S3-ADL1.test.csv@61.out,37222,2544,0.06834667669657729,921,-69.11468003636263,428.1675425010993
data/raw/OPPORTUNITY/S3-ADL1.test.csv@67.out,OPPORTUNITY/S3-ADL1.test.csv@67.out,OPPORTUNITY,S3-ADL1.test.csv@67.out,37222,2544,0.06834667669657729,921,14.963940387317153,627.8395330641276
data/raw/OPPORTUNITY/S3-ADL1.test.csv@68.out,OPPORTUNITY/S3-ADL1.test.csv@68.out,OPPORTUNITY,S3-ADL1.test.csv@68.out,37222,2544,0.06834667669657729,921,9.332580369686786,659.0854625011577
data/raw/OPPORTUNITY/S3-ADL1.test.csv@80.out,OPPORTUNITY/S3-ADL1.test.csv@80.out,OPPORTUNITY,S3-ADL1.test.csv@80.out,37222,2544,0.06834667669657729,921,2.0898322360265555,535.4467419829864
data/raw/OPPORTUNITY/S4-ADL1.test.csv@40.out,OPPORTUNITY/S4-ADL1.test.csv@40.out,OPPORTUNITY,S4-ADL1.test.csv@40.out,41587,1602,0.03852165340130329,328,-40.138733367265324,558.7533642133504
data/raw/OPPORTUNITY/S4-ADL1.test.csv@38.out,OPPORTUNITY/S4-ADL1.test.csv@38.out,OPPORTUNITY,S4-ADL1.test.csv@38.out,41587,1602,0.03852165340130329,328,-114.81078067815507,197.6488515994489
data/raw/OPPORTUNITY/S4-ADL1.test.csv@16.out,OPPORTUNITY/S4-ADL1.test.csv@16.out,OPPORTUNITY,S4-ADL1.test.csv@16.out,41587,1602,0.03852165340130329,353,107.38414900324975,212.74636019755823
data/raw/OPPORTUNITY/S4-ADL1.test.csv@42.out,OPPORTUNITY/S4-ADL1.test.csv@42.out,OPPORTUNITY,S4-ADL1.test.csv@42.out,41587,1602,0.03852165340130329,328,7.581836690176689,274.4070729053609
data/raw/OPPORTUNITY/S4-ADL1.test.csv@77.out,OPPORTUNITY/S4-ADL1.test.csv@77.out,OPPORTUNITY,S4-ADL1.test.csv@77.out,41587,1602,0.03852165340130329,328,-281.05870234373106,344.0570370567081
data/raw/OPPORTUNITY/S4-ADL1.test.csv@68.out,OPPORTUNITY/S4-ADL1.test.csv@68.out,OPPORTUNITY,S4-ADL1.test.csv@68.out,41587,1602,0.03852165340130329,328,33.28636176349403,821.4653244405544
data/raw/OPPORTUNITY/S4-ADL3.test.csv@17.out,OPPORTUNITY/S4-ADL3.test.csv@17.out,OPPORTUNITY,S4-ADL3.test.csv@17.out,25131,1112,0.04424813974772194,607,639.7256972761377,366.5539736411547
data/raw/OPPORTUNITY/S4-ADL3.test.csv@81.out,OPPORTUNITY/S4-ADL3.test.csv@81.out,OPPORTUNITY,S4-ADL3.test.csv@81.out,25131,1112,0.04424813974772194,582,38.57024726058088,566.3237091915685
data/raw/OPPORTUNITY/S4-ADL3.test.csv@16.out,OPPORTUNITY/S4-ADL3.test.csv@16.out,OPPORTUNITY,S4-ADL3.test.csv@16.out,25131,1112,0.04424813974772194,607,155.6078535312347,223.45082347226986
data/raw/OPPORTUNITY/S4-ADL3.test.csv@53.out,OPPORTUNITY/S4-ADL3.test.csv@53.out,OPPORTUNITY,S4-ADL3.test.csv@53.out,25131,1112,0.04424813974772194,582,-36.933235569676974,813.1234995674673
data/raw/OPPORTUNITY/S4-ADL3.test.csv@42.out,OPPORTUNITY/S4-ADL3.test.csv@42.out,OPPORTUNITY,S4-ADL3.test.csv@42.out,25131,1112,0.04424813974772194,582,9.451220008961668,284.0477299226381
data/raw/OPPORTUNITY/S4-ADL3.test.csv@108.out,OPPORTUNITY/S4-ADL3.test.csv@108.out,OPPORTUNITY,S4-ADL3.test.csv@108.out,25131,1112,0.04424813974772194,0,70.18272253392225,367.7200601217219
data/raw/OPPORTUNITY/S3-ADL3.test.csv@38.out,OPPORTUNITY/S3-ADL3.test.csv@38.out,OPPORTUNITY,S3-ADL3.test.csv@38.out,26716,1514,0.056670160203623296,269,-119.25250501002004,229.86461082388698
data/raw/OPPORTUNITY/S4-ADL3.test.csv@118.out,OPPORTUNITY/S4-ADL3.test.csv@118.out,OPPORTUNITY,S4-ADL3.test.csv@118.out,25131,1112,0.04424813974772194,0,40.82810075205921,94.54420690397959
data/raw/OPPORTUNITY/S4-ADL3.test.csv@124.out,OPPORTUNITY/S4-ADL3.test.csv@124.out,OPPORTUNITY,S4-ADL3.test.csv@124.out,25131,1112,0.04424813974772194,0,249.50041781067208,433.41678401369114
data/raw/OPPORTUNITY/S4-ADL3.test.csv@120.out,OPPORTUNITY/S4-ADL3.test.csv@120.out,OPPORTUNITY,S4-ADL3.test.csv@120.out,25131,1112,0.04424813974772194,0,-132.19481914766624,80.34108400913718
data/raw/OPPORTUNITY/S3-ADL3.test.csv@53.out,OPPORTUNITY/S3-ADL3.test.csv@53.out,OPPORTUNITY,S3-ADL3.test.csv@53.out,26716,1514,0.056670160203623296,269,-36.95507997126328,640.5215435793473
data/raw/OPPORTUNITY/S3-ADL3.test.csv@51.out,OPPORTUNITY/S3-ADL3.test.csv@51.out,OPPORTUNITY,S3-ADL3.test.csv@51.out,26716,1514,0.056670160203623296,269,12.754603546716073,335.0483406670121
data/raw/OPPORTUNITY/S3-ADL3.test.csv@50.out,OPPORTUNITY/S3-ADL3.test.csv@50.out,OPPORTUNITY,S3-ADL3.test.csv@50.out,26716,1514,0.056670160203623296,269,-788.6334934018981,269.36621245292775
data/raw/OPPORTUNITY/S3-ADL3.test.csv@52.out,OPPORTUNITY/S3-ADL3.test.csv@52.out,OPPORTUNITY,S3-ADL3.test.csv@52.out,26716,1514,0.056670160203623296,269,327.07834536998524,354.51998652411197
data/raw/OPPORTUNITY/S3-ADL3.test.csv@42.out,OPPORTUNITY/S3-ADL3.test.csv@42.out,OPPORTUNITY,S3-ADL3.test.csv@42.out,26716,1514,0.056670160203623296,269,20.767270389836277,256.60345329890225
data/raw/OPPORTUNITY/S3-ADL3.test.csv@57.out,OPPORTUNITY/S3-ADL3.test.csv@57.out,OPPORTUNITY,S3-ADL3.test.csv@57.out,26716,1514,0.056670160203623296,269,-24.406700192838507,521.9194785870638
data/raw/OPPORTUNITY/S3-ADL3.test.csv@54.out,OPPORTUNITY/S3-ADL3.test.csv@54.out,OPPORTUNITY,S3-ADL3.test.csv@54.out,26716,1514,0.056670160203623296,269,-17.566340227625062,489.58186360458615
data/raw/OPPORTUNITY/S3-ADL3.test.csv@55.out,OPPORTUNITY/S3-ADL3.test.csv@55.out,OPPORTUNITY,S3-ADL3.test.csv@55.out,26716,1514,0.056670160203623296,269,16.308957537716942,595.3757319023371
data/raw/OPPORTUNITY/S3-ADL3.test.csv@63.out,OPPORTUNITY/S3-ADL3.test.csv@63.out,OPPORTUNITY,S3-ADL3.test.csv@63.out,26716,1514,0.056670160203623296,269,-450.42719401066284,597.0647471107143
data/raw/OPPORTUNITY/S3-ADL3.test.csv@80.out,OPPORTUNITY/S3-ADL3.test.csv@80.out,OPPORTUNITY,S3-ADL3.test.csv@80.out,26716,1514,0.056670160203623296,269,-5.583695693273339,587.9585534282204
data/raw/OPPORTUNITY/S3-ADL3.test.csv@66.out,OPPORTUNITY/S3-ADL3.test.csv@66.out,OPPORTUNITY,S3-ADL3.test.csv@66.out,26716,1514,0.056670160203623296,269,-21.488562029719816,800.6342273532949
data/raw/OPPORTUNITY/S3-ADL3.test.csv@67.out,OPPORTUNITY/S3-ADL3.test.csv@67.out,OPPORTUNITY,S3-ADL3.test.csv@67.out,26716,1514,0.056670160203623296,269,45.98895905017582,652.4658605550915
data/raw/OPPORTUNITY/S3-ADL3.test.csv@71.out,OPPORTUNITY/S3-ADL3.test.csv@71.out,OPPORTUNITY,S3-ADL3.test.csv@71.out,26716,1514,0.056670160203623296,269,-158.19019170416306,524.476035511105
data/raw/OPPORTUNITY/S3-ADL3.test.csv@68.out,OPPORTUNITY/S3-ADL3.test.csv@68.out,OPPORTUNITY,S3-ADL3.test.csv@68.out,26716,1514,0.056670160203623296,269,10.767799750444285,695.0970489064166
data/raw/OPPORTUNITY/S3-ADL3.test.csv@81.out,OPPORTUNITY/S3-ADL3.test.csv@81.out,OPPORTUNITY,S3-ADL3.test.csv@81.out,26716,1514,0.056670160203623296,269,29.652890687034446,456.0213180813759
data/raw/OPPORTUNITY/S3-ADL3.test.csv@103.out,OPPORTUNITY/S3-ADL3.test.csv@103.out,OPPORTUNITY,S3-ADL3.test.csv@103.out,26716,1514,0.056670160203623296,0,-48.8304012576733,14.05194575195885
data/raw/OPPORTUNITY/S3-ADL3.test.csv@104.out,OPPORTUNITY/S3-ADL3.test.csv@104.out,OPPORTUNITY,S3-ADL3.test.csv@104.out,26716,1514,0.056670160203623296,0,8.65698457852972,25.149726155271235
data/raw/OPPORTUNITY/S3-ADL3.test.csv@92.out,OPPORTUNITY/S3-ADL3.test.csv@92.out,OPPORTUNITY,S3-ADL3.test.csv@92.out,26716,1514,0.056670160203623296,269,-97.65727681778651,748.0587365880145
data/raw/OPPORTUNITY/S3-ADL3.test.csv@108.out,OPPORTUNITY/S3-ADL3.test.csv@108.out,OPPORTUNITY,S3-ADL3.test.csv@108.out,26716,1514,0.056670160203623296,0,-89.20908818685432,418.89376287932885
data/raw/OPPORTUNITY/S3-ADL3.test.csv@109.out,OPPORTUNITY/S3-ADL3.test.csv@109.out,OPPORTUNITY,S3-ADL3.test.csv@109.out,26716,1514,0.056670160203623296,0,815.4559065728403,458.5322650676902
data/raw/OPPORTUNITY/S3-ADL3.test.csv@126.out,OPPORTUNITY/S3-ADL3.test.csv@126.out,OPPORTUNITY,S3-ADL3.test.csv@126.out,26716,1514,0.056670160203623296,0,-587.3977391825124,443.7847325560402
data/raw/OPPORTUNITY/S3-ADL4.test.csv@16.out,OPPORTUNITY/S3-ADL4.test.csv@16.out,OPPORTUNITY,S3-ADL4.test.csv@16.out,27680,2160,0.07803468208092486,285,97.51261179047272,274.7876713132961
data/raw/OPPORTUNITY/S3-ADL3.test.csv@120.out,OPPORTUNITY/S3-ADL3.test.csv@120.out,OPPORTUNITY,S3-ADL3.test.csv@120.out,26716,1514,0.056670160203623296,0,24.125879622698008,37.65611992295931
data/raw/OPPORTUNITY/S3-ADL4.test.csv@17.out,OPPORTUNITY/S3-ADL4.test.csv@17.out,OPPORTUNITY,S3-ADL4.test.csv@17.out,27680,2160,0.07803468208092486,285,815.3560503741559,301.20036102706024
data/raw/OPPORTUNITY/S3-ADL4.test.csv@40.out,OPPORTUNITY/S3-ADL4.test.csv@40.out,OPPORTUNITY,S3-ADL4.test.csv@40.out,27680,2160,0.07803468208092486,140,-67.6297385620915,583.3488902803194
data/raw/OPPORTUNITY/S3-ADL4.test.csv@45.out,OPPORTUNITY/S3-ADL4.test.csv@45.out,OPPORTUNITY,S3-ADL4.test.csv@45.out,27680,2160,0.07803468208092486,140,-150.570406681191,460.4558181794976
data/raw/OPPORTUNITY/S3-ADL4.test.csv@38.out,OPPORTUNITY/S3-ADL4.test.csv@38.out,OPPORTUNITY,S3-ADL4.test.csv@38.out,27680,2160,0.07803468208092486,140,-106.62567175018155,271.0044616029864
data/raw/OPPORTUNITY/S3-ADL4.test.csv@42.out,OPPORTUNITY/S3-ADL4.test.csv@42.out,OPPORTUNITY,S3-ADL4.test.csv@42.out,27680,2160,0.07803468208092486,140,16.039433551198258,268.29065703826444
data/raw/OPPORTUNITY/S3-ADL4.test.csv@50.out,OPPORTUNITY/S3-ADL4.test.csv@50.out,OPPORTUNITY,S3-ADL4.test.csv@50.out,27680,2160,0.07803468208092486,140,-760.3873638344227,338.6326544255989
data/raw/OPPORTUNITY/S3-ADL4.test.csv@53.out,OPPORTUNITY/S3-ADL4.test.csv@53.out,OPPORTUNITY,S3-ADL4.test.csv@53.out,27680,2160,0.07803468208092486,140,-48.39745824255628,666.3679066300602
data/raw/OPPORTUNITY/S3-ADL4.test.csv@52.out,OPPORTUNITY/S3-ADL4.test.csv@52.out,OPPORTUNITY,S3-ADL4.test.csv@52.out,27680,2160,0.07803468208092486,140,364.0761801016703,275.94316776747
data/raw/OPPORTUNITY/S3-ADL4.test.csv@51.out,OPPORTUNITY/S3-ADL4.test.csv@51.out,OPPORTUNITY,S3-ADL4.test.csv@51.out,27680,2160,0.07803468208092486,140,-13.381880900508351,372.03529815419495
data/raw/OPPORTUNITY/S3-ADL4.test.csv@54.out,OPPORTUNITY/S3-ADL4.test.csv@54.out,OPPORTUNITY,S3-ADL4.test.csv@54.out,27680,2160,0.07803468208092486,140,-11.969716775599128,471.4987311140568
data/raw/OPPORTUNITY/S3-ADL4.test.csv@66.out,OPPORTUNITY/S3-ADL4.test.csv@66.out,OPPORTUNITY,S3-ADL4.test.csv@66.out,27680,2160,0.07803468208092486,140,-29.805265068990558,830.3985191420364
data/raw/OPPORTUNITY/S3-ADL4.test.csv@56.out,OPPORTUNITY/S3-ADL4.test.csv@56.out,OPPORTUNITY,S3-ADL4.test.csv@56.out,27680,2160,0.07803468208092486,140,447.5604938271605,372.8276983956453
data/raw/OPPORTUNITY/S3-ADL4.test.csv@63.out,OPPORTUNITY/S3-ADL4.test.csv@63.out,OPPORTUNITY,S3-ADL4.test.csv@63.out,27680,2160,0.07803468208092486,140,-466.31924473493103,582.4988127773073
data/raw/OPPORTUNITY/S3-ADL4.test.csv@55.out,OPPORTUNITY/S3-ADL4.test.csv@55.out,OPPORTUNITY,S3-ADL4.test.csv@55.out,27680,2160,0.07803468208092486,140,21.310929557007988,608.6571526016949
data/raw/OPPORTUNITY/S3-ADL4.test.csv@67.out,OPPORTUNITY/S3-ADL4.test.csv@67.out,OPPORTUNITY,S3-ADL4.test.csv@67.out,27680,2160,0.07803468208092486,140,48.8241103848947,681.9357079242959
data/raw/OPPORTUNITY/S3-ADL4.test.csv@69.out,OPPORTUNITY/S3-ADL4.test.csv@69.out,OPPORTUNITY,S3-ADL4.test.csv@69.out,27680,2160,0.07803468208092486,140,258.7233841684822,529.2359520432527
data/raw/OPPORTUNITY/S3-ADL4.test.csv@79.out,OPPORTUNITY/S3-ADL4.test.csv@79.out,OPPORTUNITY,S3-ADL4.test.csv@79.out,27680,2160,0.07803468208092486,140,-83.7878721859114,671.9181693608214
data/raw/OPPORTUNITY/S3-ADL4.test.csv@68.out,OPPORTUNITY/S3-ADL4.test.csv@68.out,OPPORTUNITY,S3-ADL4.test.csv@68.out,27680,2160,0.07803468208092486,140,13.188888888888888,769.2894478194296
data/raw/OPPORTUNITY/S3-ADL4.test.csv@80.out,OPPORTUNITY/S3-ADL4.test.csv@80.out,OPPORTUNITY,S3-ADL4.test.csv@80.out,27680,2160,0.07803468208092486,140,-15.263035584604213,567.7361621204262
data/raw/OPPORTUNITY/S3-ADL4.test.csv@92.out,OPPORTUNITY/S3-ADL4.test.csv@92.out,OPPORTUNITY,S3-ADL4.test.csv@92.out,27680,2160,0.07803468208092486,140,-101.78823529411764,744.3384744778215
data/raw/OPPORTUNITY/S3-ADL4.test.csv@81.out,OPPORTUNITY/S3-ADL4.test.csv@81.out,OPPORTUNITY,S3-ADL4.test.csv@81.out,27680,2160,0.07803468208092486,140,25.960493827160494,441.6179879230984
data/raw/OPPORTUNITY/S3-ADL4.test.csv@84.out,OPPORTUNITY/S3-ADL4.test.csv@84.out,OPPORTUNITY,S3-ADL4.test.csv@84.out,27680,2160,0.07803468208092486,140,-77.6436456063907,486.75399573821846
data/raw/OPPORTUNITY/S3-ADL4.test.csv@93.out,OPPORTUNITY/S3-ADL4.test.csv@93.out,OPPORTUNITY,S3-ADL4.test.csv@93.out,27680,2160,0.07803468208092486,140,-10.732098765432099,766.8333818654615
data/raw/OPPORTUNITY/S3-ADL4.test.csv@108.out,OPPORTUNITY/S3-ADL4.test.csv@108.out,OPPORTUNITY,S3-ADL4.test.csv@108.out,27680,2160,0.07803468208092486,0,-96.82803468208093,437.7139571357491
data/raw/OPPORTUNITY/S3-ADL4.test.csv@94.out,OPPORTUNITY/S3-ADL4.test.csv@94.out,OPPORTUNITY,S3-ADL4.test.csv@94.out,27680,2160,0.07803468208092486,140,30.66078431372549,662.4250955875222
data/raw/OPPORTUNITY/S3-ADL4.test.csv@103.out,OPPORTUNITY/S3-ADL4.test.csv@103.out,OPPORTUNITY,S3-ADL4.test.csv@103.out,27680,2160,0.07803468208092486,0,-51.764414739884394,13.607968388429986
data/raw/OPPORTUNITY/S3-ADL4.test.csv@109.out,OPPORTUNITY/S3-ADL4.test.csv@109.out,OPPORTUNITY,S3-ADL4.test.csv@109.out,27680,2160,0.07803468208092486,0,834.7983742774567,448.8503311909349
data/raw/OPPORTUNITY/S3-ADL4.test.csv@126.out,OPPORTUNITY/S3-ADL4.test.csv@126.out,OPPORTUNITY,S3-ADL4.test.csv@126.out,27680,2160,0.07803468208092486,0,-554.8477601156069,455.4853520962516
data/raw/OPPORTUNITY/S3-ADL4.test.csv@120.out,OPPORTUNITY/S3-ADL4.test.csv@120.out,OPPORTUNITY,S3-ADL4.test.csv@120.out,27680,2160,0.07803468208092486,0,26.664703757225432,38.69894488743876
data/raw/OPPORTUNITY/S3-ADL4.test.csv@124.out,OPPORTUNITY/S3-ADL4.test.csv@124.out,OPPORTUNITY,S3-ADL4.test.csv@124.out,27680,2160,0.07803468208092486,0,-246.24624277456647,386.9369582703876
data/raw/OPPORTUNITY/S3-ADL4.test.csv@125.out,OPPORTUNITY/S3-ADL4.test.csv@125.out,OPPORTUNITY,S3-ADL4.test.csv@125.out,27680,2160,0.07803468208092486,0,617.4972904624277,490.74497553470735
data/raw/OPPORTUNITY/S3-ADL4.test.csv@110.out,OPPORTUNITY/S3-ADL4.test.csv@110.out,OPPORTUNITY,S3-ADL4.test.csv@110.out,27680,2160,0.07803468208092486,0,-588.5502167630058,315.7761386697765
data/raw/OPPORTUNITY/S3-ADL4.test.csv@129.out,OPPORTUNITY/S3-ADL4.test.csv@129.out,OPPORTUNITY,S3-ADL4.test.csv@129.out,27680,2160,0.07803468208092486,0,-16.601119942196533,1320.2058488453367
data/raw/OPPORTUNITY/S3-ADL4.test.csv@130.out,OPPORTUNITY/S3-ADL4.test.csv@130.out,OPPORTUNITY,S3-ADL4.test.csv@130.out,27680,2160,0.07803468208092486,0,7.680419075144509,967.5630822011022
data/raw/OPPORTUNITY/S2-ADL2.test.csv@38.out,OPPORTUNITY/S2-ADL2.test.csv@38.out,OPPORTUNITY,S2-ADL2.test.csv@38.out,30181,822,0.027235678075610482,172,-118.16558365823586,216.92207684753348
data/raw/OPPORTUNITY/S2-ADL2.test.csv@40.out,OPPORTUNITY/S2-ADL2.test.csv@40.out,OPPORTUNITY,S2-ADL2.test.csv@40.out,30181,822,0.027235678075610482,172,-7.825219100936386,557.0786466118309
data/raw/OPPORTUNITY/S3-ADL4.test.csv@132.out,OPPORTUNITY/S3-ADL4.test.csv@132.out,OPPORTUNITY,S3-ADL4.test.csv@132.out,27680,2160,0.07803468208092486,0,-16.601119942196533,1320.2058488453367
data/raw/OPPORTUNITY/S2-ADL2.test.csv@66.out,OPPORTUNITY/S2-ADL2.test.csv@66.out,OPPORTUNITY,S2-ADL2.test.csv@66.out,30181,822,0.027235678075610482,172,8.671698490452863,813.6624860559745
data/raw/OPPORTUNITY/S2-ADL2.test.csv@55.out,OPPORTUNITY/S2-ADL2.test.csv@55.out,OPPORTUNITY,S2-ADL2.test.csv@55.out,30181,822,0.027235678075610482,172,-2.9114265720283914,462.05430521833705
data/raw/OPPORTUNITY/S2-ADL2.test.csv@54.out,OPPORTUNITY/S2-ADL2.test.csv@54.out,OPPORTUNITY,S2-ADL2.test.csv@54.out,30181,822,0.027235678075610482,172,-18.574460995034823,451.42491646729786
data/raw/OPPORTUNITY/S2-ADL2.test.csv@65.out,OPPORTUNITY/S2-ADL2.test.csv@65.out,OPPORTUNITY,S2-ADL2.test.csv@65.out,30181,822,0.027235678075610482,172,-54.26142157352794,301.2893656654606
data/raw/OPPORTUNITY/S2-ADL2.test.csv@77.out,OPPORTUNITY/S2-ADL2.test.csv@77.out,OPPORTUNITY,S2-ADL2.test.csv@77.out,30181,822,0.027235678075610482,172,-324.590522843147,320.2476674802635
data/raw/OPPORTUNITY/S2-ADL2.test.csv@68.out,OPPORTUNITY/S2-ADL2.test.csv@68.out,OPPORTUNITY,S2-ADL2.test.csv@68.out,30181,822,0.027235678075610482,172,14.2753507281149,697.325912381297
data/raw/OPPORTUNITY/S2-ADL2.test.csv@79.out,OPPORTUNITY/S2-ADL2.test.csv@79.out,OPPORTUNITY,S2-ADL2.test.csv@79.out,30181,822,0.027235678075610482,172,-33.859175580659134,786.4970793255717
data/raw/OPPORTUNITY/S2-ADL2.test.csv@76.out,OPPORTUNITY/S2-ADL2.test.csv@76.out,OPPORTUNITY,S2-ADL2.test.csv@76.out,30181,822,0.027235678075610482,172,-815.4405345063147,239.15795142736195
data/raw/OPPORTUNITY/S2-ADL2.test.csv@89.out,OPPORTUNITY/S2-ADL2.test.csv@89.out,OPPORTUNITY,S2-ADL2.test.csv@89.out,30181,822,0.027235678075610482,172,-325.1004032123696,581.9974195393625
data/raw/OPPORTUNITY/S2-ADL2.test.csv@81.out,OPPORTUNITY/S2-ADL2.test.csv@81.out,OPPORTUNITY,S2-ADL2.test.csv@81.out,30181,822,0.027235678075610482,172,18.429237895298076,677.9471405988147
data/raw/OPPORTUNITY/S2-ADL2.test.csv@91.out,OPPORTUNITY/S2-ADL2.test.csv@91.out,OPPORTUNITY,S2-ADL2.test.csv@91.out,30181,822,0.027235678075610482,172,-74.20407211169983,363.4130600223769
data/raw/OPPORTUNITY/S2-ADL2.test.csv@92.out,OPPORTUNITY/S2-ADL2.test.csv@92.out,OPPORTUNITY,S2-ADL2.test.csv@92.out,30181,822,0.027235678075610482,172,-64.46276117164851,876.2935663600437
data/raw/OPPORTUNITY/S2-ADL2.test.csv@94.out,OPPORTUNITY/S2-ADL2.test.csv@94.out,OPPORTUNITY,S2-ADL2.test.csv@94.out,30181,822,0.027235678075610482,172,36.56016528374821,1034.1000785520712
data/raw/OPPORTUNITY/S2-ADL2.test.csv@93.out,OPPORTUNITY/S2-ADL2.test.csv@93.out,OPPORTUNITY,S2-ADL2.test.csv@93.out,30181,822,0.027235678075610482,172,19.575327401779465,862.4652908755025
data/raw/OPPORTUNITY/S2-ADL2.test.csv@96.out,OPPORTUNITY/S2-ADL2.test.csv@96.out,OPPORTUNITY,S2-ADL2.test.csv@96.out,30181,822,0.027235678075610482,172,188.62911126662001,402.57375311838763
data/raw/OPPORTUNITY/S2-ADL2.test.csv@98.out,OPPORTUNITY/S2-ADL2.test.csv@98.out,OPPORTUNITY,S2-ADL2.test.csv@98.out,30181,822,0.027235678075610482,172,-104.79926022193342,469.21201161979633
data/raw/OPPORTUNITY/S2-ADL2.test.csv@104.out,OPPORTUNITY/S2-ADL2.test.csv@104.out,OPPORTUNITY,S2-ADL2.test.csv@104.out,30181,822,0.027235678075610482,0,5.701898545442497,28.589859837488984
data/raw/OPPORTUNITY/S2-ADL2.test.csv@108.out,OPPORTUNITY/S2-ADL2.test.csv@108.out,OPPORTUNITY,S2-ADL2.test.csv@108.out,30181,822,0.027235678075610482,0,-38.868029555018055,354.2149417546954
data/raw/OPPORTUNITY/S2-ADL2.test.csv@109.out,OPPORTUNITY/S2-ADL2.test.csv@109.out,OPPORTUNITY,S2-ADL2.test.csv@109.out,30181,822,0.027235678075610482,0,791.092210331003,481.9814128353006
data/raw/OPPORTUNITY/S2-ADL2.test.csv@103.out,OPPORTUNITY/S2-ADL2.test.csv@103.out,OPPORTUNITY,S2-ADL2.test.csv@103.out,30181,822,0.027235678075610482,0,-45.8268778370498,15.62310869846927
data/raw/OPPORTUNITY/S2-ADL2.test.csv@101.out,OPPORTUNITY/S2-ADL2.test.csv@101.out,OPPORTUNITY,S2-ADL2.test.csv@101.out,30181,822,0.027235678075610482,172,-202.91239294878204,450.18521036317395
data/raw/OPPORTUNITY/S2-ADL2.test.csv@124.out,OPPORTUNITY/S2-ADL2.test.csv@124.out,OPPORTUNITY,S2-ADL2.test.csv@124.out,30181,822,0.027235678075610482,0,27.838043802392235,355.76390161144104
data/raw/OPPORTUNITY/S2-ADL2.test.csv@110.out,OPPORTUNITY/S2-ADL2.test.csv@110.out,OPPORTUNITY,S2-ADL2.test.csv@110.out,30181,822,0.027235678075610482,0,-661.5452436963652,387.57592451724815
data/raw/OPPORTUNITY/S2-ADL2.test.csv@119.out,OPPORTUNITY/S2-ADL2.test.csv@119.out,OPPORTUNITY,S2-ADL2.test.csv@119.out,30181,822,0.027235678075610482,0,-40.53729167356946,14.178378519283573
data/raw/OPPORTUNITY/S2-ADL2.test.csv@120.out,OPPORTUNITY/S2-ADL2.test.csv@120.out,OPPORTUNITY,S2-ADL2.test.csv@120.out,30181,822,0.027235678075610482,0,-3.4136708525231105,24.044772904370173
data/raw/OPPORTUNITY/S1-ADL3.test.csv@40.out,OPPORTUNITY/S1-ADL3.test.csv@40.out,OPPORTUNITY,S1-ADL3.test.csv@40.out,33272,1294,0.03889156047126713,773,-14.797132219452907,596.770438312107
data/raw/OPPORTUNITY/S2-ADL2.test.csv@125.out,OPPORTUNITY/S2-ADL2.test.csv@125.out,OPPORTUNITY,S2-ADL2.test.csv@125.out,30181,822,0.027235678075610482,0,625.7078625625394,469.86676922564806
data/raw/OPPORTUNITY/S1-ADL3.test.csv@38.out,OPPORTUNITY/S1-ADL3.test.csv@38.out,OPPORTUNITY,S1-ADL3.test.csv@38.out,33272,1294,0.03889156047126713,773,-199.94039816609742,265.9538343070521
data/raw/OPPORTUNITY/S2-ADL2.test.csv@126.out,OPPORTUNITY/S2-ADL2.test.csv@126.out,OPPORTUNITY,S2-ADL2.test.csv@126.out,30181,822,0.027235678075610482,0,-700.0328683608893,376.0294752396295
data/raw/OPPORTUNITY/S1-ADL3.test.csv@42.out,OPPORTUNITY/S1-ADL3.test.csv@42.out,OPPORTUNITY,S1-ADL3.test.csv@42.out,33272,1294,0.03889156047126713,773,-8.362349610757255,236.81681160278214
data/raw/OPPORTUNITY/S1-ADL3.test.csv@49.out,OPPORTUNITY/S1-ADL3.test.csv@49.out,OPPORTUNITY,S1-ADL3.test.csv@49.out,33272,1294,0.03889156047126713,773,2.8326102341610513,461.6009242167163
data/raw/OPPORTUNITY/S1-ADL3.test.csv@45.out,OPPORTUNITY/S1-ADL3.test.csv@45.out,OPPORTUNITY,S1-ADL3.test.csv@45.out,33272,1294,0.03889156047126713,773,181.33268715960492,526.486711571698
data/raw/OPPORTUNITY/S1-ADL3.test.csv@47.out,OPPORTUNITY/S1-ADL3.test.csv@47.out,OPPORTUNITY,S1-ADL3.test.csv@47.out,33272,1294,0.03889156047126713,773,-0.6023569955998647,358.7724961445167
data/raw/OPPORTUNITY/S1-ADL3.test.csv@55.out,OPPORTUNITY/S1-ADL3.test.csv@55.out,OPPORTUNITY,S1-ADL3.test.csv@55.out,33272,1294,0.03889156047126713,773,-3.89258131019416,571.4848711616833
data/raw/OPPORTUNITY/S1-ADL3.test.csv@54.out,OPPORTUNITY/S1-ADL3.test.csv@54.out,OPPORTUNITY,S1-ADL3.test.csv@54.out,33272,1294,0.03889156047126713,773,-8.08255638635035,505.5943640393983
data/raw/OPPORTUNITY/S1-ADL3.test.csv@52.out,OPPORTUNITY/S1-ADL3.test.csv@52.out,OPPORTUNITY,S1-ADL3.test.csv@52.out,33272,1294,0.03889156047126713,773,302.59611064955845,236.4366187373078
data/raw/OPPORTUNITY/S1-ADL3.test.csv@53.out,OPPORTUNITY/S1-ADL3.test.csv@53.out,OPPORTUNITY,S1-ADL3.test.csv@53.out,33272,1294,0.03889156047126713,773,3.320779100895412,855.2263776098989
data/raw/OPPORTUNITY/S1-ADL3.test.csv@67.out,OPPORTUNITY/S1-ADL3.test.csv@67.out,OPPORTUNITY,S1-ADL3.test.csv@67.out,33272,1294,0.03889156047126713,773,8.696852210837257,686.6297127298482
data/raw/OPPORTUNITY/S1-ADL3.test.csv@76.out,OPPORTUNITY/S1-ADL3.test.csv@76.out,OPPORTUNITY,S1-ADL3.test.csv@76.out,33272,1294,0.03889156047126713,773,-883.2159758761808,248.7850101239918
data/raw/OPPORTUNITY/S1-ADL3.test.csv@77.out,OPPORTUNITY/S1-ADL3.test.csv@77.out,OPPORTUNITY,S1-ADL3.test.csv@77.out,33272,1294,0.03889156047126713,773,-10.606664820456015,385.5739245691604
data/raw/OPPORTUNITY/S1-ADL3.test.csv@68.out,OPPORTUNITY/S1-ADL3.test.csv@68.out,OPPORTUNITY,S1-ADL3.test.csv@68.out,33272,1294,0.03889156047126713,773,7.9444598295332165,1042.967795629303
data/raw/OPPORTUNITY/S1-ADL3.test.csv@82.out,OPPORTUNITY/S1-ADL3.test.csv@82.out,OPPORTUNITY,S1-ADL3.test.csv@82.out,33272,1294,0.03889156047126713,773,345.1468352872396,442.2742679990582
data/raw/OPPORTUNITY/S1-ADL3.test.csv@78.out,OPPORTUNITY/S1-ADL3.test.csv@78.out,OPPORTUNITY,S1-ADL3.test.csv@78.out,33272,1294,0.03889156047126713,773,137.72482230222468,236.09969447198145
data/raw/OPPORTUNITY/S1-ADL3.test.csv@80.out,OPPORTUNITY/S1-ADL3.test.csv@80.out,OPPORTUNITY,S1-ADL3.test.csv@80.out,33272,1294,0.03889156047126713,773,6.8457490999723065,485.5270385166883
data/raw/OPPORTUNITY/S1-ADL3.test.csv@81.out,OPPORTUNITY/S1-ADL3.test.csv@81.out,OPPORTUNITY,S1-ADL3.test.csv@81.out,33272,1294,0.03889156047126713,773,23.416997446075264,477.05663082339987
data/raw/OPPORTUNITY/S1-ADL3.test.csv@91.out,OPPORTUNITY/S1-ADL3.test.csv@91.out,OPPORTUNITY,S1-ADL3.test.csv@91.out,33272,1294,0.03889156047126713,773,134.85242622849933,304.16066137447064
data/raw/OPPORTUNITY/S1-ADL3.test.csv@89.out,OPPORTUNITY/S1-ADL3.test.csv@89.out,OPPORTUNITY,S1-ADL3.test.csv@89.out,33272,1294,0.03889156047126713,773,-451.81916366657435,580.0561734217865
data/raw/OPPORTUNITY/S1-ADL3.test.csv@83.out,OPPORTUNITY/S1-ADL3.test.csv@83.out,OPPORTUNITY,S1-ADL3.test.csv@83.out,33272,1294,0.03889156047126713,773,155.860949567679,529.0357841714864
data/raw/OPPORTUNITY/S1-ADL3.test.csv@93.out,OPPORTUNITY/S1-ADL3.test.csv@93.out,OPPORTUNITY,S1-ADL3.test.csv@93.out,33272,1294,0.03889156047126713,773,14.234191821286808,653.220142411069
data/raw/OPPORTUNITY/S1-ADL3.test.csv@104.out,OPPORTUNITY/S1-ADL3.test.csv@104.out,OPPORTUNITY,S1-ADL3.test.csv@104.out,33272,1294,0.03889156047126713,0,-3.2984792017311855,26.57546126044584
data/raw/OPPORTUNITY/S1-ADL3.test.csv@108.out,OPPORTUNITY/S1-ADL3.test.csv@108.out,OPPORTUNITY,S1-ADL3.test.csv@108.out,33272,1294,0.03889156047126713,0,14.328354171675883,405.0766382511607
data/raw/OPPORTUNITY/S1-ADL3.test.csv@103.out,OPPORTUNITY/S1-ADL3.test.csv@103.out,OPPORTUNITY,S1-ADL3.test.csv@103.out,33272,1294,0.03889156047126713,0,-29.9405205578264,18.405043140450054
data/raw/OPPORTUNITY/S1-ADL3.test.csv@94.out,OPPORTUNITY/S1-ADL3.test.csv@94.out,OPPORTUNITY,S1-ADL3.test.csv@94.out,33272,1294,0.03889156047126713,773,40.610511092649006,795.9913697709782
data/raw/OPPORTUNITY/S1-ADL3.test.csv@110.out,OPPORTUNITY/S1-ADL3.test.csv@110.out,OPPORTUNITY,S1-ADL3.test.csv@110.out,33272,1294,0.03889156047126713,0,-837.0755590286127,474.33027219295786
data/raw/OPPORTUNITY/S1-ADL3.test.csv@111.out,OPPORTUNITY/S1-ADL3.test.csv@111.out,OPPORTUNITY,S1-ADL3.test.csv@111.out,33272,1294,0.03889156047126713,0,13.44959725895648,1865.4512705112438
data/raw/OPPORTUNITY/S1-ADL3.test.csv@112.out,OPPORTUNITY/S1-ADL3.test.csv@112.out,OPPORTUNITY,S1-ADL3.test.csv@112.out,33272,1294,0.03889156047126713,0,41.81873647511421,1059.4928578620327
data/raw/OPPORTUNITY/S1-ADL3.test.csv@109.out,OPPORTUNITY/S1-ADL3.test.csv@109.out,OPPORTUNITY,S1-ADL3.test.csv@109.out,33272,1294,0.03889156047126713,0,581.4432856455879,554.3839024679203
data/raw/OPPORTUNITY/S1-ADL3.test.csv@114.out,OPPORTUNITY/S1-ADL3.test.csv@114.out,OPPORTUNITY,S1-ADL3.test.csv@114.out,33272,1294,0.03889156047126713,0,41.81873647511421,1059.4928578620327
data/raw/OPPORTUNITY/S1-ADL3.test.csv@120.out,OPPORTUNITY/S1-ADL3.test.csv@120.out,OPPORTUNITY,S1-ADL3.test.csv@120.out,33272,1294,0.03889156047126713,0,17.603179850925702,22.242901108945098
data/raw/OPPORTUNITY/S1-ADL3.test.csv@115.out,OPPORTUNITY/S1-ADL3.test.csv@115.out,OPPORTUNITY,S1-ADL3.test.csv@115.out,33272,1294,0.03889156047126713,0,-13.44959725895648,1865.4512705112438
data/raw/OPPORTUNITY/S1-ADL3.test.csv@119.out,OPPORTUNITY/S1-ADL3.test.csv@119.out,OPPORTUNITY,S1-ADL3.test.csv@119.out,33272,1294,0.03889156047126713,0,-27.613037989901418,15.667511497922506
data/raw/OPPORTUNITY/S1-ADL3.test.csv@125.out,OPPORTUNITY/S1-ADL3.test.csv@125.out,OPPORTUNITY,S1-ADL3.test.csv@125.out,33272,1294,0.03889156047126713,0,457.0033661937966,555.9805322557554
data/raw/OPPORTUNITY/S1-ADL3.test.csv@122.out,OPPORTUNITY/S1-ADL3.test.csv@122.out,OPPORTUNITY,S1-ADL3.test.csv@122.out,33272,1294,0.03889156047126713,0,7.607898533301275,535.6942585398654
data/raw/OPPORTUNITY/S1-ADL3.test.csv@124.out,OPPORTUNITY/S1-ADL3.test.csv@124.out,OPPORTUNITY,S1-ADL3.test.csv@124.out,33272,1294,0.03889156047126713,0,-267.0939829285886,444.6271663949848
data/raw/OPPORTUNITY/S1-ADL3.test.csv@121.out,OPPORTUNITY/S1-ADL3.test.csv@121.out,OPPORTUNITY,S1-ADL3.test.csv@121.out,33272,1294,0.03889156047126713,0,-9.74603270016831,445.80133606086486
data/raw/OPPORTUNITY/S1-ADL3.test.csv@126.out,OPPORTUNITY/S1-ADL3.test.csv@126.out,OPPORTUNITY,S1-ADL3.test.csv@126.out,33272,1294,0.03889156047126713,0,-801.0811192594374,407.6152650770749
data/raw/OPPORTUNITY/S1-ADL3.test.csv@129.out,OPPORTUNITY/S1-ADL3.test.csv@129.out,OPPORTUNITY,S1-ADL3.test.csv@129.out,33272,1294,0.03889156047126713,0,-7.958974513104112,1174.1860846082373
data/raw/OPPORTUNITY/S1-ADL3.test.csv@127.out,OPPORTUNITY/S1-ADL3.test.csv@127.out,OPPORTUNITY,S1-ADL3.test.csv@127.out,33272,1294,0.03889156047126713,0,-0.90379297908151,1655.20220646754
data/raw/OPPORTUNITY/S1-ADL3.test.csv@128.out,OPPORTUNITY/S1-ADL3.test.csv@128.out,OPPORTUNITY,S1-ADL3.test.csv@128.out,33272,1294,0.03889156047126713,0,-18.727218081269537,937.8042948191927
data/raw/OPPORTUNITY/S1-ADL3.test.csv@130.out,OPPORTUNITY/S1-ADL3.test.csv@130.out,OPPORTUNITY,S1-ADL3.test.csv@130.out,33272,1294,0.03889156047126713,0,-18.727218081269537,937.8044496185036
data/raw/OPPORTUNITY/S1-ADL4.test.csv@16.out,OPPORTUNITY/S1-ADL4.test.csv@16.out,OPPORTUNITY,S1-ADL4.test.csv@16.out,32954,1000,0.03034532985373551,294,90.2541028781384,248.41601250707873
data/raw/OPPORTUNITY/S1-ADL3.test.csv@131.out,OPPORTUNITY/S1-ADL3.test.csv@131.out,OPPORTUNITY,S1-ADL3.test.csv@131.out,33272,1294,0.03889156047126713,0,0.90379297908151,1655.20220646754
data/raw/OPPORTUNITY/S1-ADL3.test.csv@132.out,OPPORTUNITY/S1-ADL3.test.csv@132.out,OPPORTUNITY,S1-ADL3.test.csv@132.out,33272,1294,0.03889156047126713,0,-7.958974513104112,1174.1860846082373
data/raw/OPPORTUNITY/S1-ADL4.test.csv@18.out,OPPORTUNITY/S1-ADL4.test.csv@18.out,OPPORTUNITY,S1-ADL4.test.csv@18.out,32954,1000,0.03034532985373551,294,-442.8505511328843,232.1666460273851
data/raw/OPPORTUNITY/S1-ADL4.test.csv@39.out,OPPORTUNITY/S1-ADL4.test.csv@39.out,OPPORTUNITY,S1-ADL4.test.csv@39.out,32954,1000,0.03034532985373551,256,156.33885864578875,274.4006582388126
data/raw/OPPORTUNITY/S1-ADL4.test.csv@40.out,OPPORTUNITY/S1-ADL4.test.csv@40.out,OPPORTUNITY,S1-ADL4.test.csv@40.out,32954,1000,0.03034532985373551,256,-67.97700165147715,594.2322563734144
data/raw/OPPORTUNITY/S1-ADL4.test.csv@17.out,OPPORTUNITY/S1-ADL4.test.csv@17.out,OPPORTUNITY,S1-ADL4.test.csv@17.out,32954,1000,0.03034532985373551,294,815.4373851806491,270.8225294006374
data/raw/OPPORTUNITY/S1-ADL4.test.csv@52.out,OPPORTUNITY/S1-ADL4.test.csv@52.out,OPPORTUNITY,S1-ADL4.test.csv@52.out,32954,1000,0.03034532985373551,256,268.94100556608964,230.1997632022427
data/raw/OPPORTUNITY/S1-ADL4.test.csv@53.out,OPPORTUNITY/S1-ADL4.test.csv@53.out,OPPORTUNITY,S1-ADL4.test.csv@53.out,32954,1000,0.03034532985373551,256,-50.27429812220931,856.4151020815979
data/raw/OPPORTUNITY/S1-ADL4.test.csv@42.out,OPPORTUNITY/S1-ADL4.test.csv@42.out,OPPORTUNITY,S1-ADL4.test.csv@42.out,32954,1000,0.03034532985373551,256,7.256193039329623,237.7337585747541
data/raw/OPPORTUNITY/S1-ADL4.test.csv@54.out,OPPORTUNITY/S1-ADL4.test.csv@54.out,OPPORTUNITY,S1-ADL4.test.csv@54.out,32954,1000,0.03034532985373551,256,-14.280751116276225,494.7878216886952
data/raw/OPPORTUNITY/S1-ADL4.test.csv@76.out,OPPORTUNITY/S1-ADL4.test.csv@76.out,OPPORTUNITY,S1-ADL4.test.csv@76.out,32954,1000,0.03034532985373551,256,-882.3306930087467,236.07264872736133
data/raw/OPPORTUNITY/S1-ADL4.test.csv@68.out,OPPORTUNITY/S1-ADL4.test.csv@68.out,OPPORTUNITY,S1-ADL4.test.csv@68.out,32954,1000,0.03034532985373551,256,28.09700899137562,888.6474980339038
data/raw/OPPORTUNITY/S1-ADL4.test.csv@66.out,OPPORTUNITY/S1-ADL4.test.csv@66.out,OPPORTUNITY,S1-ADL4.test.csv@66.out,32954,1000,0.03034532985373551,256,-44.84463881582971,1066.4686328228613
data/raw/OPPORTUNITY/S1-ADL4.test.csv@63.out,OPPORTUNITY/S1-ADL4.test.csv@63.out,OPPORTUNITY,S1-ADL4.test.csv@63.out,32954,1000,0.03034532985373551,256,-419.3022814851061,596.7874493444687
data/raw/OPPORTUNITY/S1-ADL4.test.csv@78.out,OPPORTUNITY/S1-ADL4.test.csv@78.out,OPPORTUNITY,S1-ADL4.test.csv@78.out,32954,1000,0.03034532985373551,256,152.39280689950456,213.43887359108382
data/raw/OPPORTUNITY/S1-ADL4.test.csv@80.out,OPPORTUNITY/S1-ADL4.test.csv@80.out,OPPORTUNITY,S1-ADL4.test.csv@80.out,32954,1000,0.03034532985373551,256,12.290354150100924,455.1051482316578
data/raw/OPPORTUNITY/S1-ADL4.test.csv@77.out,OPPORTUNITY/S1-ADL4.test.csv@77.out,OPPORTUNITY,S1-ADL4.test.csv@77.out,32954,1000,0.03034532985373551,256,22.731482047831673,389.33473460036146
data/raw/OPPORTUNITY/S1-ADL4.test.csv@79.out,OPPORTUNITY/S1-ADL4.test.csv@79.out,OPPORTUNITY,S1-ADL4.test.csv@79.out,32954,1000,0.03034532985373551,256,-82.48929598140559,787.119361325276
data/raw/OPPORTUNITY/S1-ADL4.test.csv@90.out,OPPORTUNITY/S1-ADL4.test.csv@90.out,OPPORTUNITY,S1-ADL4.test.csv@90.out,32954,1000,0.03034532985373551,256,-552.8584928741819,282.7587806011518
data/raw/OPPORTUNITY/S1-ADL4.test.csv@82.out,OPPORTUNITY/S1-ADL4.test.csv@82.out,OPPORTUNITY,S1-ADL4.test.csv@82.out,32954,1000,0.03034532985373551,256,353.62395253532327,440.8753579697541
data/raw/OPPORTUNITY/S1-ADL4.test.csv@83.out,OPPORTUNITY/S1-ADL4.test.csv@83.out,OPPORTUNITY,S1-ADL4.test.csv@83.out,32954,1000,0.03034532985373551,256,77.54559911921218,549.421709024353
data/raw/OPPORTUNITY/S1-ADL4.test.csv@89.out,OPPORTUNITY/S1-ADL4.test.csv@89.out,OPPORTUNITY,S1-ADL4.test.csv@89.out,32954,1000,0.03034532985373551,256,-503.20661814178237,571.713354658632
data/raw/OPPORTUNITY/S1-ADL4.test.csv@93.out,OPPORTUNITY/S1-ADL4.test.csv@93.out,OPPORTUNITY,S1-ADL4.test.csv@93.out,32954,1000,0.03034532985373551,256,-7.687412074132975,599.6608987629397
data/raw/OPPORTUNITY/S1-ADL4.test.csv@94.out,OPPORTUNITY/S1-ADL4.test.csv@94.out,OPPORTUNITY,S1-ADL4.test.csv@94.out,32954,1000,0.03034532985373551,256,49.183772707810874,771.7384433838182
data/raw/OPPORTUNITY/S1-ADL4.test.csv@92.out,OPPORTUNITY/S1-ADL4.test.csv@92.out,OPPORTUNITY,S1-ADL4.test.csv@92.out,32954,1000,0.03034532985373551,256,-108.89283748241483,906.3044980476508
data/raw/OPPORTUNITY/S1-ADL4.test.csv@98.out,OPPORTUNITY/S1-ADL4.test.csv@98.out,OPPORTUNITY,S1-ADL4.test.csv@98.out,32954,1000,0.03034532985373551,256,132.37470181662488,529.8003876744452
data/raw/OPPORTUNITY/S1-ADL4.test.csv@95.out,OPPORTUNITY/S1-ADL4.test.csv@95.out,OPPORTUNITY,S1-ADL4.test.csv@95.out,32954,1000,0.03034532985373551,256,203.9313719493547,635.5086037898974
data/raw/OPPORTUNITY/S1-ADL4.test.csv@96.out,OPPORTUNITY/S1-ADL4.test.csv@96.out,OPPORTUNITY,S1-ADL4.test.csv@96.out,32954,1000,0.03034532985373551,256,41.78726527616368,449.32772101118684
data/raw/OPPORTUNITY/S1-ADL4.test.csv@103.out,OPPORTUNITY/S1-ADL4.test.csv@103.out,OPPORTUNITY,S1-ADL4.test.csv@103.out,32954,1000,0.03034532985373551,0,-30.310857559021667,17.099241189507804
data/raw/OPPORTUNITY/S1-ADL4.test.csv@110.out,OPPORTUNITY/S1-ADL4.test.csv@110.out,OPPORTUNITY,S1-ADL4.test.csv@110.out,32954,1000,0.03034532985373551,0,-839.2367846088487,458.2838766467518
data/raw/OPPORTUNITY/S1-ADL4.test.csv@108.out,OPPORTUNITY/S1-ADL4.test.csv@108.out,OPPORTUNITY,S1-ADL4.test.csv@108.out,32954,1000,0.03034532985373551,0,1.6552467075317108,382.79359832789805
data/raw/OPPORTUNITY/S1-ADL4.test.csv@104.out,OPPORTUNITY/S1-ADL4.test.csv@104.out,OPPORTUNITY,S1-ADL4.test.csv@104.out,32954,1000,0.03034532985373551,0,-3.196091521514839,26.250504201914385
data/raw/OPPORTUNITY/S1-ADL4.test.csv@109.out,OPPORTUNITY/S1-ADL4.test.csv@109.out,OPPORTUNITY,S1-ADL4.test.csv@109.out,32954,1000,0.03034532985373551,0,571.4844935364447,543.9285069149473
data/raw/OPPORTUNITY/S1-ADL4.test.csv@115.out,OPPORTUNITY/S1-ADL4.test.csv@115.out,OPPORTUNITY,S1-ADL4.test.csv@115.out,32954,1000,0.03034532985373551,0,-2.2796929052618804,1851.2048335811805
data/raw/OPPORTUNITY/S1-ADL4.test.csv@111.out,OPPORTUNITY/S1-ADL4.test.csv@111.out,OPPORTUNITY,S1-ADL4.test.csv@111.out,32954,1000,0.03034532985373551,0,2.2796625599320266,1851.2047341067014
data/raw/OPPORTUNITY/S1-ADL4.test.csv@120.out,OPPORTUNITY/S1-ADL4.test.csv@120.out,OPPORTUNITY,S1-ADL4.test.csv@120.out,32954,1000,0.03034532985373551,0,18.55149602476179,20.016825313736394
data/raw/OPPORTUNITY/S1-ADL4.test.csv@114.out,OPPORTUNITY/S1-ADL4.test.csv@114.out,OPPORTUNITY,S1-ADL4.test.csv@114.out,32954,1000,0.03034532985373551,0,72.1657461916611,1034.245922021147
data/raw/OPPORTUNITY/S1-ADL4.test.csv@112.out,OPPORTUNITY/S1-ADL4.test.csv@112.out,OPPORTUNITY,S1-ADL4.test.csv@112.out,32954,1000,0.03034532985373551,0,72.16571584633125,1034.2459116244747
data/raw/OPPORTUNITY/S1-ADL4.test.csv@133.out,OPPORTUNITY/S1-ADL4.test.csv@133.out,OPPORTUNITY,S1-ADL4.test.csv@133.out,32954,1000,0.03034532985373551,0,9.29001031741215,78.51861205261098
data/raw/OPPORTUNITY/S1-ADL4.test.csv@127.out,OPPORTUNITY/S1-ADL4.test.csv@127.out,OPPORTUNITY,S1-ADL4.test.csv@127.out,32954,1000,0.03034532985373551,0,-12.735843903623232,1644.3849126865898
data/raw/OPPORTUNITY/S1-ADL4.test.csv@124.out,OPPORTUNITY/S1-ADL4.test.csv@124.out,OPPORTUNITY,S1-ADL4.test.csv@124.out,32954,1000,0.03034532985373551,0,-276.9339078715786,461.394548960734
data/raw/SMD/machine-3-3.test.csv@1.out,SMD/machine-3-3.test.csv@1.out,SMD,machine-3-3.test.csv@1.out,23702,632,0.026664416504936294,0,0.21348862817483757,0.1345851892137875
data/raw/SMD/machine-3-3.test.csv@6.out,SMD/machine-3-3.test.csv@6.out,SMD,machine-3-3.test.csv@6.out,23702,632,0.026664416504936294,0,0.9250688957050037,0.12090809136078517
data/raw/SMD/machine-3-3.test.csv@16.out,SMD/machine-3-3.test.csv@16.out,SMD,machine-3-3.test.csv@16.out,23702,632,0.026664416504936294,0,0.014278673909374737,0.023539910846505738
data/raw/SMD/machine-3-3.test.csv@37.out,SMD/machine-3-3.test.csv@37.out,SMD,machine-3-3.test.csv@37.out,23702,632,0.026664416504936294,0,0.30426244861193147,0.17335310623507116
data/raw/SMD/machine-3-6.test.csv@6.out,SMD/machine-3-6.test.csv@6.out,SMD,machine-3-6.test.csv@6.out,28725,1194,0.04156657963446475,0,0.9830339178416014,0.08841936303562106
data/raw/SMD/machine-3-6.test.csv@12.out,SMD/machine-3-6.test.csv@12.out,SMD,machine-3-6.test.csv@12.out,28725,1194,0.04156657963446475,0,0.07944487268929502,0.04707996005311112
data/raw/SMD/machine-3-6.test.csv@9.out,SMD/machine-3-6.test.csv@9.out,SMD,machine-3-6.test.csv@9.out,28725,1194,0.04156657963446475,0,0.0365339981897302,0.024186066747635595
data/raw/SMD/machine-3-6.test.csv@7.out,SMD/machine-3-6.test.csv@7.out,SMD,machine-3-6.test.csv@7.out,28725,1194,0.04156657963446475,0,0.030845822454308097,0.04164241378056443
data/raw/SMD/machine-3-6.test.csv@4.out,SMD/machine-3-6.test.csv@4.out,SMD,machine-3-6.test.csv@4.out,28725,1194,0.04156657963446475,0,0.36758213959965186,0.19513822781666812
data/raw/SMD/machine-3-6.test.csv@10.out,SMD/machine-3-6.test.csv@10.out,SMD,machine-3-6.test.csv@10.out,28725,1194,0.04156657963446475,0,0.0014735062140992167,0.015024786575356261
data/raw/SMD/machine-3-3.test.csv@31.out,SMD/machine-3-3.test.csv@31.out,SMD,machine-3-3.test.csv@31.out,23702,632,0.026664416504936294,0,0.3514624327904818,0.20737297093052104
data/raw/SMD/machine-3-3.test.csv@38.out,SMD/machine-3-3.test.csv@38.out,SMD,machine-3-3.test.csv@38.out,23702,632,0.026664416504936294,0,0.30426244861193147,0.17335310623507116
data/raw/SMD/machine-3-3.test.csv@35.out,SMD/machine-3-3.test.csv@35.out,SMD,machine-3-3.test.csv@35.out,23702,632,0.026664416504936294,0,0.30450468610243864,0.1733334748794314
data/raw/SMD/machine-3-6.test.csv@1.out,SMD/machine-3-6.test.csv@1.out,SMD,machine-3-6.test.csv@1.out,28725,1194,0.04156657963446475,0,0.2607110352306353,0.12670049818702675
data/raw/SMD/machine-3-3.test.csv@36.out,SMD/machine-3-3.test.csv@36.out,SMD,machine-3-3.test.csv@36.out,23702,632,0.026664416504936294,0,0.3037926118471015,0.17344356433116684
data/raw/SMD/machine-3-3.test.csv@22.out,SMD/machine-3-3.test.csv@22.out,SMD,machine-3-3.test.csv@22.out,23702,632,0.026664416504936294,0,0.35591196287233146,0.20993980623220107
data/raw/SMD/machine-1-1.test.csv@10.out,SMD/machine-1-1.test.csv@10.out,SMD,machine-1-1.test.csv@10.out,28478,2694,0.094599339841281,0,0.0010135732495259499,0.015724721630311682
data/raw/SMD/machine-3-6.test.csv@36.out,SMD/machine-3-6.test.csv@36.out,SMD,machine-3-6.test.csv@36.out,28725,1194,0.04156657963446475,0,0.11631621145343778,0.055055232926618174
data/raw/SMD/machine-3-6.test.csv@22.out,SMD/machine-3-6.test.csv@22.out,SMD,machine-3-6.test.csv@22.out,28725,1194,0.04156657963446475,0,0.31856700090513485,0.15071046649443104
data/raw/SMD/machine-3-6.test.csv@31.out,SMD/machine-3-6.test.csv@31.out,SMD,machine-3-6.test.csv@31.out,28725,1194,0.04156657963446475,0,0.3185968753002611,0.15070122642712397
data/raw/SMD/machine-3-6.test.csv@32.out,SMD/machine-3-6.test.csv@32.out,SMD,machine-3-6.test.csv@32.out,28725,1194,0.04156657963446475,0,0.12083039933855526,0.05686999031310911
data/raw/SMD/machine-3-6.test.csv@15.out,SMD/machine-3-6.test.csv@15.out,SMD,machine-3-6.test.csv@15.out,28725,1194,0.04156657963446475,0,0.18616645281114014,0.09154626749882859
data/raw/SMD/machine-1-1.test.csv@1.out,SMD/machine-1-1.test.csv@1.out,SMD,machine-1-1.test.csv@1.out,28478,2694,0.094599339841281,0,0.14516886807360066,0.13620574726866735
data/raw/SMD/machine-1-1.test.csv@9.out,SMD/machine-1-1.test.csv@9.out,SMD,machine-1-1.test.csv@9.out,28478,2694,0.094599339841281,0,0.02375080434019243,0.019687849765368977
data/raw/SMD/machine-3-6.test.csv@24.out,SMD/machine-3-6.test.csv@24.out,SMD,machine-3-6.test.csv@24.out,28725,1194,0.04156657963446475,0,0.012984353524804176,0.025867509588857033
data/raw/SMD/machine-3-6.test.csv@20.out,SMD/machine-3-6.test.csv@20.out,SMD,machine-3-6.test.csv@20.out,28725,1194,0.04156657963446475,0,0.3039774708442124,0.14536398574081483
data/raw/SMD/machine-3-6.test.csv@13.out,SMD/machine-3-6.test.csv@13.out,SMD,machine-3-6.test.csv@13.out,28725,1194,0.04156657963446475,0,0.023335050966057442,0.02420396939458278
data/raw/SMD/machine-3-6.test.csv@14.out,SMD/machine-3-6.test.csv@14.out,SMD,machine-3-6.test.csv@14.out,28725,1194,0.04156657963446475,0,0.05584330241949521,0.02407403747130107
data/raw/SMD/machine-1-8.test.csv@11.out,SMD/machine-1-8.test.csv@11.out,SMD,machine-1-8.test.csv@11.out,23698,763,0.03219680985737193,0,0.1018498622246603,0.04631463706237365
data/raw/SMD/machine-1-1.test.csv@19.out,SMD/machine-1-1.test.csv@19.out,SMD,machine-1-1.test.csv@19.out,28478,2694,0.094599339841281,0,0.12872786705527073,0.08176332482462169
data/raw/SMD/machine-1-8.test.csv@24.out,SMD/machine-1-8.test.csv@24.out,SMD,machine-1-8.test.csv@24.out,23698,763,0.03219680985737193,0,0.2661245835935522,0.12812848738464458
data/raw/SMD/machine-1-1.test.csv@12.out,SMD/machine-1-1.test.csv@12.out,SMD,machine-1-1.test.csv@12.out,28478,2694,0.094599339841281,0,0.0929325005618372,0.05545589041679683
data/raw/SMD/machine-2-8.test.csv@1.out,SMD/machine-2-8.test.csv@1.out,SMD,machine-2-8.test.csv@1.out,23702,161,0.006792675723567632,0,0.08623907096447558,0.08816174605720561
data/raw/SMD/machine-1-1.test.csv@14.out,SMD/machine-1-1.test.csv@14.out,SMD,machine-1-1.test.csv@14.out,28478,2694,0.094599339841281,0,0.05558052640634876,0.024587711831467116
data/raw/SMD/machine-1-1.test.csv@23.out,SMD/machine-1-1.test.csv@23.out,SMD,machine-1-1.test.csv@23.out,28478,2694,0.094599339841281,0,0.8010609841632137,0.28649919602168983
data/raw/SMD/machine-2-8.test.csv@3.out,SMD/machine-2-8.test.csv@3.out,SMD,machine-2-8.test.csv@3.out,23702,161,0.006792675723567632,0,0.01425149776390178,0.031663585384097796
data/raw/SMD/machine-1-1.test.csv@25.out,SMD/machine-1-1.test.csv@25.out,SMD,machine-1-1.test.csv@25.out,28478,2694,0.094599339841281,0,0.05170901007795491,0.06168994181536137
data/raw/SMD/machine-1-8.test.csv@26.out,SMD/machine-1-8.test.csv@26.out,SMD,machine-1-8.test.csv@26.out,23698,763,0.03219680985737193,0,0.21586570757025908,0.1073694923226624
data/raw/SMD/machine-1-1.test.csv@20.out,SMD/machine-1-1.test.csv@20.out,SMD,machine-1-1.test.csv@20.out,28478,2694,0.094599339841281,0,0.1218537501229019,0.1045731567964897
data/raw/SMD/machine-1-1.test.csv@28.out,SMD/machine-1-1.test.csv@28.out,SMD,machine-1-1.test.csv@28.out,28478,2694,0.094599339841281,0,0.10946004368284289,0.0951469337080941
data/raw/SMD/machine-2-8.test.csv@2.out,SMD/machine-2-8.test.csv@2.out,SMD,machine-2-8.test.csv@2.out,23702,161,0.006792675723567632,0,0.00990801278373133,0.023486316255935894
data/raw/SMD/machine-2-8.test.csv@9.out,SMD/machine-2-8.test.csv@9.out,SMD,machine-2-8.test.csv@9.out,23702,161,0.006792675723567632,0,0.009080644080668297,0.03075954610662046
data/raw/SMD/machine-2-8.test.csv@15.out,SMD/machine-2-8.test.csv@15.out,SMD,machine-2-8.test.csv@15.out,23702,161,0.006792675723567632,0,0.09022440743397181,0.08221478873194049
data/raw/SMD/machine-2-8.test.csv@13.out,SMD/machine-2-8.test.csv@13.out,SMD,machine-2-8.test.csv@13.out,23702,161,0.006792675723567632,0,0.020061598177368998,0.04538269083874219
data/raw/SMD/machine-2-8.test.csv@10.out,SMD/machine-2-8.test.csv@10.out,SMD,machine-2-8.test.csv@10.out,23702,161,0.006792675723567632,0,0.0013995956459370517,0.023188107366046994
data/raw/SMD/machine-2-8.test.csv@6.out,SMD/machine-2-8.test.csv@6.out,SMD,machine-2-8.test.csv@6.out,23702,161,0.006792675723567632,0,0.9750146253480719,0.0962093560862039
data/raw/SMD/machine-2-8.test.csv@18.out,SMD/machine-2-8.test.csv@18.out,SMD,machine-2-8.test.csv@18.out,23702,161,0.006792675723567632,0,0.00031305227406969876,0.012790436414506072
data/raw/SMD/machine-2-8.test.csv@5.out,SMD/machine-2-8.test.csv@5.out,SMD,machine-2-8.test.csv@5.out,23702,161,0.006792675723567632,0,0.777045253649481,0.35385294723821265
data/raw/SMD/machine-2-8.test.csv@7.out,SMD/machine-2-8.test.csv@7.out,SMD,machine-2-8.test.csv@7.out,23702,161,0.006792675723567632,0,0.05185803434309341,0.04574042670102301
data/raw/SMD/machine-2-8.test.csv@12.out,SMD/machine-2-8.test.csv@12.out,SMD,machine-2-8.test.csv@12.out,23702,161,0.006792675723567632,0,0.12805503122099401,0.07462659909338827
data/raw/SMD/machine-2-8.test.csv@16.out,SMD/machine-2-8.test.csv@16.out,SMD,machine-2-8.test.csv@16.out,23702,161,0.006792675723567632,0,0.10303722323010715,0.09190132749729932
data/raw/SMD/machine-2-8.test.csv@14.out,SMD/machine-2-8.test.csv@14.out,SMD,machine-2-8.test.csv@14.out,23702,161,0.006792675723567632,0,0.04662073377774028,0.04454911449011854
data/raw/SMD/machine-2-8.test.csv@4.out,SMD/machine-2-8.test.csv@4.out,SMD,machine-2-8.test.csv@4.out,23702,161,0.006792675723567632,0,0.018416137414564174,0.03848299798488937
data/raw/SMD/machine-2-8.test.csv@17.out,SMD/machine-2-8.test.csv@17.out,SMD,machine-2-8.test.csv@17.out,23702,161,0.006792675723567632,0,0.0007164214834191209,0.018164929706990962
data/raw/SMD/machine-2-8.test.csv@11.out,SMD/machine-2-8.test.csv@11.out,SMD,machine-2-8.test.csv@11.out,23702,161,0.006792675723567632,0,0.0008468641464855288,0.017101079941560373
data/raw/SMD/machine-2-8.test.csv@20.out,SMD/machine-2-8.test.csv@20.out,SMD,machine-2-8.test.csv@20.out,23702,161,0.006792675723567632,0,0.2747057029786516,0.2260595824097599
data/raw/SMD/machine-2-8.test.csv@25.out,SMD/machine-2-8.test.csv@25.out,SMD,machine-2-8.test.csv@25.out,23702,161,0.006792675723567632,0,0.004427549236351362,0.02487884656269306
data/raw/SMD/machine-2-8.test.csv@21.out,SMD/machine-2-8.test.csv@21.out,SMD,machine-2-8.test.csv@21.out,23702,161,0.006792675723567632,0,0.1533769955699941,0.13448980239376856
data/raw/SMD/machine-2-8.test.csv@34.out,SMD/machine-2-8.test.csv@34.out,SMD,machine-2-8.test.csv@34.out,23702,161,0.006792675723567632,0,0.00252936296515062,0.023568464252176943
data/raw/SMD/machine-2-8.test.csv@19.out,SMD/machine-2-8.test.csv@19.out,SMD,machine-2-8.test.csv@19.out,23702,161,0.006792675723567632,0,0.2078742232722977,0.1877479115554119
data/raw/SMD/machine-2-8.test.csv@26.out,SMD/machine-2-8.test.csv@26.out,SMD,machine-2-8.test.csv@26.out,23702,161,0.006792675723567632,0,0.12582378968019575,0.05353937868660822
data/raw/SMD/machine-2-8.test.csv@32.out,SMD/machine-2-8.test.csv@32.out,SMD,machine-2-8.test.csv@32.out,23702,161,0.006792675723567632,0,0.002364907855877141,0.028275988270068563
data/raw/SMD/machine-2-8.test.csv@30.out,SMD/machine-2-8.test.csv@30.out,SMD,machine-2-8.test.csv@30.out,23702,161,0.006792675723567632,0,0.001740595350603325,0.018616795545362944
data/raw/SMD/machine-2-8.test.csv@33.out,SMD/machine-2-8.test.csv@33.out,SMD,machine-2-8.test.csv@33.out,23702,161,0.006792675723567632,0,0.0010257321745000424,0.02322740978347821
data/raw/SMD/machine-2-8.test.csv@28.out,SMD/machine-2-8.test.csv@28.out,SMD,machine-2-8.test.csv@28.out,23702,161,0.006792675723567632,0,0.16621578001856385,0.1486397577758627
data/raw/SMD/machine-2-8.test.csv@29.out,SMD/machine-2-8.test.csv@29.out,SMD,machine-2-8.test.csv@29.out,23702,161,0.006792675723567632,0,0.0005287309509746013,0.01627736381246454
data/raw/SMD/machine-2-8.test.csv@24.out,SMD/machine-2-8.test.csv@24.out,SMD,machine-2-8.test.csv@24.out,23702,161,0.006792675723567632,0,0.06451095489832082,0.04907495091039423
data/raw/SMD/machine-2-8.test.csv@31.out,SMD/machine-2-8.test.csv@31.out,SMD,machine-2-8.test.csv@31.out,23702,161,0.006792675723567632,0,0.14961048717407813,0.13686782115236482
data/raw/SMD/machine-2-8.test.csv@22.out,SMD/machine-2-8.test.csv@22.out,SMD,machine-2-8.test.csv@22.out,23702,161,0.006792675723567632,0,0.1682129087418783,0.14502949818013477
data/raw/SMD/machine-2-8.test.csv@23.out,SMD/machine-2-8.test.csv@23.out,SMD,machine-2-8.test.csv@23.out,23702,161,0.006792675723567632,0,0.0023406464855286473,0.02703287266451104
data/raw/SMD/machine-3-10.test.csv@7.out,SMD/machine-3-10.test.csv@7.out,SMD,machine-3-10.test.csv@7.out,23692,1047,0.044192132365355394,0,0.5782411894310316,0.4080378889762512
data/raw/SMD/machine-3-10.test.csv@3.out,SMD/machine-3-10.test.csv@3.out,SMD,machine-3-10.test.csv@3.out,23692,1047,0.044192132365355394,0,0.08707775472733413,0.13251831033518266
data/raw/SMD/machine-3-10.test.csv@22.out,SMD/machine-3-10.test.csv@22.out,SMD,machine-3-10.test.csv@22.out,23692,1047,0.044192132365355394,0,0.1349953483876414,0.0766318011450221
data/raw/SMD/machine-3-10.test.csv@2.out,SMD/machine-3-10.test.csv@2.out,SMD,machine-3-10.test.csv@2.out,23692,1047,0.044192132365355394,0,0.062051961590410265,0.11025384125813573
data/raw/SMD/machine-3-10.test.csv@14.out,SMD/machine-3-10.test.csv@14.out,SMD,machine-3-10.test.csv@14.out,23692,1047,0.044192132365355394,0,0.12872060661826776,0.051803287887273966
data/raw/SMD/machine-2-8.test.csv@35.out,SMD/machine-2-8.test.csv@35.out,SMD,machine-2-8.test.csv@35.out,23702,161,0.006792675723567632,0,0.2204610856889714,0.16411812547400448
data/raw/SMD/machine-3-10.test.csv@6.out,SMD/machine-3-10.test.csv@6.out,SMD,machine-3-10.test.csv@6.out,23692,1047,0.044192132365355394,0,0.050499032120547016,0.021965362576389754
data/raw/SMD/machine-3-10.test.csv@20.out,SMD/machine-3-10.test.csv@20.out,SMD,machine-3-10.test.csv@20.out,23692,1047,0.044192132365355394,0,0.07642909019922338,0.037444884337781786
data/raw/SMD/machine-2-8.test.csv@36.out,SMD/machine-2-8.test.csv@36.out,SMD,machine-2-8.test.csv@36.out,23702,161,0.006792675723567632,0,0.220486471394819,0.1641131064723499
data/raw/SMD/machine-3-10.test.csv@21.out,SMD/machine-3-10.test.csv@21.out,SMD,machine-3-10.test.csv@21.out,23692,1047,0.044192132365355394,0,0.07842272332432888,0.043901206232572994
data/raw/SMD/machine-3-10.test.csv@23.out,SMD/machine-3-10.test.csv@23.out,SMD,machine-3-10.test.csv@23.out,23692,1047,0.044192132365355394,0,0.12099631027351003,0.11498612458398988
data/raw/SMD/machine-3-10.test.csv@11.out,SMD/machine-3-10.test.csv@11.out,SMD,machine-3-10.test.csv@11.out,23692,1047,0.044192132365355394,0,0.14226620445720073,0.12109428834253216
data/raw/SMD/machine-3-10.test.csv@1.out,SMD/machine-3-10.test.csv@1.out,SMD,machine-3-10.test.csv@1.out,23692,1047,0.044192132365355394,0,0.23726916938206988,0.17752913560176176
data/raw/SMD/machine-3-10.test.csv@4.out,SMD/machine-3-10.test.csv@4.out,SMD,machine-3-10.test.csv@4.out,23692,1047,0.044192132365355394,0,0.09287904043559007,0.13857187406683502
data/raw/SMD/machine-3-10.test.csv@16.out,SMD/machine-3-10.test.csv@16.out,SMD,machine-3-10.test.csv@16.out,23692,1047,0.044192132365355394,0,0.14231940916765154,0.1211189753020312
data/raw/SMD/machine-3-10.test.csv@25.out,SMD/machine-3-10.test.csv@25.out,SMD,machine-3-10.test.csv@25.out,23692,1047,0.044192132365355394,0,0.1435051105436434,0.121190242951621
data/raw/SMD/machine-3-7.test.csv@10.out,SMD/machine-3-7.test.csv@10.out,SMD,machine-3-7.test.csv@10.out,28704,434,0.01511984392419175,0,0.0005889095248049051,0.018471085377652807
data/raw/SMD/machine-3-10.test.csv@26.out,SMD/machine-3-10.test.csv@26.out,SMD,machine-3-10.test.csv@26.out,23692,1047,0.044192132365355394,0,0.5759212371264562,0.2992927703390914
data/raw/SMD/machine-3-7.test.csv@12.out,SMD/machine-3-7.test.csv@12.out,SMD,machine-3-7.test.csv@12.out,28704,434,0.01511984392419175,0,0.02494828759057971,0.01623232038247235
data/raw/SMD/machine-3-10.test.csv@28.out,SMD/machine-3-10.test.csv@28.out,SMD,machine-3-10.test.csv@28.out,23692,1047,0.044192132365355394,0,0.07841198932128988,0.04389828953442124
data/raw/SMD/machine-3-10.test.csv@24.out,SMD/machine-3-10.test.csv@24.out,SMD,machine-3-10.test.csv@24.out,23692,1047,0.044192132365355394,0,0.5748557889160899,0.2980663480266593
data/raw/SMD/machine-3-10.test.csv@31.out,SMD/machine-3-10.test.csv@31.out,SMD,machine-3-10.test.csv@31.out,23692,1047,0.044192132365355394,0,0.1349979569052845,0.07663212306111163
data/raw/SMD/machine-3-7.test.csv@14.out,SMD/machine-3-7.test.csv@14.out,SMD,machine-3-7.test.csv@14.out,28704,434,0.01511984392419175,0,0.01003399421683389,0.015784684202974405
data/raw/SMD/machine-3-7.test.csv@7.out,SMD/machine-3-7.test.csv@7.out,SMD,machine-3-7.test.csv@7.out,28704,434,0.01511984392419175,0,0.18003211162207358,0.05867850513142399
data/raw/SMD/machine-3-7.test.csv@17.out,SMD/machine-3-7.test.csv@17.out,SMD,machine-3-7.test.csv@17.out,28704,434,0.01511984392419175,0,0.0003805788391861761,0.013218506213505272
data/raw/SMD/machine-3-7.test.csv@6.out,SMD/machine-3-7.test.csv@6.out,SMD,machine-3-7.test.csv@6.out,28704,434,0.01511984392419175,0,0.8616452212235228,0.16134316425979486
data/raw/SMD/machine-3-7.test.csv@13.out,SMD/machine-3-7.test.csv@13.out,SMD,machine-3-7.test.csv@13.out,28704,434,0.01511984392419175,0,0.0007629598662207358,0.024120303743413774
data/raw/SMD/machine-3-7.test.csv@11.out,SMD/machine-3-7.test.csv@11.out,SMD,machine-3-7.test.csv@11.out,28704,434,0.01511984392419175,0,0.00031167861622073575,0.01044567685790852
data/raw/SMD/machine-2-2.test.csv@12.out,SMD/machine-2-2.test.csv@12.out,SMD,machine-2-2.test.csv@12.out,23699,2833,0.11954090889910966,0,0.08266013304358834,0.05279400412184543
data/raw/SMD/machine-2-3.test.csv@1.out,SMD/machine-2-3.test.csv@1.out,SMD,machine-2-3.test.csv@1.out,23688,269,0.01135596082404593,0,0.04827014577001013,0.03828300351878106
data/raw/SMD/machine-2-2.test.csv@6.out,SMD/machine-2-2.test.csv@6.out,SMD,machine-2-2.test.csv@6.out,23699,2833,0.11954090889910966,0,0.7711961109329506,0.2691192320946728
data/raw/SMD/machine-2-2.test.csv@11.out,SMD/machine-2-2.test.csv@11.out,SMD,machine-2-2.test.csv@11.out,23699,2833,0.11954090889910966,0,0.0017282136799021055,0.02440706644019055
data/raw/SMD/machine-3-9.test.csv@25.out,SMD/machine-3-9.test.csv@25.out,SMD,machine-3-9.test.csv@25.out,28712,303,0.010553078852047924,0,0.03661283856923935,0.012365086992344048
data/raw/SMD/machine-3-9.test.csv@35.out,SMD/machine-3-9.test.csv@35.out,SMD,machine-3-9.test.csv@35.out,28712,303,0.010553078852047924,0,0.003555783087210923,0.026426235712082184
data/raw/SMD/machine-3-9.test.csv@21.out,SMD/machine-3-9.test.csv@21.out,SMD,machine-3-9.test.csv@21.out,28712,303,0.010553078852047924,0,0.2341982809626637,0.13160360737281904
data/raw/SMD/machine-3-7.test.csv@30.out,SMD/machine-3-7.test.csv@30.out,SMD,machine-3-7.test.csv@30.out,28704,434,0.01511984392419175,0,0.00044939496237458203,0.00771361209727737
data/raw/SMD/machine-3-9.test.csv@36.out,SMD/machine-3-9.test.csv@36.out,SMD,machine-3-9.test.csv@36.out,28712,303,0.010553078852047924,0,0.0035597206394538863,0.026426298992398973
data/raw/SMD/machine-3-9.test.csv@20.out,SMD/machine-3-9.test.csv@20.out,SMD,machine-3-9.test.csv@20.out,28712,303,0.010553078852047924,0,0.18656610051546393,0.1044060665830948
data/raw/SMD/machine-2-2.test.csv@33.out,SMD/machine-2-2.test.csv@33.out,SMD,machine-2-2.test.csv@33.out,23699,2833,0.11954090889910966,0,0.003788247985147053,0.02114750886886202
data/raw/SMD/machine-3-9.test.csv@31.out,SMD/machine-3-9.test.csv@31.out,SMD,machine-3-9.test.csv@31.out,28712,303,0.010553078852047924,0,0.2108104856854277,0.1083147900731807
data/raw/SMD/machine-2-2.test.csv@10.out,SMD/machine-2-2.test.csv@10.out,SMD,machine-2-2.test.csv@10.out,23699,2833,0.11954090889910966,0,0.0013980647284695558,0.02104318346436675
data/raw/SMD/machine-2-3.test.csv@23.out,SMD/machine-2-3.test.csv@23.out,SMD,machine-2-3.test.csv@23.out,23688,269,0.01135596082404593,0,0.047563525878081735,0.040246158598392756
data/raw/SMD/machine-2-3.test.csv@11.out,SMD/machine-2-3.test.csv@11.out,SMD,machine-2-3.test.csv@11.out,23688,269,0.01135596082404593,0,0.0763427721209051,0.06387264725077955
data/raw/SMD/machine-2-3.test.csv@6.out,SMD/machine-2-3.test.csv@6.out,SMD,machine-2-3.test.csv@6.out,23688,269,0.01135596082404593,0,0.877338876899696,0.09271986099817692
data/raw/SMD/machine-2-3.test.csv@19.out,SMD/machine-2-3.test.csv@19.out,SMD,machine-2-3.test.csv@19.out,23688,269,0.01135596082404593,0,0.15586765412867273,0.09581282427117357
data/raw/SMD/machine-2-3.test.csv@22.out,SMD/machine-2-3.test.csv@22.out,SMD,machine-2-3.test.csv@22.out,23688,269,0.01135596082404593,0,0.11032437732185071,0.06203284040633938
data/raw/SMD/machine-2-3.test.csv@14.out,SMD/machine-2-3.test.csv@14.out,SMD,machine-2-3.test.csv@14.out,23688,269,0.01135596082404593,0,0.09532097019587978,0.021129850891442644
data/raw/SMD/machine-2-3.test.csv@4.out,SMD/machine-2-3.test.csv@4.out,SMD,machine-2-3.test.csv@4.out,23688,269,0.01135596082404593,0,0.0025114414893617023,0.025567667263404033
data/raw/SMD/machine-2-3.test.csv@20.out,SMD/machine-2-3.test.csv@20.out,SMD,machine-2-3.test.csv@20.out,23688,269,0.01135596082404593,0,0.04753391092536305,0.02882740066013356
data/raw/SMD/machine-2-3.test.csv@28.out,SMD/machine-2-3.test.csv@28.out,SMD,machine-2-3.test.csv@28.out,23688,269,0.01135596082404593,0,0.09778920972644377,0.06149700974142362
data/raw/SMD/machine-2-3.test.csv@16.out,SMD/machine-2-3.test.csv@16.out,SMD,machine-2-3.test.csv@16.out,23688,269,0.01135596082404593,0,0.07678039927389396,0.06450196965918176
data/raw/SMD/machine-2-3.test.csv@2.out,SMD/machine-2-3.test.csv@2.out,SMD,machine-2-3.test.csv@2.out,23688,269,0.01135596082404593,0,0.0015024801165146912,0.023921353631520332
data/raw/SMD/machine-2-3.test.csv@7.out,SMD/machine-2-3.test.csv@7.out,SMD,machine-2-3.test.csv@7.out,23688,269,0.01135596082404593,0,0.907918859295846,0.04451822947246372
data/raw/SMD/machine-2-3.test.csv@25.out,SMD/machine-2-3.test.csv@25.out,SMD,machine-2-3.test.csv@25.out,23688,269,0.01135596082404593,0,0.06751465712597096,0.043049797724334427
data/raw/SMD/machine-2-3.test.csv@3.out,SMD/machine-2-3.test.csv@3.out,SMD,machine-2-3.test.csv@3.out,23688,269,0.01135596082404593,0,0.0016680334768659235,0.02162560072941196
data/raw/SMD/machine-2-3.test.csv@21.out,SMD/machine-2-3.test.csv@21.out,SMD,machine-2-3.test.csv@21.out,23688,269,0.01135596082404593,0,0.12814056800911855,0.0765138652488648
data/raw/SMD/machine-2-7.test.csv@2.out,SMD/machine-2-7.test.csv@2.out,SMD,machine-2-7.test.csv@2.out,23695,417,0.017598649504114793,0,0.0025316730111837943,0.01541344659454443
data/raw/SMD/machine-2-7.test.csv@24.out,SMD/machine-2-7.test.csv@24.out,SMD,machine-2-7.test.csv@24.out,23695,417,0.017598649504114793,0,0.49099918586199615,0.17202021221956534
data/raw/SMD/machine-2-7.test.csv@20.out,SMD/machine-2-7.test.csv@20.out,SMD,machine-2-7.test.csv@20.out,23695,417,0.017598649504114793,0,0.02326784659210804,0.023879276025180474
data/raw/SMD/machine-2-3.test.csv@31.out,SMD/machine-2-3.test.csv@31.out,SMD,machine-2-3.test.csv@31.out,23688,269,0.01135596082404593,0,0.10152455378250591,0.06166514228473857
data/raw/SMD/machine-2-3.test.csv@32.out,SMD/machine-2-3.test.csv@32.out,SMD,machine-2-3.test.csv@32.out,23688,269,0.01135596082404593,0,0.062105282505910166,0.06164327950472915
data/raw/SMD/machine-2-7.test.csv@25.out,SMD/machine-2-7.test.csv@25.out,SMD,machine-2-7.test.csv@25.out,23695,417,0.017598649504114793,0,0.1682120654990504,0.13725523414181548
data/raw/SMD/machine-2-7.test.csv@23.out,SMD/machine-2-7.test.csv@23.out,SMD,machine-2-7.test.csv@23.out,23695,417,0.017598649504114793,0,0.23357454163325597,0.21179847720829173
data/raw/SMD/machine-2-7.test.csv@6.out,SMD/machine-2-7.test.csv@6.out,SMD,machine-2-7.test.csv@6.out,23695,417,0.017598649504114793,0,0.3983955580924246,0.17773569715375195
data/raw/SMD/machine-2-7.test.csv@4.out,SMD/machine-2-7.test.csv@4.out,SMD,machine-2-7.test.csv@4.out,23695,417,0.017598649504114793,0,0.006572672504747837,0.028281756415355915
data/raw/SMD/machine-2-7.test.csv@22.out,SMD/machine-2-7.test.csv@22.out,SMD,machine-2-7.test.csv@22.out,23695,417,0.017598649504114793,0,0.04209974893437434,0.06165470853322951
data/raw/SMD/machine-2-7.test.csv@1.out,SMD/machine-2-7.test.csv@1.out,SMD,machine-2-7.test.csv@1.out,23695,417,0.017598649504114793,0,0.0778992670605613,0.07471040830957854
data/raw/SMD/machine-2-7.test.csv@3.out,SMD/machine-2-7.test.csv@3.out,SMD,machine-2-7.test.csv@3.out,23695,417,0.017598649504114793,0,0.003327855159316312,0.01745426583092487
data/raw/SMD/machine-2-7.test.csv@21.out,SMD/machine-2-7.test.csv@21.out,SMD,machine-2-7.test.csv@21.out,23695,417,0.017598649504114793,0,0.023797288626292466,0.056522317201147275
data/raw/SMD/machine-2-7.test.csv@28.out,SMD/machine-2-7.test.csv@28.out,SMD,machine-2-7.test.csv@28.out,23695,417,0.017598649504114793,0,0.02378986663853134,0.0565222109889929
data/raw/SMD/machine-2-7.test.csv@19.out,SMD/machine-2-7.test.csv@19.out,SMD,machine-2-7.test.csv@19.out,23695,417,0.017598649504114793,0,0.01904515990715341,0.05598258592717592
data/raw/SMD/machine-2-6.test.csv@1.out,SMD/machine-2-6.test.csv@1.out,SMD,machine-2-6.test.csv@1.out,28742,424,0.014751930972096584,0,0.2579939304154199,0.13359793414460616
data/raw/SMD/machine-2-6.test.csv@16.out,SMD/machine-2-6.test.csv@16.out,SMD,machine-2-6.test.csv@16.out,28742,424,0.014751930972096584,0,0.09675688598566559,0.02115274851040704
data/raw/SMD/machine-2-6.test.csv@22.out,SMD/machine-2-6.test.csv@22.out,SMD,machine-2-6.test.csv@22.out,28742,424,0.014751930972096584,0,0.2821191441096653,0.14079704627195988
data/raw/SMD/machine-2-6.test.csv@15.out,SMD/machine-2-6.test.csv@15.out,SMD,machine-2-6.test.csv@15.out,28742,424,0.014751930972096584,0,0.1226630087676571,0.10397334075590825
data/raw/SMD/machine-1-7.test.csv@33.out,SMD/machine-1-7.test.csv@33.out,SMD,machine-1-7.test.csv@33.out,23696,2398,0.10119851451721809,0,0.028708781397704258,0.031853386289619146
data/raw/SMD/machine-2-7.test.csv@32.out,SMD/machine-2-7.test.csv@32.out,SMD,machine-2-7.test.csv@32.out,23695,417,0.017598649504114793,0,0.07836527026798903,0.05025280979893303
data/raw/SMD/machine-2-7.test.csv@31.out,SMD/machine-2-7.test.csv@31.out,SMD,machine-2-7.test.csv@31.out,23695,417,0.017598649504114793,0,0.04206867558556658,0.06165190513550618
data/raw/SMD/machine-1-7.test.csv@34.out,SMD/machine-1-7.test.csv@34.out,SMD,machine-1-7.test.csv@34.out,23696,2398,0.10119851451721809,0,0.012193134326468603,0.017519033619993706
data/raw/SMD/machine-2-6.test.csv@20.out,SMD/machine-2-6.test.csv@20.out,SMD,machine-2-6.test.csv@20.out,28742,424,0.014751930972096584,0,0.2717051761881567,0.13683160529574512
data/raw/SMD/machine-2-6.test.csv@11.out,SMD/machine-2-6.test.csv@11.out,SMD,machine-2-6.test.csv@11.out,28742,424,0.014751930972096584,0,0.09744700622781989,0.018888607876850344
data/raw/SMD/machine-2-6.test.csv@2.out,SMD/machine-2-6.test.csv@2.out,SMD,machine-2-6.test.csv@2.out,28742,424,0.014751930972096584,0,0.2262965887551319,0.11704138480391024
data/raw/SMD/machine-2-6.test.csv@7.out,SMD/machine-2-6.test.csv@7.out,SMD,machine-2-6.test.csv@7.out,28742,424,0.014751930972096584,0,0.01303579288149746,0.028476839386404846
data/raw/SMD/machine-1-6.test.csv@9.out,SMD/machine-1-6.test.csv@9.out,SMD,machine-1-6.test.csv@9.out,23688,3708,0.15653495440729484,0,0.0985849145136778,0.09265625516038867
data/raw/SMD/machine-1-6.test.csv@1.out,SMD/machine-1-6.test.csv@1.out,SMD,machine-1-6.test.csv@1.out,23688,3708,0.15653495440729484,0,0.27967801671732523,0.25011864408589
data/raw/SMD/machine-2-6.test.csv@31.out,SMD/machine-2-6.test.csv@31.out,SMD,machine-2-6.test.csv@31.out,28742,424,0.014751930972096584,0,0.28216369803771485,0.14078849357616077
data/raw/SMD/machine-1-6.test.csv@6.out,SMD/machine-1-6.test.csv@6.out,SMD,machine-1-6.test.csv@6.out,23688,3708,0.15653495440729484,0,0.7496138750422155,0.11586066402956097
data/raw/SMD/machine-1-6.test.csv@11.out,SMD/machine-1-6.test.csv@11.out,SMD,machine-1-6.test.csv@11.out,23688,3708,0.15653495440729484,0,0.0024207412613981762,0.024803367617997563
data/raw/SMD/machine-1-6.test.csv@3.out,SMD/machine-1-6.test.csv@3.out,SMD,machine-1-6.test.csv@3.out,23688,3708,0.15653495440729484,0,0.15711610093718337,0.14887689109137076
data/raw/SMD/machine-1-6.test.csv@4.out,SMD/machine-1-6.test.csv@4.out,SMD,machine-1-6.test.csv@4.out,23688,3708,0.15653495440729484,0,0.16764014370145222,0.16242236337915214
data/raw/SMD/machine-1-6.test.csv@16.out,SMD/machine-1-6.test.csv@16.out,SMD,machine-1-6.test.csv@16.out,23688,3708,0.15653495440729484,0,0.08493223733535968,0.09250081471702042
data/raw/SMD/machine-1-6.test.csv@2.out,SMD/machine-1-6.test.csv@2.out,SMD,machine-1-6.test.csv@2.out,23688,3708,0.15653495440729484,0,0.12034738977541372,0.11370890653425879
data/raw/SMD/machine-2-6.test.csv@24.out,SMD/machine-2-6.test.csv@24.out,SMD,machine-2-6.test.csv@24.out,28742,424,0.014751930972096584,0,0.0033240949829517782,0.009510092901900634
data/raw/SMD/machine-1-6.test.csv@10.out,SMD/machine-1-6.test.csv@10.out,SMD,machine-1-6.test.csv@10.out,23688,3708,0.15653495440729484,0,0.0027616867612293146,0.028568190089300522
data/raw/SMD/machine-2-6.test.csv@26.out,SMD/machine-2-6.test.csv@26.out,SMD,machine-2-6.test.csv@26.out,28742,424,0.014751930972096584,0,0.003536328508802449,0.009607066340566215
data/raw/SMD/machine-3-2.test.csv@11.out,SMD/machine-3-2.test.csv@11.out,SMD,machine-3-2.test.csv@11.out,23702,1109,0.04678930048097207,0,6.839005147244958e-05,0.004569594020428608
data/raw/SMD/machine-1-6.test.csv@13.out,SMD/machine-1-6.test.csv@13.out,SMD,machine-1-6.test.csv@13.out,23688,3708,0.15653495440729484,0,0.17959135427220532,0.15753055435884464
data/raw/SMD/machine-1-2.test.csv@12.out,SMD/machine-1-2.test.csv@12.out,SMD,machine-1-2.test.csv@12.out,23693,542,0.022875954923395097,0,0.026168545730806566,0.06060695411834337
data/raw/SMD/machine-1-2.test.csv@13.out,SMD/machine-1-2.test.csv@13.out,SMD,machine-1-2.test.csv@13.out,23693,542,0.022875954923395097,0,0.011366226311568818,0.08826121463040515
data/raw/SMD/machine-1-2.test.csv@11.out,SMD/machine-1-2.test.csv@11.out,SMD,machine-1-2.test.csv@11.out,23693,542,0.022875954923395097,0,0.005090734858396995,0.030418527283958597
data/raw/SMD/machine-1-2.test.csv@24.out,SMD/machine-1-2.test.csv@24.out,SMD,machine-1-2.test.csv@24.out,23693,542,0.022875954923395097,0,0.07621770923901575,0.047587097952227785
data/raw/SMD/machine-1-2.test.csv@26.out,SMD/machine-1-2.test.csv@26.out,SMD,machine-1-2.test.csv@26.out,23693,542,0.022875954923395097,0,0.07336254243869497,0.04754676009448178
data/raw/SMD/machine-3-8.test.csv@2.out,SMD/machine-3-8.test.csv@2.out,SMD,machine-3-8.test.csv@2.out,28703,1371,0.04776504198167439,0,0.0386182222764171,0.06572486386182934
data/raw/SMD/machine-1-2.test.csv@4.out,SMD/machine-1-2.test.csv@4.out,SMD,machine-1-2.test.csv@4.out,23693,542,0.022875954923395097,0,0.10656917203393407,0.09060406769429309
data/raw/SMD/machine-1-2.test.csv@15.out,SMD/machine-1-2.test.csv@15.out,SMD,machine-1-2.test.csv@15.out,23693,542,0.022875954923395097,0,0.006960965981513527,0.024370312082875982
data/raw/SMD/machine-1-2.test.csv@7.out,SMD/machine-1-2.test.csv@7.out,SMD,machine-1-2.test.csv@7.out,23693,542,0.022875954923395097,0,0.2159827779935002,0.12056472876465403
data/raw/SMD/machine-1-2.test.csv@10.out,SMD/machine-1-2.test.csv@10.out,SMD,machine-1-2.test.csv@10.out,23693,542,0.022875954923395097,0,0.004040864896804964,0.025827862227382557
data/raw/SMD/machine-1-6.test.csv@24.out,SMD/machine-1-6.test.csv@24.out,SMD,machine-1-6.test.csv@24.out,23688,3708,0.15653495440729484,0,0.5899535570330969,0.21943662439602465
data/raw/SMD/machine-1-2.test.csv@9.out,SMD/machine-1-2.test.csv@9.out,SMD,machine-1-2.test.csv@9.out,23693,542,0.022875954923395097,0,0.001072975604608956,0.013555875803817471
data/raw/SMD/machine-1-2.test.csv@18.out,SMD/machine-1-2.test.csv@18.out,SMD,machine-1-2.test.csv@18.out,23693,542,0.022875954923395097,0,0.00025311311357785,0.009589033063620458
data/raw/SMD/machine-3-8.test.csv@3.out,SMD/machine-3-8.test.csv@3.out,SMD,machine-3-8.test.csv@3.out,28703,1371,0.04776504198167439,0,0.042307240009755075,0.07128055300139255
data/raw/SMD/machine-3-8.test.csv@1.out,SMD/machine-3-8.test.csv@1.out,SMD,machine-3-8.test.csv@1.out,28703,1371,0.04776504198167439,0,0.04275663766853639,0.06418087347691988
data/raw/SMD/machine-3-8.test.csv@19.out,SMD/machine-3-8.test.csv@19.out,SMD,machine-3-8.test.csv@19.out,28703,1371,0.04776504198167439,0,0.04023051235062537,0.08315812536787665
data/raw/SMD/machine-3-8.test.csv@28.out,SMD/machine-3-8.test.csv@28.out,SMD,machine-3-8.test.csv@28.out,28703,1371,0.04776504198167439,0,0.03641842560011148,0.06824354937263148
data/raw/SMD/machine-3-8.test.csv@21.out,SMD/machine-3-8.test.csv@21.out,SMD,machine-3-8.test.csv@21.out,28703,1371,0.04776504198167439,0,0.036415933804828764,0.06824283489711151
data/raw/SMD/machine-3-8.test.csv@4.out,SMD/machine-3-8.test.csv@4.out,SMD,machine-3-8.test.csv@4.out,28703,1371,0.04776504198167439,0,0.040177807755286905,0.07555627357429408
data/raw/SMD/machine-3-8.test.csv@22.out,SMD/machine-3-8.test.csv@22.out,SMD,machine-3-8.test.csv@22.out,28703,1371,0.04776504198167439,0,0.04485191474758736,0.08053151706952692
data/raw/SMD/machine-3-8.test.csv@32.out,SMD/machine-3-8.test.csv@32.out,SMD,machine-3-8.test.csv@32.out,28703,1371,0.04776504198167439,0,0.00520118980594363,0.013776291703224721
data/raw/SMD/machine-3-8.test.csv@20.out,SMD/machine-3-8.test.csv@20.out,SMD,machine-3-8.test.csv@20.out,28703,1371,0.04776504198167439,0,0.040752958122844296,0.08285746660794593
data/raw/SMD/machine-3-8.test.csv@16.out,SMD/machine-3-8.test.csv@16.out,SMD,machine-3-8.test.csv@16.out,28703,1371,0.04776504198167439,0,0.1033641227397833,0.03477722526865659
data/raw/SMD/machine-3-8.test.csv@35.out,SMD/machine-3-8.test.csv@35.out,SMD,machine-3-8.test.csv@35.out,28703,1371,0.04776504198167439,0,0.5291918639166638,0.15520882572185574
data/raw/SMD/machine-3-8.test.csv@25.out,SMD/machine-3-8.test.csv@25.out,SMD,machine-3-8.test.csv@25.out,28703,1371,0.04776504198167439,0,0.007943412709472877,0.05106878772273204
data/raw/SMD/machine-3-8.test.csv@31.out,SMD/machine-3-8.test.csv@31.out,SMD,machine-3-8.test.csv@31.out,28703,1371,0.04776504198167439,0,0.044844729923701344,0.08053430391048659
data/raw/SMD/machine-3-8.test.csv@11.out,SMD/machine-3-8.test.csv@11.out,SMD,machine-3-8.test.csv@11.out,28703,1371,0.04776504198167439,0,0.10303342807372051,0.034655329139375704
data/raw/SMD/machine-3-1.test.csv@20.out,SMD/machine-3-1.test.csv@20.out,SMD,machine-3-1.test.csv@20.out,28699,308,0.010732081257186662,0,0.1905949384995993,0.10649977870857531
data/raw/SMD/machine-2-1.test.csv@10.out,SMD/machine-2-1.test.csv@10.out,SMD,machine-2-1.test.csv@10.out,23693,1170,0.049381673912125945,0,0.00038524256109399407,0.012550673550474236
data/raw/SMD/machine-3-1.test.csv@36.out,SMD/machine-3-1.test.csv@36.out,SMD,machine-3-1.test.csv@36.out,28699,308,0.010732081257186662,0,0.0036939987804453117,0.027037136164428117
data/raw/SMD/machine-3-1.test.csv@35.out,SMD/machine-3-1.test.csv@35.out,SMD,machine-3-1.test.csv@35.out,28699,308,0.010732081257186662,0,0.003681111885431548,0.02703801809335909
data/raw/SMD/machine-2-1.test.csv@11.out,SMD/machine-2-1.test.csv@11.out,SMD,machine-2-1.test.csv@11.out,23693,1170,0.049381673912125945,0,0.0003075293124551555,0.010815703010923225
data/raw/SMD/machine-3-1.test.csv@14.out,SMD/machine-3-1.test.csv@14.out,SMD,machine-3-1.test.csv@14.out,28699,308,0.010732081257186662,0,0.11683824067040664,0.09937818669097517
data/raw/SMD/machine-3-11.test.csv@1.out,SMD/machine-3-11.test.csv@1.out,SMD,machine-3-11.test.csv@1.out,28695,198,0.006900156821745948,0,0.21069245513155602,0.11852223450042931
data/raw/SMD/machine-3-8.test.csv@36.out,SMD/machine-3-8.test.csv@36.out,SMD,machine-3-8.test.csv@36.out,28703,1371,0.04776504198167439,0,0.5384175438804306,0.15524248932778167
data/raw/SMD/machine-2-1.test.csv@22.out,SMD/machine-2-1.test.csv@22.out,SMD,machine-2-1.test.csv@22.out,23693,1170,0.049381673912125945,0,0.1518642725277508,0.1117154600316777
data/raw/SMD/machine-2-1.test.csv@7.out,SMD/machine-2-1.test.csv@7.out,SMD,machine-2-1.test.csv@7.out,23693,1170,0.049381673912125945,0,0.3914425892879754,0.09740770215021138
data/raw/SMD/machine-2-1.test.csv@21.out,SMD/machine-2-1.test.csv@21.out,SMD,machine-2-1.test.csv@21.out,23693,1170,0.049381673912125945,0,0.15294792736251214,0.10654103119003779
data/raw/SMD/machine-2-1.test.csv@20.out,SMD/machine-2-1.test.csv@20.out,SMD,machine-2-1.test.csv@20.out,23693,1170,0.049381673912125945,0,0.14393204110918836,0.10970010251388383
data/raw/SMD/machine-3-1.test.csv@30.out,SMD/machine-3-1.test.csv@30.out,SMD,machine-3-1.test.csv@30.out,28699,308,0.010732081257186662,0,0.018652040558904494,0.003064790770605931
data/raw/SMD/machine-3-11.test.csv@20.out,SMD/machine-3-11.test.csv@20.out,SMD,machine-3-11.test.csv@20.out,28695,198,0.006900156821745948,0,0.4286770552361038,0.21821651109942364
data/raw/SMD/machine-3-11.test.csv@7.out,SMD/machine-3-11.test.csv@7.out,SMD,machine-3-11.test.csv@7.out,28695,198,0.006900156821745948,0,0.932899620386827,0.092945118944978
data/raw/SMD/machine-3-11.test.csv@4.out,SMD/machine-3-11.test.csv@4.out,SMD,machine-3-11.test.csv@4.out,28695,198,0.006900156821745948,0,0.21024392336644016,0.13133849461702926
data/raw/SMD/machine-3-11.test.csv@3.out,SMD/machine-3-11.test.csv@3.out,SMD,machine-3-11.test.csv@3.out,28695,198,0.006900156821745948,0,0.15785905164662833,0.10185804820605177
data/raw/SMD/machine-3-11.test.csv@6.out,SMD/machine-3-11.test.csv@6.out,SMD,machine-3-11.test.csv@6.out,28695,198,0.006900156821745948,0,0.8002111630597665,0.3279257514040149
data/raw/SMD/machine-3-11.test.csv@16.out,SMD/machine-3-11.test.csv@16.out,SMD,machine-3-11.test.csv@16.out,28695,198,0.006900156821745948,0,0.10591914141836559,0.22216013344727709
data/raw/SMD/machine-3-11.test.csv@10.out,SMD/machine-3-11.test.csv@10.out,SMD,machine-3-11.test.csv@10.out,28695,198,0.006900156821745948,0,0.00015338327234709883,0.009518269281910439
data/raw/SMD/machine-3-11.test.csv@11.out,SMD/machine-3-11.test.csv@11.out,SMD,machine-3-11.test.csv@11.out,28695,198,0.006900156821745948,0,9.765802404600102e-05,0.0085382284183526
data/raw/SMD/machine-3-11.test.csv@19.out,SMD/machine-3-11.test.csv@19.out,SMD,machine-3-11.test.csv@19.out,28695,198,0.006900156821745948,0,0.44223998822094446,0.2127432706092963
data/raw/SMD/machine-3-11.test.csv@5.out,SMD/machine-3-11.test.csv@5.out,SMD,machine-3-11.test.csv@5.out,28695,198,0.006900156821745948,0,0.7487864982401115,0.40594611644943385
data/raw/SMD/machine-3-11.test.csv@15.out,SMD/machine-3-11.test.csv@15.out,SMD,machine-3-11.test.csv@15.out,28695,198,0.006900156821745948,0,0.0015080152639832722,0.003745677310077312
data/raw/SMD/machine-3-11.test.csv@12.out,SMD/machine-3-11.test.csv@12.out,SMD,machine-3-11.test.csv@12.out,28695,198,0.006900156821745948,0,0.004226332287855027,0.0063722875563926055
data/raw/SMD/machine-2-9.test.csv@9.out,SMD/machine-2-9.test.csv@9.out,SMD,machine-2-9.test.csv@9.out,28721,1755,0.061105114724417674,0,0.0062185324675324664,0.019104503636187823
data/raw/SMD/machine-3-11.test.csv@37.out,SMD/machine-3-11.test.csv@37.out,SMD,machine-3-11.test.csv@37.out,28695,198,0.006900156821745948,0,0.19437449343091132,0.12363620482848753
data/raw/SMD/machine-3-11.test.csv@35.out,SMD/machine-3-11.test.csv@35.out,SMD,machine-3-11.test.csv@35.out,28695,198,0.006900156821745948,0,0.45027040484404945,0.21806420051511274
data/raw/SMD/machine-2-9.test.csv@10.out,SMD/machine-2-9.test.csv@10.out,SMD,machine-2-9.test.csv@10.out,28721,1755,0.061105114724417674,0,0.0008536399846801993,0.013761256973916886
data/raw/SMD/machine-3-11.test.csv@26.out,SMD/machine-3-11.test.csv@26.out,SMD,machine-3-11.test.csv@26.out,28695,198,0.006900156821745948,0,0.5372134598013591,0.012802269097793452
data/raw/SMD/machine-2-9.test.csv@11.out,SMD/machine-2-9.test.csv@11.out,SMD,machine-2-9.test.csv@11.out,28721,1755,0.061105114724417674,0,0.1041999061314021,0.03445954241650582
data/raw/SMD/machine-3-11.test.csv@32.out,SMD/machine-3-11.test.csv@32.out,SMD,machine-3-11.test.csv@32.out,28695,198,0.006900156821745948,0,0.00039031190102805367,0.01797943857376604
data/raw/SMD/machine-3-11.test.csv@36.out,SMD/machine-3-11.test.csv@36.out,SMD,machine-3-11.test.csv@36.out,28695,198,0.006900156821745948,0,0.4508900110123715,0.21905970779245035
data/raw/SMD/machine-3-11.test.csv@31.out,SMD/machine-3-11.test.csv@31.out,SMD,machine-3-11.test.csv@31.out,28695,198,0.006900156821745948,0,0.4476646171806935,0.21426434782443612
data/raw/SMD/machine-3-11.test.csv@22.out,SMD/machine-3-11.test.csv@22.out,SMD,machine-3-11.test.csv@22.out,28695,198,0.006900156821745948,0,0.447649621641401,0.21426159965827363
data/raw/SMD/machine-3-11.test.csv@21.out,SMD/machine-3-11.test.csv@21.out,SMD,machine-3-11.test.csv@21.out,28695,198,0.006900156821745948,0,0.4359211280362432,0.21335667380254314
data/raw/SMD/machine-3-11.test.csv@28.out,SMD/machine-3-11.test.csv@28.out,SMD,machine-3-11.test.csv@28.out,28695,198,0.006900156821745948,0,0.44286781582157175,0.20864385739956487
data/raw/SMD/machine-3-11.test.csv@24.out,SMD/machine-3-11.test.csv@24.out,SMD,machine-3-11.test.csv@24.out,28695,198,0.006900156821745948,0,0.5374908963582505,0.012813301897160833
data/raw/SMD/machine-2-9.test.csv@12.out,SMD/machine-2-9.test.csv@12.out,SMD,machine-2-9.test.csv@12.out,28721,1755,0.061105114724417674,0,0.043365728073535045,0.04230056896647082
data/raw/SMD/machine-2-9.test.csv@24.out,SMD/machine-2-9.test.csv@24.out,SMD,machine-2-9.test.csv@24.out,28721,1755,0.061105114724417674,0,0.15606209292851922,0.03853585751369522
data/raw/SMD/machine-2-9.test.csv@13.out,SMD/machine-2-9.test.csv@13.out,SMD,machine-2-9.test.csv@13.out,28721,1755,0.061105114724417674,0,0.012413216809999654,0.02689117133009638
data/raw/SMD/machine-2-4.test.csv@14.out,SMD/machine-2-4.test.csv@14.out,SMD,machine-2-4.test.csv@14.out,23688,1694,0.0715130023640662,0,0.013400725050658561,0.01544557538349913
data/raw/SMD/machine-2-4.test.csv@13.out,SMD/machine-2-4.test.csv@13.out,SMD,machine-2-4.test.csv@13.out,23688,1694,0.0715130023640662,0,0.00014853702296521446,0.0034000365672898136
data/raw/SMD/machine-2-4.test.csv@9.out,SMD/machine-2-4.test.csv@9.out,SMD,machine-2-4.test.csv@9.out,23688,1694,0.0715130023640662,0,0.0003312745271867612,0.004868804248813072
data/raw/SMD/machine-2-9.test.csv@26.out,SMD/machine-2-9.test.csv@26.out,SMD,machine-2-9.test.csv@26.out,28721,1755,0.061105114724417674,0,0.15632391664635634,0.03856103924659701
data/raw/SMD/machine-2-4.test.csv@10.out,SMD/machine-2-4.test.csv@10.out,SMD,machine-2-4.test.csv@10.out,23688,1694,0.0715130023640662,0,2.947230665315772e-06,4.8432849101999805e-05
data/raw/SMD/machine-2-9.test.csv@15.out,SMD/machine-2-9.test.csv@15.out,SMD,machine-2-9.test.csv@15.out,28721,1755,0.061105114724417674,0,0.02598061080742314,0.037049825012141324
data/raw/SMD/machine-2-4.test.csv@12.out,SMD/machine-2-4.test.csv@12.out,SMD,machine-2-4.test.csv@12.out,23688,1694,0.0715130023640662,0,0.015233529339750083,0.02182980104709968
data/raw/SMD/machine-2-4.test.csv@1.out,SMD/machine-2-4.test.csv@1.out,SMD,machine-2-4.test.csv@1.out,23688,1694,0.0715130023640662,0,0.1483184963272543,0.10790186044327035
data/raw/SMD/machine-2-4.test.csv@19.out,SMD/machine-2-4.test.csv@19.out,SMD,machine-2-4.test.csv@19.out,23688,1694,0.0715130023640662,0,0.20194445934650457,0.11449451158875328
data/raw/SMD/machine-2-4.test.csv@15.out,SMD/machine-2-4.test.csv@15.out,SMD,machine-2-4.test.csv@15.out,23688,1694,0.0715130023640662,0,0.004664977245862885,0.01782643784126479
data/raw/SMD/machine-2-9.test.csv@16.out,SMD/machine-2-9.test.csv@16.out,SMD,machine-2-9.test.csv@16.out,28721,1755,0.061105114724417674,0,0.10414139288325615,0.03468374118735682
data/raw/SMD/machine-3-5.test.csv@28.out,SMD/machine-3-5.test.csv@28.out,SMD,machine-3-5.test.csv@28.out,23690,426,0.017982271000422118,0,0.08064147260447446,0.07055913527203234
data/raw/SMD/machine-3-5.test.csv@7.out,SMD/machine-3-5.test.csv@7.out,SMD,machine-3-5.test.csv@7.out,23690,426,0.017982271000422118,0,0.9368099058252427,0.06017160543185563
data/raw/SMD/machine-1-5.test.csv@1.out,SMD/machine-1-5.test.csv@1.out,SMD,machine-1-5.test.csv@1.out,23705,100,0.004218519299725796,0,0.01649993427546931,0.030461120835434286
data/raw/SMD/machine-2-4.test.csv@21.out,SMD/machine-2-4.test.csv@21.out,SMD,machine-2-4.test.csv@21.out,23688,1694,0.0715130023640662,0,0.18729431057919624,0.10647927190284719
data/raw/SMD/machine-2-4.test.csv@20.out,SMD/machine-2-4.test.csv@20.out,SMD,machine-2-4.test.csv@20.out,23688,1694,0.0715130023640662,0,0.06292775553022628,0.05779159454912074
data/raw/SMD/machine-2-4.test.csv@31.out,SMD/machine-2-4.test.csv@31.out,SMD,machine-2-4.test.csv@31.out,23688,1694,0.0715130023640662,0,0.13415379204660585,0.07993049989424496
data/raw/SMD/machine-2-4.test.csv@28.out,SMD/machine-2-4.test.csv@28.out,SMD,machine-2-4.test.csv@28.out,23688,1694,0.0715130023640662,0,0.18649305673758862,0.10590381042460471
data/raw/SMD/machine-2-4.test.csv@22.out,SMD/machine-2-4.test.csv@22.out,SMD,machine-2-4.test.csv@22.out,23688,1694,0.0715130023640662,0,0.13368265032928064,0.07974538550104492
data/raw/SMD/machine-3-5.test.csv@23.out,SMD/machine-3-5.test.csv@23.out,SMD,machine-3-5.test.csv@23.out,23690,426,0.017982271000422118,0,0.009799405698607006,0.014708042119618478
data/raw/SMD/machine-1-5.test.csv@16.out,SMD/machine-1-5.test.csv@16.out,SMD,machine-1-5.test.csv@16.out,23705,100,0.004218519299725796,0,0.12474469289179498,0.20468782731163254
data/raw/SMD/machine-3-5.test.csv@31.out,SMD/machine-3-5.test.csv@31.out,SMD,machine-3-5.test.csv@31.out,23690,426,0.017982271000422118,0,0.09341405643731533,0.06989539693266937
data/raw/SMD/machine-1-5.test.csv@7.out,SMD/machine-1-5.test.csv@7.out,SMD,machine-1-5.test.csv@7.out,23705,100,0.004218519299725796,0,0.055356289643535124,0.02651063650239242
data/raw/SMD/machine-1-5.test.csv@19.out,SMD/machine-1-5.test.csv@19.out,SMD,machine-1-5.test.csv@19.out,23705,100,0.004218519299725796,0,0.030105242480489347,0.034205611093656954
data/raw/SMD/machine-1-5.test.csv@4.out,SMD/machine-1-5.test.csv@4.out,SMD,machine-1-5.test.csv@4.out,23705,100,0.004218519299725796,0,0.005884758869436828,0.031207679835858183
data/raw/SMD/machine-1-5.test.csv@24.out,SMD/machine-1-5.test.csv@24.out,SMD,machine-1-5.test.csv@24.out,23705,100,0.004218519299725796,0,0.04208351562961401,0.03488766163003002
data/raw/SMD/machine-1-5.test.csv@26.out,SMD/machine-1-5.test.csv@26.out,SMD,machine-1-5.test.csv@26.out,23705,100,0.004218519299725796,0,0.04160879219573929,0.03445450502687879
data/raw/SMD/machine-1-5.test.csv@20.out,SMD/machine-1-5.test.csv@20.out,SMD,machine-1-5.test.csv@20.out,23705,100,0.004218519299725796,0,0.027004240075933345,0.028100433100280552
data/raw/SMD/machine-2-5.test.csv@13.out,SMD/machine-2-5.test.csv@13.out,SMD,machine-2-5.test.csv@13.out,23688,980,0.041371158392434985,0,0.001071806990881459,0.014945188374703234
data/raw/SMD/machine-1-5.test.csv@21.out,SMD/machine-1-5.test.csv@21.out,SMD,machine-1-5.test.csv@21.out,23705,100,0.004218519299725796,0,0.07686264361948955,0.07007383313212512
data/raw/SMD/machine-1-5.test.csv@22.out,SMD/machine-1-5.test.csv@22.out,SMD,machine-1-5.test.csv@22.out,23705,100,0.004218519299725796,0,0.06864605627504747,0.06386608136584598
data/raw/SMD/machine-1-5.test.csv@31.out,SMD/machine-1-5.test.csv@31.out,SMD,machine-1-5.test.csv@31.out,23705,100,0.004218519299725796,0,0.16025357907614426,0.15166882921411703
data/raw/SMD/machine-1-5.test.csv@25.out,SMD/machine-1-5.test.csv@25.out,SMD,machine-1-5.test.csv@25.out,23705,100,0.004218519299725796,0,0.12245099384096182,0.14770955707561056
data/raw/SMD/machine-2-5.test.csv@14.out,SMD/machine-2-5.test.csv@14.out,SMD,machine-2-5.test.csv@14.out,23688,980,0.041371158392434985,0,0.03911561090003377,0.026142358780427116
data/raw/SMD/machine-2-5.test.csv@9.out,SMD/machine-2-5.test.csv@9.out,SMD,machine-2-5.test.csv@9.out,23688,980,0.041371158392434985,0,0.007879011482607227,0.020652542975364795
data/raw/SMD/machine-2-5.test.csv@12.out,SMD/machine-2-5.test.csv@12.out,SMD,machine-2-5.test.csv@12.out,23688,980,0.041371158392434985,0,0.07706076984126985,0.052314484312137
data/raw/SMD/machine-1-5.test.csv@28.out,SMD/machine-1-5.test.csv@28.out,SMD,machine-1-5.test.csv@28.out,23705,100,0.004218519299725796,0,0.11174479455811011,0.09880463354801285
data/raw/SMD/machine-2-5.test.csv@1.out,SMD/machine-2-5.test.csv@1.out,SMD,machine-2-5.test.csv@1.out,23688,980,0.041371158392434985,0,0.08058655682201958,0.0808725949390975
data/raw/SMD/machine-1-5.test.csv@32.out,SMD/machine-1-5.test.csv@32.out,SMD,machine-1-5.test.csv@32.out,23705,100,0.004218519299725796,0,0.06587950980805739,0.07077274974033562
data/raw/SMD/machine-1-5.test.csv@23.out,SMD/machine-1-5.test.csv@23.out,SMD,machine-1-5.test.csv@23.out,23705,100,0.004218519299725796,0,0.14202551060957605,0.1529903869733435
data/raw/SMD/machine-3-4.test.csv@6.out,SMD/machine-3-4.test.csv@6.out,SMD,machine-3-4.test.csv@6.out,23686,977,0.04124799459596386,0,0.9714459758084947,0.10097864582975699
data/raw/SMD/machine-3-4.test.csv@7.out,SMD/machine-3-4.test.csv@7.out,SMD,machine-3-4.test.csv@7.out,23686,977,0.04124799459596386,0,0.20280852452925777,0.28437684397932594
data/raw/SMD/machine-1-4.test.csv@14.out,SMD/machine-1-4.test.csv@14.out,SMD,machine-1-4.test.csv@14.out,23706,720,0.030372057706909643,0,0.011865820129924914,0.015662501818091812
data/raw/SMD/machine-2-5.test.csv@15.out,SMD/machine-2-5.test.csv@15.out,SMD,machine-2-5.test.csv@15.out,23688,980,0.041371158392434985,0,0.04051580509118541,0.03232828707821026
data/raw/SMD/machine-1-4.test.csv@9.out,SMD/machine-1-4.test.csv@9.out,SMD,machine-1-4.test.csv@9.out,23706,720,0.030372057706909643,0,0.0017577792541972497,0.03336030732871394
data/raw/SMD/machine-3-4.test.csv@34.out,SMD/machine-3-4.test.csv@34.out,SMD,machine-3-4.test.csv@34.out,23686,977,0.04124799459596386,0,0.006239801992738327,0.022352019424207063
data/raw/SVDB/804.test.csv@1.out,SVDB/804.test.csv@1.out,SVDB,804.test.csv@1.out,230399,16389,0.07113312123750537,0,-0.00198329853862213,0.2638644830415968
data/raw/SVDB/882.test.csv@1.out,SVDB/882.test.csv@1.out,SVDB,882.test.csv@1.out,230399,7464,0.03239597394085912,0,0.02435537914661088,0.436882025569019
data/raw/SVDB/882.test.csv@2.out,SVDB/882.test.csv@2.out,SVDB,882.test.csv@2.out,230399,7464,0.03239597394085912,0,-0.01601847230239715,0.3619538198950978
data/raw/SVDB/874.test.csv@1.out,SVDB/874.test.csv@1.out,SVDB,874.test.csv@1.out,230399,6355,0.027582584993858482,0,0.02678672650488935,0.6378198533944508
data/raw/SVDB/874.test.csv@2.out,SVDB/874.test.csv@2.out,SVDB,874.test.csv@2.out,230399,6355,0.027582584993858482,0,-0.019550540583943503,0.6307701912521874
data/raw/SVDB/888.test.csv@2.out,SVDB/888.test.csv@2.out,SVDB,888.test.csv@2.out,230399,14599,0.06336399029509676,0,0.010302627181541582,0.2669539025396663
data/raw/SVDB/888.test.csv@1.out,SVDB/888.test.csv@1.out,SVDB,888.test.csv@1.out,230399,14599,0.06336399029509676,0,-0.014901019535675073,0.20877898527433736
data/raw/SVDB/893.test.csv@2.out,SVDB/893.test.csv@2.out,SVDB,893.test.csv@2.out,230399,43319,0.1880173091029041,0,-0.07599579425257921,0.18591565364410545
data/raw/SVDB/851.test.csv@1.out,SVDB/851.test.csv@1.out,SVDB,851.test.csv@1.out,230399,51492,0.22349055334441556,0,0.07183507740919015,0.9420700422482868
data/raw/SVDB/827.test.csv@2.out,SVDB/827.test.csv@2.out,SVDB,827.test.csv@2.out,230399,2559,0.011106819040013195,0,-0.012666157405197071,0.1980917034485636
data/raw/SVDB/827.test.csv@1.out,SVDB/827.test.csv@1.out,SVDB,827.test.csv@1.out,230399,2559,0.011106819040013195,0,-0.0013808436668561943,0.4367368547213465
data/raw/SVDB/861.test.csv@2.out,SVDB/861.test.csv@2.out,SVDB,861.test.csv@2.out,230399,69855,0.30319142010164973,0,0.017453048841357816,0.5957347982180518
data/raw/SVDB/820.test.csv@1.out,SVDB/820.test.csv@1.out,SVDB,820.test.csv@1.out,230399,22858,0.09921050004557311,0,-0.04641537072643545,0.15095045262582485
data/raw/SVDB/820.test.csv@2.out,SVDB/820.test.csv@2.out,SVDB,820.test.csv@2.out,230399,22858,0.09921050004557311,0,-0.07688373213425405,0.10741451335223101
data/raw/SVDB/856.test.csv@1.out,SVDB/856.test.csv@1.out,SVDB,856.test.csv@1.out,230399,4349,0.0188759499824218,0,0.019209154553622196,0.3695835874912553
data/raw/SVDB/856.test.csv@2.out,SVDB/856.test.csv@2.out,SVDB,856.test.csv@2.out,230399,4349,0.0188759499824218,0,0.016500006510444927,0.2364660991765104
data/raw/SVDB/849.test.csv@2.out,SVDB/849.test.csv@2.out,SVDB,849.test.csv@2.out,230399,8831,0.038329159414754406,0,-0.08223659824912435,0.27789103342092675
data/raw/SVDB/849.test.csv@1.out,SVDB/849.test.csv@1.out,SVDB,849.test.csv@1.out,230399,8831,0.038329159414754406,0,-0.23981302002178828,0.21404689751583775
data/raw/SVDB/863.test.csv@2.out,SVDB/863.test.csv@2.out,SVDB,863.test.csv@2.out,230399,51200,0.22222318673258132,0,-0.012944869552385208,0.1932321588163205
data/raw/SVDB/863.test.csv@1.out,SVDB/863.test.csv@1.out,SVDB,863.test.csv@1.out,230399,51200,0.22222318673258132,0,-0.004959005898463102,0.45581203111898544
data/raw/SVDB/805.test.csv@1.out,SVDB/805.test.csv@1.out,SVDB,805.test.csv@1.out,230399,27789,0.12061250265843168,0,-0.023789708288664457,0.6900596038273986
data/raw/SVDB/805.test.csv@2.out,SVDB/805.test.csv@2.out,SVDB,805.test.csv@2.out,230399,27789,0.12061250265843168,0,0.007604481790285548,0.3295066280962738
data/raw/SVDB/802.test.csv@1.out,SVDB/802.test.csv@1.out,SVDB,802.test.csv@1.out,230399,12102,0.052526269645267555,0,-0.003637993220456686,0.34828797133789385
data/raw/SVDB/887.test.csv@1.out,SVDB/887.test.csv@1.out,SVDB,887.test.csv@1.out,230399,37674,0.16351633470631383,0,-0.04369198651035811,0.2658807295999453
data/raw/SVDB/802.test.csv@2.out,SVDB/802.test.csv@2.out,SVDB,802.test.csv@2.out,230399,12102,0.052526269645267555,0,0.0044607398469611445,0.3250792910602631
data/raw/SVDB/891.test.csv@1.out,SVDB/891.test.csv@1.out,SVDB,891.test.csv@1.out,230399,56129,0.24361650875220814,0,0.05082433083476925,0.4911683639968185
data/raw/SVDB/891.test.csv@2.out,SVDB/891.test.csv@2.out,SVDB,891.test.csv@2.out,230399,56129,0.24361650875220814,0,-0.007073489902299927,0.3826941128802223
data/raw/SVDB/887.test.csv@2.out,SVDB/887.test.csv@2.out,SVDB,887.test.csv@2.out,230399,37674,0.16351633470631383,0,-0.07969800216146772,0.2108587703881649
data/raw/SVDB/803.test.csv@1.out,SVDB/803.test.csv@1.out,SVDB,803.test.csv@1.out,230399,21980,0.09539971961683862,0,-0.041067344042291856,0.2037277686735822
data/raw/SVDB/807.test.csv@1.out,SVDB/807.test.csv@1.out,SVDB,807.test.csv@1.out,230399,3394,0.014730966714265253,0,-0.004237583496456149,0.463345517497792
data/raw/SVDB/880.test.csv@1.out,SVDB/880.test.csv@1.out,SVDB,880.test.csv@1.out,230399,29503,0.12805177105803411,0,-0.011120946705497854,1.038374146606085
data/raw/SVDB/803.test.csv@2.out,SVDB/803.test.csv@2.out,SVDB,803.test.csv@2.out,230399,21980,0.09539971961683862,0,-0.08729974956488527,0.08079568121640089
data/raw/SVDB/844.test.csv@1.out,SVDB/844.test.csv@1.out,SVDB,844.test.csv@1.out,230399,7847,0.034058307544737605,0,-0.011358382631869064,0.12074941191030206
data/raw/SVDB/844.test.csv@2.out,SVDB/844.test.csv@2.out,SVDB,844.test.csv@2.out,230399,7847,0.034058307544737605,0,-0.2219721656778024,0.34416781650515965
data/raw/SVDB/880.test.csv@2.out,SVDB/880.test.csv@2.out,SVDB,880.test.csv@2.out,230399,29503,0.12805177105803411,0,0.0668583413990512,0.7912931136833056
data/raw/SVDB/841.test.csv@2.out,SVDB/841.test.csv@2.out,SVDB,841.test.csv@2.out,230399,56344,0.24454967252462034,0,0.032367935624720595,0.5248748406637558
data/raw/SVDB/841.test.csv@1.out,SVDB/841.test.csv@1.out,SVDB,841.test.csv@1.out,230399,56344,0.24454967252462034,0,-0.1944561174310652,0.264638006675874
data/raw/SVDB/848.test.csv@1.out,SVDB/848.test.csv@1.out,SVDB,848.test.csv@1.out,230399,2551,0.011072096667086228,0,-0.033266181710858114,0.1924380644909618
data/raw/SVDB/890.test.csv@1.out,SVDB/890.test.csv@1.out,SVDB,890.test.csv@1.out,230399,20820,0.09036497554242857,0,-0.31476740350435556,0.546842082770011
data/raw/SVDB/862.test.csv@1.out,SVDB/862.test.csv@1.out,SVDB,862.test.csv@1.out,230399,44270,0.19214493118459716,0,0.12895869773740337,0.9567370476763508
data/raw/SVDB/890.test.csv@2.out,SVDB/890.test.csv@2.out,SVDB,890.test.csv@2.out,230399,20820,0.09036497554242857,0,-0.09976282449142578,0.45360459212076
data/raw/SVDB/862.test.csv@2.out,SVDB/862.test.csv@2.out,SVDB,862.test.csv@2.out,230399,44270,0.19214493118459716,0,0.1635725849504555,0.6538350178889552
data/raw/SVDB/855.test.csv@2.out,SVDB/855.test.csv@2.out,SVDB,855.test.csv@2.out,230399,57822,0.2509646309228773,0,-0.07543481091497792,0.15036075624897471
data/raw/SVDB/869.test.csv@1.out,SVDB/869.test.csv@1.out,SVDB,869.test.csv@1.out,230399,76680,0.3328139445049675,0,0.023658414316034358,0.5038496532375295
data/raw/SVDB/810.test.csv@2.out,SVDB/810.test.csv@2.out,SVDB,810.test.csv@2.out,230399,10058,0.043654703362427785,0,-0.00036666825810875703,0.2918156995484422
data/raw/SVDB/826.test.csv@2.out,SVDB/826.test.csv@2.out,SVDB,826.test.csv@2.out,230399,7931,0.03442289246047075,0,-0.1509045829191967,0.2078831649609825
data/raw/SVDB/825.test.csv@1.out,SVDB/825.test.csv@1.out,SVDB,825.test.csv@1.out,230399,14648,0.06357666482927443,0,-0.03425231880346704,0.37679128376807036
data/raw/SVDB/826.test.csv@1.out,SVDB/826.test.csv@1.out,SVDB,826.test.csv@1.out,230399,7931,0.03442289246047075,0,0.029456876982973012,0.1270874053944539
data/raw/SVDB/825.test.csv@2.out,SVDB/825.test.csv@2.out,SVDB,825.test.csv@2.out,230399,14648,0.06357666482927443,0,-0.17086198290791194,0.12403308632930847
data/raw/SVDB/871.test.csv@2.out,SVDB/871.test.csv@2.out,SVDB,871.test.csv@2.out,230399,3537,0.015351629130334768,0,0.009140078732980613,0.3642431960925637
data/raw/SVDB/871.test.csv@1.out,SVDB/871.test.csv@1.out,SVDB,871.test.csv@1.out,230399,3537,0.015351629130334768,0,0.012111120273959518,0.3759287460071167
data/raw/SVDB/824.test.csv@1.out,SVDB/824.test.csv@1.out,SVDB,824.test.csv@1.out,230399,21450,0.09309936241042713,0,-0.18969824087778162,0.24161847044697138
data/raw/SVDB/868.test.csv@2.out,SVDB/868.test.csv@2.out,SVDB,868.test.csv@2.out,230399,63533,0.275752064896115,0,-0.018682416156320124,0.4607740112439098
data/raw/SVDB/884.test.csv@1.out,SVDB/884.test.csv@1.out,SVDB,884.test.csv@1.out,230399,39435,0.17115959704686218,0,0.07382430045269295,0.9343476882800932
data/raw/SVDB/868.test.csv@1.out,SVDB/868.test.csv@1.out,SVDB,868.test.csv@1.out,230399,63533,0.275752064896115,0,-0.0006622424576495571,1.0184317684445492
data/raw/SVDB/801.test.csv@1.out,SVDB/801.test.csv@1.out,SVDB,801.test.csv@1.out,230399,32100,0.1393235213694504,0,-0.0036965438218047814,0.6019820753318241
data/raw/SVDB/806.test.csv@2.out,SVDB/806.test.csv@2.out,SVDB,806.test.csv@2.out,230399,6151,0.026697164484220853,0,-0.08635100412762209,0.05859491349493912
data/raw/SVDB/806.test.csv@1.out,SVDB/806.test.csv@1.out,SVDB,806.test.csv@1.out,230399,6151,0.026697164484220853,0,-0.04255619599043398,0.12742918431917133
data/raw/SVDB/873.test.csv@1.out,SVDB/873.test.csv@1.out,SVDB,873.test.csv@1.out,230399,8578,0.03723106437093911,0,-0.0033186124939778394,0.42098396284392664
data/raw/SVDB/801.test.csv@2.out,SVDB/801.test.csv@2.out,SVDB,801.test.csv@2.out,230399,32100,0.1393235213694504,0,-0.013038381242974148,0.4145362001689584
data/raw/SVDB/886.test.csv@2.out,SVDB/886.test.csv@2.out,SVDB,886.test.csv@2.out,230399,6319,0.027426334315687133,0,0.027341286203499147,0.5719501553679309
data/raw/SVDB/886.test.csv@1.out,SVDB/886.test.csv@1.out,SVDB,886.test.csv@1.out,230399,6319,0.027426334315687133,0,-0.20361642194627583,0.40621187503310896
data/raw/SVDB/873.test.csv@2.out,SVDB/873.test.csv@2.out,SVDB,873.test.csv@2.out,230399,8578,0.03723106437093911,0,-0.012632151181211724,0.20920010211099657
data/raw/SVDB/847.test.csv@2.out,SVDB/847.test.csv@2.out,SVDB,847.test.csv@2.out,230399,17822,0.07735276628804813,0,0.006222726661140025,0.35369596212122384
data/raw/SVDB/847.test.csv@1.out,SVDB/847.test.csv@1.out,SVDB,847.test.csv@1.out,230399,17822,0.07735276628804813,0,0.013782025963654354,0.4470292863633933
data/raw/SVDB/811.test.csv@1.out,SVDB/811.test.csv@1.out,SVDB,811.test.csv@1.out,230399,3962,0.01719625519207983,0,-0.041516130712372874,0.19777623470316233
data/raw/SVDB/840.test.csv@1.out,SVDB/840.test.csv@1.out,SVDB,840.test.csv@1.out,230399,3108,0.013489641882126225,0,-0.04087179197826379,0.16330099430453995
data/raw/SVDB/811.test.csv@2.out,SVDB/811.test.csv@2.out,SVDB,811.test.csv@2.out,230399,3962,0.01719625519207983,0,-0.09105480058507195,0.14087115064025083
data/raw/SVDB/853.test.csv@2.out,SVDB/853.test.csv@2.out,SVDB,853.test.csv@2.out,230399,16121,0.06996992174445202,0,-0.01300337675076715,0.286364982313517
data/raw/SVDB/812.test.csv@1.out,SVDB/812.test.csv@1.out,SVDB,812.test.csv@1.out,230399,14554,0.06316867694738258,0,-0.03514880706947513,0.5071535698524997
data/raw/SVDB/853.test.csv@1.out,SVDB/853.test.csv@1.out,SVDB,853.test.csv@1.out,230399,16121,0.06996992174445202,0,0.010198221346446816,0.4328117022614526
data/raw/SVDB/812.test.csv@2.out,SVDB/812.test.csv@2.out,SVDB,812.test.csv@2.out,230399,14554,0.06316867694738258,0,-0.00844120417189311,0.363798359649089
data/raw/SVDB/823.test.csv@1.out,SVDB/823.test.csv@1.out,SVDB,823.test.csv@1.out,230399,32715,0.1419928037882109,0,-0.032327614269159144,0.3220273152975117
data/raw/SVDB/879.test.csv@1.out,SVDB/879.test.csv@1.out,SVDB,879.test.csv@1.out,230399,84110,0.36506234836088697,0,0.011819343833957614,0.4906614330900828
data/raw/SVDB/852.test.csv@2.out,SVDB/852.test.csv@2.out,SVDB,852.test.csv@2.out,230399,34237,0.14859873523756614,0,-0.07994867599251733,0.2058981484930962
data/raw/SVDB/864.test.csv@2.out,SVDB/864.test.csv@2.out,SVDB,864.test.csv@2.out,230399,16102,0.06988745610875047,0,-0.013061905650632161,0.08820440935801535
data/raw/SVDB/864.test.csv@1.out,SVDB/864.test.csv@1.out,SVDB,864.test.csv@1.out,230399,16102,0.06988745610875047,0,-0.015536547467653941,0.1633227830705472
data/raw/SVDB/852.test.csv@1.out,SVDB/852.test.csv@1.out,SVDB,852.test.csv@1.out,230399,34237,0.14859873523756614,0,-0.04601476134879058,0.11457581611769117
data/raw/SVDB/828.test.csv@2.out,SVDB/828.test.csv@2.out,SVDB,828.test.csv@2.out,230399,21487,0.09325995338521434,0,-0.10741346533622112,0.08931112279812259
data/raw/SVDB/854.test.csv@2.out,SVDB/854.test.csv@2.out,SVDB,854.test.csv@2.out,230399,97108,0.42147752377397474,0,0.05193069414363778,0.6556973623721766
data/raw/SVDB/865.test.csv@1.out,SVDB/865.test.csv@1.out,SVDB,865.test.csv@1.out,230399,139336,0.6047595692689638,0,-0.12910835116471858,0.7524514637919043
data/raw/SVDB/857.test.csv@1.out,SVDB/857.test.csv@1.out,SVDB,857.test.csv@1.out,230399,18107,0.07858975082357128,0,-0.0031625354276711274,0.4655344664224189
data/raw/SVDB/857.test.csv@2.out,SVDB/857.test.csv@2.out,SVDB,857.test.csv@2.out,230399,18107,0.07858975082357128,0,0.10019748349602216,0.8458083867116818
data/raw/SVDB/865.test.csv@2.out,SVDB/865.test.csv@2.out,SVDB,865.test.csv@2.out,230399,139336,0.6047595692689638,0,0.019681747750641278,0.5956606859881387
data/raw/SVDB/850.test.csv@1.out,SVDB/850.test.csv@1.out,SVDB,850.test.csv@1.out,230399,782,0.00339411195361091,0,-0.03493229137279241,0.4286394453619705
data/raw/SVDB/850.test.csv@2.out,SVDB/850.test.csv@2.out,SVDB,850.test.csv@2.out,230399,782,0.00339411195361091,0,-0.008381850615671078,0.4259739462230889
data/raw/SVDB/872.test.csv@2.out,SVDB/872.test.csv@2.out,SVDB,872.test.csv@2.out,230399,12809,0.05559485935268816,0,-0.08744193768202121,0.09874660724669677
data/raw/SVDB/872.test.csv@1.out,SVDB/872.test.csv@1.out,SVDB,872.test.csv@1.out,230399,12809,0.05559485935268816,0,-0.04029392488682676,0.21063720168932468
data/raw/SVDB/866.test.csv@2.out,SVDB/866.test.csv@2.out,SVDB,866.test.csv@2.out,230399,58940,0.25581708253942076,0,-0.09401922317371168,0.23606920653549526
data/raw/SVDB/842.test.csv@1.out,SVDB/842.test.csv@1.out,SVDB,842.test.csv@1.out,230399,15074,0.06542563118763536,0,-0.19794970898311195,0.16598620141042328
data/raw/SVDB/821.test.csv@1.out,SVDB/821.test.csv@1.out,SVDB,821.test.csv@1.out,230399,55834,0.24233612125052625,0,-0.046539958940794005,0.11962783201366015
data/raw/SVDB/894.test.csv@2.out,SVDB/894.test.csv@2.out,SVDB,894.test.csv@2.out,230399,17026,0.07389789018181503,0,-0.012136532710645445,0.27570133956789833
data/raw/SVDB/894.test.csv@1.out,SVDB/894.test.csv@1.out,SVDB,894.test.csv@1.out,230399,17026,0.07389789018181503,0,-0.014799717012660646,0.6999104025063332
data/raw/SVDB/842.test.csv@2.out,SVDB/842.test.csv@2.out,SVDB,842.test.csv@2.out,230399,15074,0.06542563118763536,0,0.043352662120929336,0.17768485740257786
data/raw/SVDB/809.test.csv@2.out,SVDB/809.test.csv@2.out,SVDB,809.test.csv@2.out,230399,6469,0.028077378808067745,0,0.0015675198243047899,0.3352676986498709
data/raw/SVDB/809.test.csv@1.out,SVDB/809.test.csv@1.out,SVDB,809.test.csv@1.out,230399,6469,0.028077378808067745,0,0.01785645771031992,0.3498290724089297
data/raw/SVDB/858.test.csv@2.out,SVDB/858.test.csv@2.out,SVDB,858.test.csv@2.out,230399,1211,0.005256099201819452,0,-0.010930190669230339,0.32579434146413366
data/raw/SVDB/858.test.csv@1.out,SVDB/858.test.csv@1.out,SVDB,858.test.csv@1.out,230399,1211,0.005256099201819452,0,-0.02276867521126394,0.34503725841422317
data/raw/SVDB/875.test.csv@1.out,SVDB/875.test.csv@1.out,SVDB,875.test.csv@1.out,230399,14723,0.06390218707546473,0,-0.020448005416690177,0.5536306683823159
data/raw/SVDB/878.test.csv@2.out,SVDB/878.test.csv@2.out,SVDB,878.test.csv@2.out,230399,51187,0.222166762876575,0,-0.009824391598921867,0.35636494147699393
data/raw/SVDB/892.test.csv@2.out,SVDB/892.test.csv@2.out,SVDB,892.test.csv@2.out,230399,104934,0.45544468508977903,0,-0.01045204189254294,0.29391098896124335
data/raw/SVDB/877.test.csv@2.out,SVDB/877.test.csv@2.out,SVDB,877.test.csv@2.out,230399,23754,0.10309940581339329,0,-0.11005475284180921,0.08261679404748344
data/raw/SVDB/883.test.csv@1.out,SVDB/883.test.csv@1.out,SVDB,883.test.csv@1.out,230399,7733,0.03356351373052834,0,0.019198607632845633,0.4490113029618921
data/raw/SVDB/875.test.csv@2.out,SVDB/875.test.csv@2.out,SVDB,875.test.csv@2.out,230399,14723,0.06390218707546473,0,0.031614199714408486,0.6282316390026876
data/raw/SVDB/883.test.csv@2.out,SVDB/883.test.csv@2.out,SVDB,883.test.csv@2.out,230399,7733,0.03356351373052834,0,-0.01547769304554273,0.3419031271476497
data/raw/SVDB/845.test.csv@1.out,SVDB/845.test.csv@1.out,SVDB,845.test.csv@1.out,230399,5190,0.02252613943636908,0,-0.001622793501707906,0.5897236779067901
data/raw/SVDB/808.test.csv@1.out,SVDB/808.test.csv@1.out,SVDB,808.test.csv@1.out,230399,3503,0.015204059045395162,0,-0.08195562914769598,0.5088309600445903
data/raw/SVDB/808.test.csv@2.out,SVDB/808.test.csv@2.out,SVDB,808.test.csv@2.out,230399,3503,0.015204059045395162,0,-0.007534190686591528,0.3750776192290554
data/raw/SVDB/889.test.csv@1.out,SVDB/889.test.csv@1.out,SVDB,889.test.csv@1.out,230399,42007,0.1823228399428817,0,-0.014749261064501147,0.338837945591807
data/raw/SVDB/889.test.csv@2.out,SVDB/889.test.csv@2.out,SVDB,889.test.csv@2.out,230399,42007,0.1823228399428817,0,-0.01596189653600927,0.31326049608290524
data/raw/SVDB/845.test.csv@2.out,SVDB/845.test.csv@2.out,SVDB,845.test.csv@2.out,230399,5190,0.02252613943636908,0,-0.20756832711947537,0.35017016948510554
data/raw/SVDB/870.test.csv@2.out,SVDB/870.test.csv@2.out,SVDB,870.test.csv@2.out,230399,95672,0.41524485783358434,0,-0.012065113129831292,0.2587534556421615
data/raw/SVDB/859.test.csv@2.out,SVDB/859.test.csv@2.out,SVDB,859.test.csv@2.out,230399,40089,0.17399815103364163,0,0.026498313794764736,0.4907342626803153
data/raw/SVDB/859.test.csv@1.out,SVDB/859.test.csv@1.out,SVDB,859.test.csv@1.out,230399,40089,0.17399815103364163,0,0.000550219401993933,0.8045843666669176
data/raw/SVDB/870.test.csv@1.out,SVDB/870.test.csv@1.out,SVDB,870.test.csv@1.out,230399,95672,0.41524485783358434,0,0.020692884951757612,0.5714386481225395
