path,relative_path,domain,file_name,length,anomaly_count,anomaly_ratio,missing_values,value_mean,value_std
data/raw/Daphnet/S09R01E4.test.csv@2.out,Daphnet/S09R01E4.test.csv@2.out,Daphnet,S09R01E4.test.csv@2.out,9599,268,0.0279195749557245,0,1031.0159391603293,235.55042200926476
data/raw/Daphnet/S03R03E4.test.csv@6.out,Daphnet/S03R03E4.test.csv@6.out,Daphnet,S03R03E4.test.csv@6.out,9599,268,0.0279195749557245,0,322.3916032920096,300.65632293718943
data/raw/Daphnet/S09R01E4.test.csv@6.out,Daphnet/S09R01E4.test.csv@6.out,Daphnet,S09R01E4.test.csv@6.out,9599,268,0.0279195749557245,0,322.3916032920096,300.65632293718943
data/raw/Daphnet/S09R01E4.test.csv@1.out,Daphnet/S09R01E4.test.csv@1.out,Daphnet,S09R01E4.test.csv@1.out,9599,268,0.0279195749557245,0,207.86311074070213,356.20309331763866
data/raw/Daphnet/S03R03E4.test.csv@1.out,Daphnet/S03R03E4.test.csv@1.out,Daphnet,S03R03E4.test.csv@1.out,9599,268,0.0279195749557245,0,207.86311074070213,356.20309331763866
data/raw/Daphnet/S09R01E4.test.csv@4.out,Daphnet/S09R01E4.test.csv@4.out,Daphnet,S09R01E4.test.csv@4.out,9599,268,0.0279195749557245,0,-368.9898947807063,329.4218881206549
data/raw/Daphnet/S03R03E4.test.csv@2.out,Daphnet/S03R03E4.test.csv@2.out,Daphnet,S03R03E4.test.csv@2.out,9599,268,0.0279195749557245,0,1031.0159391603293,235.55042200926476
data/raw/Daphnet/S03R03E4.test.csv@4.out,Daphnet/S03R03E4.test.csv@4.out,Daphnet,S03R03E4.test.csv@4.out,9599,268,0.0279195749557245,0,-368.9898947807063,329.4218881206549
data/raw/Daphnet/S09R01E4.test.csv@3.out,Daphnet/S09R01E4.test.csv@3.out,Daphnet,S09R01E4.test.csv@3.out,9599,268,0.0279195749557245,0,137.70163558704033,233.84889665863992
data/raw/Daphnet/S03R03E4.test.csv@3.out,Daphnet/S03R03E4.test.csv@3.out,Daphnet,S03R03E4.test.csv@3.out,9599,268,0.0279195749557245,0,137.70163558704033,233.84889665863992
data/raw/Daphnet/S09R01E0.test.csv@8.out,Daphnet/S09R01E0.test.csv@8.out,Daphnet,S09R01E0.test.csv@8.out,9599,323,0.0336493384727575,0,1015.405250546932,127.31728532065874
data/raw/Daphnet/S09R01E0.test.csv@1.out,Daphnet/S09R01E0.test.csv@1.out,Daphnet,S09R01E0.test.csv@1.out,9599,323,0.0336493384727575,0,167.57089280133349,554.6019992096564
data/raw/Daphnet/S09R01E0.test.csv@4.out,Daphnet/S09R01E0.test.csv@4.out,Daphnet,S09R01E0.test.csv@4.out,9599,323,0.0336493384727575,0,-165.21502239816647,361.7939105838404
data/raw/Daphnet/S09R01E0.test.csv@5.out,Daphnet/S09R01E0.test.csv@5.out,Daphnet,S09R01E0.test.csv@5.out,9599,323,0.0336493384727575,0,971.8399833315972,132.97780767585834
data/raw/Daphnet/S09R01E0.test.csv@7.out,Daphnet/S09R01E0.test.csv@7.out,Daphnet,S09R01E0.test.csv@7.out,9599,323,0.0336493384727575,0,48.92936764246276,95.74229912839054
data/raw/Daphnet/S09R01E0.test.csv@2.out,Daphnet/S09R01E0.test.csv@2.out,Daphnet,S09R01E0.test.csv@2.out,9599,323,0.0336493384727575,0,1122.8731117824773,396.790377153681
data/raw/Daphnet/S09R01E0.test.csv@9.out,Daphnet/S09R01E0.test.csv@9.out,Daphnet,S09R01E0.test.csv@9.out,9599,323,0.0336493384727575,0,49.0809459318679,69.22047283614502
data/raw/Daphnet/S09R01E0.test.csv@6.out,Daphnet/S09R01E0.test.csv@6.out,Daphnet,S09R01E0.test.csv@6.out,9599,323,0.0336493384727575,0,159.5914157724763,225.51093882829983
data/raw/Daphnet/S06R01E2.test.csv@5.out,Daphnet/S06R01E2.test.csv@5.out,Daphnet,S06R01E2.test.csv@5.out,25599,89,0.0034766983085276,0,355.840540646119,642.8803256423663
data/raw/Genesis/genesis-anomalies.test.csv@17.out,Genesis/genesis-anomalies.test.csv@17.out,Genesis,genesis-anomalies.test.csv@17.out,16219,50,0.0030828041186263,0,0.5158764412109255,0.4997632820080008
data/raw/Genesis/genesis-anomalies.test.csv@6.out,Genesis/genesis-anomalies.test.csv@6.out,Genesis,genesis-anomalies.test.csv@6.out,16219,50,0.0030828041186263,0,0.0639373574203095,0.2446488545890643
data/raw/Genesis/genesis-anomalies.test.csv@13.out,Genesis/genesis-anomalies.test.csv@13.out,Genesis,genesis-anomalies.test.csv@13.out,16219,50,0.0030828041186263,0,0.8459214501510574,0.3610351603001077
data/raw/Genesis/genesis-anomalies.test.csv@3.out,Genesis/genesis-anomalies.test.csv@3.out,Genesis,genesis-anomalies.test.csv@3.out,16219,50,0.0030828041186263,0,139.4088414822122,57929.8193541614
data/raw/Genesis/genesis-anomalies.test.csv@1.out,Genesis/genesis-anomalies.test.csv@1.out,Genesis,genesis-anomalies.test.csv@1.out,16219,50,0.0030828041186263,0,-4.714039089956224,397.3059302377404
data/raw/Genesis/genesis-anomalies.test.csv@5.out,Genesis/genesis-anomalies.test.csv@5.out,Genesis,genesis-anomalies.test.csv@5.out,16219,50,0.0030828041186263,0,-1.812010604846168,89.01018501359009
data/raw/IOPS/KPI-a8c06b47-cc41-3738-9110-12df0ee4c721.test.out,IOPS/KPI-a8c06b47-cc41-3738-9110-12df0ee4c721.test.out,IOPS,KPI-a8c06b47-cc41-3738-9110-12df0ee4c721.test.out,7577,127,0.0167612511548106,0,0.0324401091418581,1.007778482191936
data/raw/IOPS/KPI-54350a12-7a9d-3ca8-b81f-f886b9d156fd.test.out,IOPS/KPI-54350a12-7a9d-3ca8-b81f-f886b9d156fd.test.out,IOPS,KPI-54350a12-7a9d-3ca8-b81f-f886b9d156fd.test.out,7615,108,0.0141825344714379,0,-0.0293187493847676,1.1557287731017474
data/raw/IOPS/KPI-c02607e8-7399-3dde-9d28-8a8da5e5d251.test.out,IOPS/KPI-c02607e8-7399-3dde-9d28-8a8da5e5d251.test.out,IOPS,KPI-c02607e8-7399-3dde-9d28-8a8da5e5d251.test.out,8783,61,0.006945235113287,0,0.2034179610827244,0.1083289450767128
data/raw/IOPS/KPI-0efb375b-b902-3661-ab23-9a0bb799f4e3.test.out,IOPS/KPI-0efb375b-b902-3661-ab23-9a0bb799f4e3.test.out,IOPS,KPI-0efb375b-b902-3661-ab23-9a0bb799f4e3.test.out,8783,71,0.0080837982466127,0,0.1993436804464944,0.1060380728456612
data/raw/IOPS/KPI-e0747cad-8dc8-38a9-a9ab-855b61f5551d.train.out,IOPS/KPI-e0747cad-8dc8-38a9-a9ab-855b61f5551d.train.out,IOPS,KPI-e0747cad-8dc8-38a9-a9ab-855b61f5551d.train.out,8783,93,0.0105886371399294,0,-0.0302530948860298,0.9623669785336634
data/raw/IOPS/KPI-301c70d8-1630-35ac-8f96-bc1b6f4359ea.train.out,IOPS/KPI-301c70d8-1630-35ac-8f96-bc1b6f4359ea.train.out,IOPS,KPI-301c70d8-1630-35ac-8f96-bc1b6f4359ea.train.out,8783,114,0.0129796197199134,0,0.1946178877927022,0.103590944446843
data/raw/IOPS/KPI-e0747cad-8dc8-38a9-a9ab-855b61f5551d.test.out,IOPS/KPI-e0747cad-8dc8-38a9-a9ab-855b61f5551d.test.out,IOPS,KPI-e0747cad-8dc8-38a9-a9ab-855b61f5551d.test.out,8783,116,0.0132073323465786,0,0.0300978732309006,1.0355538944153433
data/raw/IOPS/KPI-301c70d8-1630-35ac-8f96-bc1b6f4359ea.test.out,IOPS/KPI-301c70d8-1630-35ac-8f96-bc1b6f4359ea.test.out,IOPS,KPI-301c70d8-1630-35ac-8f96-bc1b6f4359ea.test.out,8783,206,0.0234544005465103,0,0.2012290217155656,0.106463186000175
data/raw/IOPS/KPI-a8c06b47-cc41-3738-9110-12df0ee4c721.train.out,IOPS/KPI-a8c06b47-cc41-3738-9110-12df0ee4c721.train.out,IOPS,KPI-a8c06b47-cc41-3738-9110-12df0ee4c721.train.out,8862,349,0.0393816294290227,0,-0.0277201089053232,0.992685979927878
data/raw/IOPS/KPI-54350a12-7a9d-3ca8-b81f-f886b9d156fd.train.out,IOPS/KPI-54350a12-7a9d-3ca8-b81f-f886b9d156fd.train.out,IOPS,KPI-54350a12-7a9d-3ca8-b81f-f886b9d156fd.train.out,8865,62,0.0069937958262831,0,0.0252307444789008,0.84302906862712
data/raw/IOPS/KPI-ab216663-dcc2-3a24-b1ee-2c3e550e06c9.test.out,IOPS/KPI-ab216663-dcc2-3a24-b1ee-2c3e550e06c9.test.out,IOPS,KPI-ab216663-dcc2-3a24-b1ee-2c3e550e06c9.test.out,10779,187,0.0173485481027924,0,-0.1807131061445518,0.9304272228771472
data/raw/IOPS/KPI-ab216663-dcc2-3a24-b1ee-2c3e550e06c9.train.out,IOPS/KPI-ab216663-dcc2-3a24-b1ee-2c3e550e06c9.train.out,IOPS,KPI-ab216663-dcc2-3a24-b1ee-2c3e550e06c9.train.out,11137,178,0.0159827601688066,0,0.1470928692049701,1.0483084980632118
data/raw/KDD21/054_UCR_Anomaly_DISTORTEDWalkingAceleration5_2700_5920_5979.out,KDD21/054_UCR_Anomaly_DISTORTEDWalkingAceleration5_2700_5920_5979.out,KDD21,054_UCR_Anomaly_DISTORTEDWalkingAceleration5_2700_5920_5979.out,6683,59,0.0088283704922938,0,-2.7330568148308245,1.1976066691483125
data/raw/KDD21/162_UCR_Anomaly_WalkingAceleration5_2700_5920_5979.out,KDD21/162_UCR_Anomaly_WalkingAceleration5_2700_5920_5979.out,KDD21,162_UCR_Anomaly_WalkingAceleration5_2700_5920_5979.out,6683,59,0.0088283704922938,0,-2.729330320682373,1.18578447981744
data/raw/KDD21/053_UCR_Anomaly_DISTORTEDWalkingAceleration1_1500_2764_2995.out,KDD21/053_UCR_Anomaly_DISTORTEDWalkingAceleration1_1500_2764_2995.out,KDD21,053_UCR_Anomaly_DISTORTEDWalkingAceleration1_1500_2764_2995.out,6683,231,0.0345653149783031,0,-2.6888418689618283,1.1515191203582702
data/raw/KDD21/161_UCR_Anomaly_WalkingAceleration1_1500_2764_2995.out,KDD21/161_UCR_Anomaly_WalkingAceleration1_1500_2764_2995.out,KDD21,161_UCR_Anomaly_WalkingAceleration1_1500_2764_2995.out,6683,231,0.0345653149783031,0,-2.7086816657320067,1.137663498063951
data/raw/KDD21/032_UCR_Anomaly_DISTORTEDInternalBleeding4_1000_4675_5033.out,KDD21/032_UCR_Anomaly_DISTORTEDInternalBleeding4_1000_4675_5033.out,KDD21,032_UCR_Anomaly_DISTORTEDInternalBleeding4_1000_4675_5033.out,7320,358,0.0489071038251366,0,63.50567561666666,11.07497507144015
data/raw/KDD21/140_UCR_Anomaly_InternalBleeding4_1000_4675_5033.out,KDD21/140_UCR_Anomaly_InternalBleeding4_1000_4675_5033.out,KDD21,140_UCR_Anomaly_InternalBleeding4_1000_4675_5033.out,7320,358,0.0489071038251366,0,63.51520348224044,10.96548380594209
data/raw/KDD21/033_UCR_Anomaly_DISTORTEDInternalBleeding5_4000_6200_6370.out,KDD21/033_UCR_Anomaly_DISTORTEDInternalBleeding5_4000_6200_6370.out,KDD21,033_UCR_Anomaly_DISTORTEDInternalBleeding5_4000_6200_6370.out,7414,170,0.0229295926625303,0,53.9262917120313,10.005085960725232
data/raw/KDD21/141_UCR_Anomaly_InternalBleeding5_4000_6200_6370.out,KDD21/141_UCR_Anomaly_InternalBleeding5_4000_6200_6370.out,KDD21,141_UCR_Anomaly_InternalBleeding5_4000_6200_6370.out,7414,170,0.0229295926625303,0,53.78218113703804,9.824884378587454
data/raw/KDD21/029_UCR_Anomaly_DISTORTEDInternalBleeding18_2300_4485_4587.out,KDD21/029_UCR_Anomaly_DISTORTEDInternalBleeding18_2300_4485_4587.out,KDD21,029_UCR_Anomaly_DISTORTEDInternalBleeding18_2300_4485_4587.out,7499,102,0.0136018135751433,0,71.52724755194028,13.154571848273632
data/raw/KDD21/137_UCR_Anomaly_InternalBleeding18_2300_4485_4587.out,KDD21/137_UCR_Anomaly_InternalBleeding18_2300_4485_4587.out,KDD21,137_UCR_Anomaly_InternalBleeding18_2300_4485_4587.out,7499,102,0.0136018135751433,0,71.70798797573009,13.10603383852755
data/raw/KDD21/028_UCR_Anomaly_DISTORTEDInternalBleeding17_1600_3198_3309.out,KDD21/028_UCR_Anomaly_DISTORTEDInternalBleeding17_1600_3198_3309.out,KDD21,028_UCR_Anomaly_DISTORTEDInternalBleeding17_1600_3198_3309.out,7499,111,0.0148019735964795,0,71.56832372462995,13.243082117339023
data/raw/KDD21/136_UCR_Anomaly_InternalBleeding17_1600_3198_3309.out,KDD21/136_UCR_Anomaly_InternalBleeding17_1600_3198_3309.out,KDD21,136_UCR_Anomaly_InternalBleeding17_1600_3198_3309.out,7499,111,0.0148019735964795,0,71.70547181624218,13.109619801470314
data/raw/KDD21/031_UCR_Anomaly_DISTORTEDInternalBleeding20_2700_5759_5919.out,KDD21/031_UCR_Anomaly_DISTORTEDInternalBleeding20_2700_5759_5919.out,KDD21,031_UCR_Anomaly_DISTORTEDInternalBleeding20_2700_5759_5919.out,7499,160,0.0213361781570876,0,71.88596045286037,13.029562349419855
data/raw/KDD21/139_UCR_Anomaly_InternalBleeding20_2700_5759_5919.out,KDD21/139_UCR_Anomaly_InternalBleeding20_2700_5759_5919.out,KDD21,139_UCR_Anomaly_InternalBleeding20_2700_5759_5919.out,7499,160,0.0213361781570876,0,71.74961197092945,13.124167306656153
data/raw/KDD21/025_UCR_Anomaly_DISTORTEDInternalBleeding14_2800_5607_5634.out,KDD21/025_UCR_Anomaly_DISTORTEDInternalBleeding14_2800_5607_5634.out,KDD21,025_UCR_Anomaly_DISTORTEDInternalBleeding14_2800_5607_5634.out,7500,27,0.0036,0,84.88185041573334,10.512799423860912
data/raw/KDD21/133_UCR_Anomaly_InternalBleeding14_2800_5607_5634.out,KDD21/133_UCR_Anomaly_InternalBleeding14_2800_5607_5634.out,KDD21,133_UCR_Anomaly_InternalBleeding14_2800_5607_5634.out,7500,27,0.0036,0,84.83349171333334,10.459211151662808
data/raw/KDD21/024_UCR_Anomaly_DISTORTEDInternalBleeding10_3200_4526_4556.out,KDD21/024_UCR_Anomaly_DISTORTEDInternalBleeding10_3200_4526_4556.out,KDD21,024_UCR_Anomaly_DISTORTEDInternalBleeding10_3200_4526_4556.out,7500,30,0.004,0,84.74570535946667,10.555270966323318
data/raw/KDD21/132_UCR_Anomaly_InternalBleeding10_3200_4526_4556.out,KDD21/132_UCR_Anomaly_InternalBleeding10_3200_4526_4556.out,KDD21,132_UCR_Anomaly_InternalBleeding10_3200_4526_4556.out,7500,30,0.004,0,84.79542188,10.417973950896952
data/raw/KDD21/036_UCR_Anomaly_DISTORTEDInternalBleeding9_4200_6599_6681.out,KDD21/036_UCR_Anomaly_DISTORTEDInternalBleeding9_4200_6599_6681.out,KDD21,036_UCR_Anomaly_DISTORTEDInternalBleeding9_4200_6599_6681.out,7500,82,0.0109333333333333,0,75.83320826946667,10.498872124837623
data/raw/KDD21/144_UCR_Anomaly_InternalBleeding9_4200_6599_6681.out,KDD21/144_UCR_Anomaly_InternalBleeding9_4200_6599_6681.out,KDD21,144_UCR_Anomaly_InternalBleeding9_4200_6599_6681.out,7500,82,0.0109333333333333,0,75.77502403466667,10.53642452764228
data/raw/KDD21/035_UCR_Anomaly_DISTORTEDInternalBleeding8_2500_5865_5974.out,KDD21/035_UCR_Anomaly_DISTORTEDInternalBleeding8_2500_5865_5974.out,KDD21,035_UCR_Anomaly_DISTORTEDInternalBleeding8_2500_5865_5974.out,7500,109,0.0145333333333333,0,73.09072090106666,14.61005890942496
data/raw/KDD21/143_UCR_Anomaly_InternalBleeding8_2500_5865_5974.out,KDD21/143_UCR_Anomaly_InternalBleeding8_2500_5865_5974.out,KDD21,143_UCR_Anomaly_InternalBleeding8_2500_5865_5974.out,7500,109,0.0145333333333333,0,73.22445678133334,14.333869129184963
data/raw/KDD21/026_UCR_Anomaly_DISTORTEDInternalBleeding15_1700_5684_5854.out,KDD21/026_UCR_Anomaly_DISTORTEDInternalBleeding15_1700_5684_5854.out,KDD21,026_UCR_Anomaly_DISTORTEDInternalBleeding15_1700_5684_5854.out,7600,170,0.0223684210526315,0,53.90846959039474,10.011198301771891
data/raw/KDD21/134_UCR_Anomaly_InternalBleeding15_1700_5684_5854.out,KDD21/134_UCR_Anomaly_InternalBleeding15_1700_5684_5854.out,KDD21,134_UCR_Anomaly_InternalBleeding15_1700_5684_5854.out,7600,170,0.0223684210526315,0,53.78288502763158,9.815837856297282
data/raw/KDD21/034_UCR_Anomaly_DISTORTEDInternalBleeding6_1500_3474_3629.out,KDD21/034_UCR_Anomaly_DISTORTEDInternalBleeding6_1500_3474_3629.out,KDD21,034_UCR_Anomaly_DISTORTEDInternalBleeding6_1500_3474_3629.out,7653,155,0.0202534953612962,0,61.6063922209591,11.21506290754567
data/raw/KDD21/099_UCR_Anomaly_NOISEInternalBleeding6_1500_3474_3629.out,KDD21/099_UCR_Anomaly_NOISEInternalBleeding6_1500_3474_3629.out,KDD21,099_UCR_Anomaly_NOISEInternalBleeding6_1500_3474_3629.out,7653,155,0.0202534953612962,0,61.57355985757219,11.08325041700673
data/raw/KDD21/142_UCR_Anomaly_InternalBleeding6_1500_3474_3629.out,KDD21/142_UCR_Anomaly_InternalBleeding6_1500_3474_3629.out,KDD21,142_UCR_Anomaly_InternalBleeding6_1500_3474_3629.out,7653,155,0.0202534953612962,0,61.5871082294525,11.051457271899348
data/raw/KDD21/007_UCR_Anomaly_DISTORTEDCIMIS44AirTemperature3_4000_6520_6544.out,KDD21/007_UCR_Anomaly_DISTORTEDCIMIS44AirTemperature3_4000_6520_6544.out,KDD21,007_UCR_Anomaly_DISTORTEDCIMIS44AirTemperature3_4000_6520_6544.out,8183,24,0.0029329096908224,0,15.374607593119883,5.651213847131546
data/raw/KDD21/006_UCR_Anomaly_DISTORTEDCIMIS44AirTemperature2_4000_5703_5727.out,KDD21/006_UCR_Anomaly_DISTORTEDCIMIS44AirTemperature2_4000_5703_5727.out,KDD21,006_UCR_Anomaly_DISTORTEDCIMIS44AirTemperature2_4000_5703_5727.out,8183,24,0.0029329096908224,0,15.2492672754491,5.641539279548827
data/raw/KDD21/114_UCR_Anomaly_CIMIS44AirTemperature2_4000_5703_5727.out,KDD21/114_UCR_Anomaly_CIMIS44AirTemperature2_4000_5703_5727.out,KDD21,114_UCR_Anomaly_CIMIS44AirTemperature2_4000_5703_5727.out,8183,24,0.0029329096908224,0,15.271302802273004,5.599930858534432
data/raw/KDD21/115_UCR_Anomaly_CIMIS44AirTemperature3_4000_6520_6544.out,KDD21/115_UCR_Anomaly_CIMIS44AirTemperature3_4000_6520_6544.out,KDD21,115_UCR_Anomaly_CIMIS44AirTemperature3_4000_6520_6544.out,8183,24,0.0029329096908224,0,15.26106562385433,5.590897308939806
data/raw/KDD21/008_UCR_Anomaly_DISTORTEDCIMIS44AirTemperature4_4000_5549_5597.out,KDD21/008_UCR_Anomaly_DISTORTEDCIMIS44AirTemperature4_4000_5549_5597.out,KDD21,008_UCR_Anomaly_DISTORTEDCIMIS44AirTemperature4_4000_5549_5597.out,8183,48,0.0058658193816448,0,15.162938216937556,5.625457186094172
data/raw/KDD21/010_UCR_Anomaly_DISTORTEDCIMIS44AirTemperature6_4000_6006_6054.out,KDD21/010_UCR_Anomaly_DISTORTEDCIMIS44AirTemperature6_4000_6006_6054.out,KDD21,010_UCR_Anomaly_DISTORTEDCIMIS44AirTemperature6_4000_6006_6054.out,8183,48,0.0058658193816448,0,15.2969787856043,5.591620015961045
data/raw/KDD21/009_UCR_Anomaly_DISTORTEDCIMIS44AirTemperature5_4000_4852_4900.out,KDD21/009_UCR_Anomaly_DISTORTEDCIMIS44AirTemperature5_4000_4852_4900.out,KDD21,009_UCR_Anomaly_DISTORTEDCIMIS44AirTemperature5_4000_4852_4900.out,8183,48,0.0058658193816448,0,15.211656389563728,5.579211151701298
data/raw/KDD21/095_UCR_Anomaly_NOISECIMIS44AirTemperature4_4000_5549_5597.out,KDD21/095_UCR_Anomaly_NOISECIMIS44AirTemperature4_4000_5549_5597.out,KDD21,095_UCR_Anomaly_NOISECIMIS44AirTemperature4_4000_5549_5597.out,8183,48,0.0058658193816448,0,15.25348394789197,5.6068610730942
data/raw/KDD21/117_UCR_Anomaly_CIMIS44AirTemperature5_4000_4852_4900.out,KDD21/117_UCR_Anomaly_CIMIS44AirTemperature5_4000_4852_4900.out,KDD21,117_UCR_Anomaly_CIMIS44AirTemperature5_4000_4852_4900.out,8183,48,0.0058658193816448,0,15.260700121349135,5.599832943454026
data/raw/KDD21/118_UCR_Anomaly_CIMIS44AirTemperature6_4000_6006_6054.out,KDD21/118_UCR_Anomaly_CIMIS44AirTemperature6_4000_6006_6054.out,KDD21,118_UCR_Anomaly_CIMIS44AirTemperature6_4000_6006_6054.out,8183,48,0.0058658193816448,0,15.25432780540144,5.581408330818216
data/raw/KDD21/116_UCR_Anomaly_CIMIS44AirTemperature4_4000_5549_5597.out,KDD21/116_UCR_Anomaly_CIMIS44AirTemperature4_4000_5549_5597.out,KDD21,116_UCR_Anomaly_CIMIS44AirTemperature4_4000_5549_5597.out,8183,48,0.0058658193816448,0,15.25367992034706,5.591127268032011
data/raw/KDD21/066_UCR_Anomaly_DISTORTEDinsectEPG2_3700_8000_8025.out,KDD21/066_UCR_Anomaly_DISTORTEDinsectEPG2_3700_8000_8025.out,KDD21,066_UCR_Anomaly_DISTORTEDinsectEPG2_3700_8000_8025.out,9997,25,0.0025007502250675,0,0.0455126506124737,0.2022605643066392
data/raw/KDD21/174_UCR_Anomaly_insectEPG2_3700_8000_8025.out,KDD21/174_UCR_Anomaly_insectEPG2_3700_8000_8025.out,KDD21,174_UCR_Anomaly_insectEPG2_3700_8000_8025.out,9997,25,0.0025007502250675,0,0.0497191051115334,0.2002622900367471
data/raw/KDD21/068_UCR_Anomaly_DISTORTEDinsectEPG4_1300_6508_6558.out,KDD21/068_UCR_Anomaly_DISTORTEDinsectEPG4_1300_6508_6558.out,KDD21,068_UCR_Anomaly_DISTORTEDinsectEPG4_1300_6508_6558.out,9997,50,0.005001500450135,0,0.0534122053213814,0.2018402202042634
data/raw/KDD21/067_UCR_Anomaly_DISTORTEDinsectEPG3_5200_7000_7050.out,KDD21/067_UCR_Anomaly_DISTORTEDinsectEPG3_5200_7000_7050.out,KDD21,067_UCR_Anomaly_DISTORTEDinsectEPG3_5200_7000_7050.out,9997,50,0.005001500450135,0,0.0509255930589266,0.2024059347253763
data/raw/KDD21/107_UCR_Anomaly_NOISEinsectEPG3_5200_7000_7050.out,KDD21/107_UCR_Anomaly_NOISEinsectEPG3_5200_7000_7050.out,KDD21,107_UCR_Anomaly_NOISEinsectEPG3_5200_7000_7050.out,9997,50,0.005001500450135,0,0.0498849455696038,0.2011450097201518
data/raw/KDD21/176_UCR_Anomaly_insectEPG4_1300_6508_6558.out,KDD21/176_UCR_Anomaly_insectEPG4_1300_6508_6558.out,KDD21,176_UCR_Anomaly_insectEPG4_1300_6508_6558.out,9997,50,0.005001500450135,0,0.0501730295249274,0.2001783478223444
data/raw/KDD21/175_UCR_Anomaly_insectEPG3_5200_7000_7050.out,KDD21/175_UCR_Anomaly_insectEPG3_5200_7000_7050.out,KDD21,175_UCR_Anomaly_insectEPG3_5200_7000_7050.out,9997,50,0.005001500450135,0,0.0500342761417525,0.2003767646032294
data/raw/KDD21/065_UCR_Anomaly_DISTORTEDinsectEPG1_3000_7000_7030.out,KDD21/065_UCR_Anomaly_DISTORTEDinsectEPG1_3000_7000_7030.out,KDD21,065_UCR_Anomaly_DISTORTEDinsectEPG1_3000_7000_7030.out,10000,30,0.003,0,0.0505476858534466,0.2024275596680528
data/raw/KDD21/173_UCR_Anomaly_insectEPG1_3000_7000_7030.out,KDD21/173_UCR_Anomaly_insectEPG1_3000_7000_7030.out,KDD21,173_UCR_Anomaly_insectEPG1_3000_7000_7030.out,10000,30,0.003,0,0.04996455378,0.2003567964976707
data/raw/KDD21/249_UCR_Anomaly_weallwalk_2753_8285_8315.out,KDD21/249_UCR_Anomaly_weallwalk_2753_8285_8315.out,KDD21,249_UCR_Anomaly_weallwalk_2753_8285_8315.out,10523,30,0.0028508980328803,0,-1.1858747765668538,0.3927022913992839
data/raw/KDD21/004_UCR_Anomaly_DISTORTEDBIDMC1_2500_5400_5600.out,KDD21/004_UCR_Anomaly_DISTORTEDBIDMC1_2500_5400_5600.out,KDD21,004_UCR_Anomaly_DISTORTEDBIDMC1_2500_5400_5600.out,10999,200,0.0181834712246567,0,1131.3052125474253,9315.567677318964
data/raw/KDD21/094_UCR_Anomaly_NOISEBIDMC1_2500_5400_5600.out,KDD21/094_UCR_Anomaly_NOISEBIDMC1_2500_5400_5600.out,KDD21,094_UCR_Anomaly_NOISEBIDMC1_2500_5400_5600.out,10999,200,0.0181834712246567,0,986.93602865335,9225.346160970184
data/raw/KDD21/112_UCR_Anomaly_BIDMC1_2500_5400_5600.out,KDD21/112_UCR_Anomaly_BIDMC1_2500_5400_5600.out,KDD21,112_UCR_Anomaly_BIDMC1_2500_5400_5600.out,10999,200,0.0181834712246567,0,990.4004909537232,9201.675678826668
data/raw/KDD21/050_UCR_Anomaly_DISTORTEDTkeepForthMARS_3500_5988_6085.out,KDD21/050_UCR_Anomaly_DISTORTEDTkeepForthMARS_3500_5988_6085.out,KDD21,050_UCR_Anomaly_DISTORTEDTkeepForthMARS_3500_5988_6085.out,11307,97,0.0085787565225081,0,0.5017966818075758,0.5861525238854133
data/raw/KDD21/158_UCR_Anomaly_TkeepForthMARS_3500_5988_6085.out,KDD21/158_UCR_Anomaly_TkeepForthMARS_3500_5988_6085.out,KDD21,158_UCR_Anomaly_TkeepForthMARS_3500_5988_6085.out,11307,97,0.0085787565225081,0,0.509029377919372,0.5826780826311011
data/raw/KDD21/052_UCR_Anomaly_DISTORTEDTkeepThirdMARS_3500_4711_4809.out,KDD21/052_UCR_Anomaly_DISTORTEDTkeepThirdMARS_3500_4711_4809.out,KDD21,052_UCR_Anomaly_DISTORTEDTkeepThirdMARS_3500_4711_4809.out,11307,98,0.0086671973114,0,0.5189255748252648,0.5920103762924694
data/raw/KDD21/103_UCR_Anomaly_NOISETkeepThirdMARS_3500_4711_4809.out,KDD21/103_UCR_Anomaly_NOISETkeepThirdMARS_3500_4711_4809.out,KDD21,103_UCR_Anomaly_NOISETkeepThirdMARS_3500_4711_4809.out,11307,98,0.0086671973114,0,0.5084912708090388,0.5859074132330669
data/raw/KDD21/160_UCR_Anomaly_TkeepThirdMARS_3500_4711_4809.out,KDD21/160_UCR_Anomaly_TkeepThirdMARS_3500_4711_4809.out,KDD21,160_UCR_Anomaly_TkeepThirdMARS_3500_4711_4809.out,11307,98,0.0086671973114,0,0.5087780545891342,0.5824833195038207
data/raw/KDD21/048_UCR_Anomaly_DISTORTEDTkeepFifthMARS_3500_5988_6085.out,KDD21/048_UCR_Anomaly_DISTORTEDTkeepFifthMARS_3500_5988_6085.out,KDD21,048_UCR_Anomaly_DISTORTEDTkeepFifthMARS_3500_5988_6085.out,11333,97,0.0085590752669196,0,0.5017183093417821,0.5903393539183377
data/raw/KDD21/156_UCR_Anomaly_TkeepFifthMARS_3500_5988_6085.out,KDD21/156_UCR_Anomaly_TkeepFifthMARS_3500_5988_6085.out,KDD21,156_UCR_Anomaly_TkeepFifthMARS_3500_5988_6085.out,11333,97,0.0085590752669196,0,0.5087574120887267,0.5825829264844188
data/raw/KDD21/019_UCR_Anomaly_DISTORTEDGP711MarkerLFM5z1_5000_6168_6212.out,KDD21/019_UCR_Anomaly_DISTORTEDGP711MarkerLFM5z1_5000_6168_6212.out,KDD21,019_UCR_Anomaly_DISTORTEDGP711MarkerLFM5z1_5000_6168_6212.out,11999,44,0.0036669722476873,0,0.0612145991500125,0.0289905726252748
data/raw/KDD21/127_UCR_Anomaly_GP711MarkerLFM5z1_5000_6168_6212.out,KDD21/127_UCR_Anomaly_GP711MarkerLFM5z1_5000_6168_6212.out,KDD21,127_UCR_Anomaly_GP711MarkerLFM5z1_5000_6168_6212.out,11999,44,0.0036669722476873,0,0.0611226767230602,0.0285855850727188
data/raw/KDD21/021_UCR_Anomaly_DISTORTEDGP711MarkerLFM5z3_5000_5948_5993.out,KDD21/021_UCR_Anomaly_DISTORTEDGP711MarkerLFM5z3_5000_5948_5993.out,KDD21,021_UCR_Anomaly_DISTORTEDGP711MarkerLFM5z3_5000_5948_5993.out,11999,45,0.0037503125260438,0,0.061385071944412,0.0290336140874567
data/raw/KDD21/097_UCR_Anomaly_NOISEGP711MarkerLFM5z3_5000_5948_5993.out,KDD21/097_UCR_Anomaly_NOISEGP711MarkerLFM5z3_5000_5948_5993.out,KDD21,097_UCR_Anomaly_NOISEGP711MarkerLFM5z3_5000_5948_5993.out,11999,45,0.0037503125260438,0,0.0612857379294941,0.0288632369031153
data/raw/KDD21/129_UCR_Anomaly_GP711MarkerLFM5z3_5000_5948_5993.out,KDD21/129_UCR_Anomaly_GP711MarkerLFM5z3_5000_5948_5993.out,KDD21,129_UCR_Anomaly_GP711MarkerLFM5z3_5000_5948_5993.out,11999,45,0.0037503125260438,0,0.0612803642938578,0.0286685054199191
data/raw/KDD21/023_UCR_Anomaly_DISTORTEDGP711MarkerLFM5z5_5000_8612_8716.out,KDD21/023_UCR_Anomaly_DISTORTEDGP711MarkerLFM5z5_5000_8612_8716.out,KDD21,023_UCR_Anomaly_DISTORTEDGP711MarkerLFM5z5_5000_8612_8716.out,11999,104,0.008667388949079,0,0.0611123047667305,0.0292700339829449
data/raw/KDD21/131_UCR_Anomaly_GP711MarkerLFM5z5_5000_8612_8716.out,KDD21/131_UCR_Anomaly_GP711MarkerLFM5z5_5000_8612_8716.out,KDD21,131_UCR_Anomaly_GP711MarkerLFM5z5_5000_8612_8716.out,11999,104,0.008667388949079,0,0.0615916133011084,0.0287195981049879
data/raw/KDD21/022_UCR_Anomaly_DISTORTEDGP711MarkerLFM5z4_4000_6527_6645.out,KDD21/022_UCR_Anomaly_DISTORTEDGP711MarkerLFM5z4_4000_6527_6645.out,KDD21,022_UCR_Anomaly_DISTORTEDGP711MarkerLFM5z4_4000_6527_6645.out,11999,118,0.0098341528460705,0,0.0610281897424785,0.0291225295069815
data/raw/KDD21/130_UCR_Anomaly_GP711MarkerLFM5z4_4000_6527_6645.out,KDD21/130_UCR_Anomaly_GP711MarkerLFM5z4_4000_6527_6645.out,KDD21,130_UCR_Anomaly_GP711MarkerLFM5z4_4000_6527_6645.out,11999,118,0.0098341528460705,0,0.0611871507625635,0.0285824012289152
data/raw/KDD21/020_UCR_Anomaly_DISTORTEDGP711MarkerLFM5z2_5000_7175_7388.out,KDD21/020_UCR_Anomaly_DISTORTEDGP711MarkerLFM5z2_5000_7175_7388.out,KDD21,020_UCR_Anomaly_DISTORTEDGP711MarkerLFM5z2_5000_7175_7388.out,11999,213,0.0177514792899408,0,0.0610812415542961,0.0287712242009201
data/raw/KDD21/128_UCR_Anomaly_GP711MarkerLFM5z2_5000_7175_7388.out,KDD21/128_UCR_Anomaly_GP711MarkerLFM5z2_5000_7175_7388.out,KDD21,128_UCR_Anomaly_GP711MarkerLFM5z2_5000_7175_7388.out,11999,213,0.0177514792899408,0,0.0611871507625635,0.0285824012289152
data/raw/KDD21/043_UCR_Anomaly_DISTORTEDMesoplodonDensirostris_10000_19280_19440.out,KDD21/043_UCR_Anomaly_DISTORTEDMesoplodonDensirostris_10000_19280_19440.out,KDD21,043_UCR_Anomaly_DISTORTEDMesoplodonDensirostris_10000_19280_19440.out,24666,160,0.0064866618016703,0,8.82503440426498,0.6823538310908092
data/raw/KDD21/102_UCR_Anomaly_NOISEMesoplodonDensirostris_10000_19280_19440.out,KDD21/102_UCR_Anomaly_NOISEMesoplodonDensirostris_10000_19280_19440.out,KDD21,102_UCR_Anomaly_NOISEMesoplodonDensirostris_10000_19280_19440.out,24666,160,0.0064866618016703,0,8.81928948523879,0.6803224420895624
data/raw/KDD21/151_UCR_Anomaly_MesoplodonDensirostris_10000_19280_19440.out,KDD21/151_UCR_Anomaly_MesoplodonDensirostris_10000_19280_19440.out,KDD21,151_UCR_Anomaly_MesoplodonDensirostris_10000_19280_19440.out,24666,160,0.0064866618016703,0,8.819741037330738,0.6768222946077975
data/raw/KDD21/041_UCR_Anomaly_DISTORTEDLab2Cmac011215EPG5_7000_17390_17520.out,KDD21/041_UCR_Anomaly_DISTORTEDLab2Cmac011215EPG5_7000_17390_17520.out,KDD21,041_UCR_Anomaly_DISTORTEDLab2Cmac011215EPG5_7000_17390_17520.out,29825,130,0.0043587594300083,0,0.2256715694450964,0.0232178589389705
data/raw/KDD21/149_UCR_Anomaly_Lab2Cmac011215EPG5_7000_17390_17520.out,KDD21/149_UCR_Anomaly_Lab2Cmac011215EPG5_7000_17390_17520.out,KDD21,149_UCR_Anomaly_Lab2Cmac011215EPG5_7000_17390_17520.out,29825,130,0.0043587594300083,0,0.2258479517163453,0.0230675311851786
data/raw/KDD21/042_UCR_Anomaly_DISTORTEDLab2Cmac011215EPG6_7000_12190_12420.out,KDD21/042_UCR_Anomaly_DISTORTEDLab2Cmac011215EPG6_7000_12190_12420.out,KDD21,042_UCR_Anomaly_DISTORTEDLab2Cmac011215EPG6_7000_12190_12420.out,29858,230,0.007703128139862,0,0.2258565419653024,0.0231496685994419
data/raw/KDD21/150_UCR_Anomaly_Lab2Cmac011215EPG6_7000_12190_12420.out,KDD21/150_UCR_Anomaly_Lab2Cmac011215EPG6_7000_12190_12420.out,KDD21,150_UCR_Anomaly_Lab2Cmac011215EPG6_7000_12190_12420.out,29858,230,0.007703128139862,0,0.2259154012710162,0.022974039462147
data/raw/KDD21/047_UCR_Anomaly_DISTORTEDPowerDemand4_18000_24005_24077.out,KDD21/047_UCR_Anomaly_DISTORTEDPowerDemand4_18000_24005_24077.out,KDD21,047_UCR_Anomaly_DISTORTEDPowerDemand4_18000_24005_24077.out,29930,72,0.0024056130972268,0,179.5546506345473,46.40027176317474
data/raw/KDD21/046_UCR_Anomaly_DISTORTEDPowerDemand3_16000_23405_23477.out,KDD21/046_UCR_Anomaly_DISTORTEDPowerDemand3_16000_23405_23477.out,KDD21,046_UCR_Anomaly_DISTORTEDPowerDemand3_16000_23405_23477.out,29930,72,0.0024056130972268,0,179.3328286625125,46.61802747715029
data/raw/KDD21/155_UCR_Anomaly_PowerDemand4_18000_24005_24077.out,KDD21/155_UCR_Anomaly_PowerDemand4_18000_24005_24077.out,KDD21,155_UCR_Anomaly_PowerDemand4_18000_24005_24077.out,29930,72,0.0024056130972268,0,179.5264576511861,45.9629086693595
data/raw/KDD21/154_UCR_Anomaly_PowerDemand3_16000_23405_23477.out,KDD21/154_UCR_Anomaly_PowerDemand3_16000_23405_23477.out,KDD21,154_UCR_Anomaly_PowerDemand3_16000_23405_23477.out,29930,72,0.0024056130972268,0,179.43583397594384,45.94724683553162
data/raw/KDD21/044_UCR_Anomaly_DISTORTEDPowerDemand1_9000_18485_18821.out,KDD21/044_UCR_Anomaly_DISTORTEDPowerDemand1_9000_18485_18821.out,KDD21,044_UCR_Anomaly_DISTORTEDPowerDemand1_9000_18485_18821.out,29930,336,0.0112261944537253,0,179.6907706195456,46.15072154318322
data/raw/KDD21/152_UCR_Anomaly_PowerDemand1_9000_18485_18821.out,KDD21/152_UCR_Anomaly_PowerDemand1_9000_18485_18821.out,KDD21,152_UCR_Anomaly_PowerDemand1_9000_18485_18821.out,29930,336,0.0112261944537253,0,179.4797778349482,45.751830242895785
data/raw/KDD21/045_UCR_Anomaly_DISTORTEDPowerDemand2_14000_23357_23717.out,KDD21/045_UCR_Anomaly_DISTORTEDPowerDemand2_14000_23357_23717.out,KDD21,045_UCR_Anomaly_DISTORTEDPowerDemand2_14000_23357_23717.out,29930,360,0.0120280654861343,0,179.1073304543936,46.42170989908039
data/raw/KDD21/153_UCR_Anomaly_PowerDemand2_14000_23357_23717.out,KDD21/153_UCR_Anomaly_PowerDemand2_14000_23357_23717.out,KDD21,153_UCR_Anomaly_PowerDemand2_14000_23357_23717.out,29930,360,0.0120280654861343,0,179.38837736384895,45.906509759034826
data/raw/KDD21/038_UCR_Anomaly_DISTORTEDLab2Cmac011215EPG2_5000_27862_27932.out,KDD21/038_UCR_Anomaly_DISTORTEDLab2Cmac011215EPG2_5000_27862_27932.out,KDD21,038_UCR_Anomaly_DISTORTEDLab2Cmac011215EPG2_5000_27862_27932.out,29949,70,0.0023373067548165,0,0.2258803393231827,0.0233203704639668
data/raw/KDD21/146_UCR_Anomaly_Lab2Cmac011215EPG2_5000_27862_27932.out,KDD21/146_UCR_Anomaly_Lab2Cmac011215EPG2_5000_27862_27932.out,KDD21,146_UCR_Anomaly_Lab2Cmac011215EPG2_5000_27862_27932.out,29949,70,0.0023373067548165,0,0.2258993872917293,0.0230810397702628
data/raw/KDD21/012_UCR_Anomaly_DISTORTEDECG2_15000_16000_16100.out,KDD21/012_UCR_Anomaly_DISTORTEDECG2_15000_16000_16100.out,KDD21,012_UCR_Anomaly_DISTORTEDECG2_15000_16000_16100.out,29999,100,0.0033334444481482,0,0.5286227833962155,13.62976780814842
data/raw/KDD21/018_UCR_Anomaly_DISTORTEDECG4_8000_17000_17100.out,KDD21/018_UCR_Anomaly_DISTORTEDECG4_8000_17000_17100.out,KDD21,018_UCR_Anomaly_DISTORTEDECG4_8000_17000_17100.out,29999,100,0.0033334444481482,0,0.2458803053933514,30.61774433182628
data/raw/KDD21/013_UCR_Anomaly_DISTORTEDECG3_15000_16000_16100.out,KDD21/013_UCR_Anomaly_DISTORTEDECG3_15000_16000_16100.out,KDD21,013_UCR_Anomaly_DISTORTEDECG3_15000_16000_16100.out,29999,100,0.0033334444481482,0,0.3917621801091225,30.696873728535405
data/raw/KDD21/014_UCR_Anomaly_DISTORTEDECG3_8000_17000_17100.out,KDD21/014_UCR_Anomaly_DISTORTEDECG3_8000_17000_17100.out,KDD21,014_UCR_Anomaly_DISTORTEDECG3_8000_17000_17100.out,29999,100,0.0033334444481482,0,0.1357667410021937,30.60054305387191
data/raw/KDD21/017_UCR_Anomaly_DISTORTEDECG4_5000_17000_17100.out,KDD21/017_UCR_Anomaly_DISTORTEDECG4_5000_17000_17100.out,KDD21,017_UCR_Anomaly_DISTORTEDECG4_5000_17000_17100.out,29999,100,0.0033334444481482,0,0.1271979985737384,30.77673598170957
data/raw/KDD21/121_UCR_Anomaly_ECG3_15000_16000_16100.out,KDD21/121_UCR_Anomaly_ECG3_15000_16000_16100.out,KDD21,121_UCR_Anomaly_ECG3_15000_16000_16100.out,29999,100,0.0033334444481482,0,0.3455448514950498,30.38593243144252
data/raw/KDD21/126_UCR_Anomaly_ECG4_8000_17000_17100.out,KDD21/126_UCR_Anomaly_ECG4_8000_17000_17100.out,KDD21,126_UCR_Anomaly_ECG4_8000_17000_17100.out,29999,100,0.0033334444481482,0,0.3465448848294943,30.385033497813826
data/raw/KDD21/122_UCR_Anomaly_ECG3_8000_17000_17100.out,KDD21/122_UCR_Anomaly_ECG3_8000_17000_17100.out,KDD21,122_UCR_Anomaly_ECG3_8000_17000_17100.out,29999,100,0.0033334444481482,0,0.3370779025967532,30.385139998423718
data/raw/KDD21/125_UCR_Anomaly_ECG4_5000_17000_17100.out,KDD21/125_UCR_Anomaly_ECG4_5000_17000_17100.out,KDD21,125_UCR_Anomaly_ECG4_5000_17000_17100.out,29999,100,0.0033334444481482,0,0.3381112703756792,30.457335644020866
data/raw/KDD21/120_UCR_Anomaly_ECG2_15000_16000_16100.out,KDD21/120_UCR_Anomaly_ECG2_15000_16000_16100.out,KDD21,120_UCR_Anomaly_ECG2_15000_16000_16100.out,29999,100,0.0033334444481482,0,0.5447181572719091,13.488804810289537
data/raw/KDD21/016_UCR_Anomaly_DISTORTEDECG4_5000_16900_17100.out,KDD21/016_UCR_Anomaly_DISTORTEDECG4_5000_16900_17100.out,KDD21,016_UCR_Anomaly_DISTORTEDECG4_5000_16900_17100.out,29999,200,0.0066668888962965,0,0.364725379331371,30.829921038903848
data/raw/KDD21/096_UCR_Anomaly_NOISEECG4_5000_16900_17100.out,KDD21/096_UCR_Anomaly_NOISEECG4_5000_16900_17100.out,KDD21,096_UCR_Anomaly_NOISEECG4_5000_16900_17100.out,29999,200,0.0066668888962965,0,0.3422887749643618,30.62039972174432
data/raw/KDD21/124_UCR_Anomaly_ECG4_5000_16900_17100.out,KDD21/124_UCR_Anomaly_ECG4_5000_16900_17100.out,KDD21,124_UCR_Anomaly_ECG4_5000_16900_17100.out,29999,200,0.0066668888962965,0,0.3581119370645688,30.457107038256066
data/raw/KDD21/011_UCR_Anomaly_DISTORTEDECG1_10000_11800_12100.out,KDD21/011_UCR_Anomaly_DISTORTEDECG1_10000_11800_12100.out,KDD21,011_UCR_Anomaly_DISTORTEDECG1_10000_11800_12100.out,29999,300,0.0100003333444448,0,0.5457457016858598,13.692999094406607
data/raw/KDD21/119_UCR_Anomaly_ECG1_10000_11800_12100.out,KDD21/119_UCR_Anomaly_ECG1_10000_11800_12100.out,KDD21,119_UCR_Anomaly_ECG1_10000_11800_12100.out,29999,300,0.0100003333444448,0,0.5510850361678723,13.559581098078112
data/raw/KDD21/075_UCR_Anomaly_DISTORTEDqtdbSel100MLII_4000_13400_13800.out,KDD21/075_UCR_Anomaly_DISTORTEDqtdbSel100MLII_4000_13400_13800.out,KDD21,075_UCR_Anomaly_DISTORTEDqtdbSel100MLII_4000_13400_13800.out,29999,400,0.013333777792593,0,-62.26574752666389,36.81412145874373
data/raw/KDD21/183_UCR_Anomaly_qtdbSel100MLII_4000_13400_13800.out,KDD21/183_UCR_Anomaly_qtdbSel100MLII_4000_13400_13800.out,KDD21,183_UCR_Anomaly_qtdbSel100MLII_4000_13400_13800.out,29999,400,0.013333777792593,0,-62.49944998166605,36.53575028335136
data/raw/KDD21/040_UCR_Anomaly_DISTORTEDLab2Cmac011215EPG4_6000_17390_17520.out,KDD21/040_UCR_Anomaly_DISTORTEDLab2Cmac011215EPG4_6000_17390_17520.out,KDD21,040_UCR_Anomaly_DISTORTEDLab2Cmac011215EPG4_6000_17390_17520.out,30065,130,0.0043239647430567,0,0.2260526746416098,0.0232894242506096
data/raw/KDD21/101_UCR_Anomaly_NOISELab2Cmac011215EPG4_6000_17390_17520.out,KDD21/101_UCR_Anomaly_NOISELab2Cmac011215EPG4_6000_17390_17520.out,KDD21,101_UCR_Anomaly_NOISELab2Cmac011215EPG4_6000_17390_17520.out,30065,130,0.0043239647430567,0,0.225916109858307,0.0231682244545879
data/raw/KDD21/148_UCR_Anomaly_Lab2Cmac011215EPG4_6000_17390_17520.out,KDD21/148_UCR_Anomaly_Lab2Cmac011215EPG4_6000_17390_17520.out,KDD21,148_UCR_Anomaly_Lab2Cmac011215EPG4_6000_17390_17520.out,30065,130,0.0043239647430567,0,0.2259223030108099,0.0230517653466008
data/raw/KDD21/074_UCR_Anomaly_DISTORTEDqtdbSel1005V_4000_12400_12800.out,KDD21/074_UCR_Anomaly_DISTORTEDqtdbSel1005V_4000_12400_12800.out,KDD21,074_UCR_Anomaly_DISTORTEDqtdbSel1005V_4000_12400_12800.out,36000,400,0.0111111111111111,0,-43.76812471892242,25.214839004620146
data/raw/KDD21/182_UCR_Anomaly_qtdbSel1005V_4000_12400_12800.out,KDD21/182_UCR_Anomaly_qtdbSel1005V_4000_12400_12800.out,KDD21,182_UCR_Anomaly_qtdbSel1005V_4000_12400_12800.out,36000,400,0.0111111111111111,0,-43.717666666666666,24.920802003755146
data/raw/KDD21/057_UCR_Anomaly_DISTORTEDapneaecg4_6000_16000_16100.out,KDD21/057_UCR_Anomaly_DISTORTEDapneaecg4_6000_16000_16100.out,KDD21,057_UCR_Anomaly_DISTORTEDapneaecg4_6000_16000_16100.out,38268,100,0.0026131493676178,0,-0.8224961250032267,75.39595775327749
data/raw/KDD21/104_UCR_Anomaly_NOISEapneaecg4_6000_16000_16100.out,KDD21/104_UCR_Anomaly_NOISEapneaecg4_6000_16000_16100.out,KDD21,104_UCR_Anomaly_NOISEapneaecg4_6000_16000_16100.out,38268,100,0.0026131493676178,0,-1.5774387063840667,75.01940758209986
data/raw/KDD21/165_UCR_Anomaly_apneaecg4_6000_16000_16100.out,KDD21/165_UCR_Anomaly_apneaecg4_6000_16000_16100.out,KDD21,165_UCR_Anomaly_apneaecg4_6000_16000_16100.out,38268,100,0.0026131493676178,0,-1.5828076210567577,74.65891103273611
data/raw/KDD21/056_UCR_Anomaly_DISTORTEDapneaecg3_5000_11111_11211.out,KDD21/056_UCR_Anomaly_DISTORTEDapneaecg3_5000_11111_11211.out,KDD21,056_UCR_Anomaly_DISTORTEDapneaecg3_5000_11111_11211.out,38378,100,0.0026056594924175,0,-1.9480931998861128,75.24241681264921
data/raw/KDD21/164_UCR_Anomaly_apneaecg3_5000_11111_11211.out,KDD21/164_UCR_Anomaly_apneaecg3_5000_11111_11211.out,KDD21,164_UCR_Anomaly_apneaecg3_5000_11111_11211.out,38378,100,0.0026056594924175,0,-1.6062559215660794,74.61548844666821
data/raw/KDD21/055_UCR_Anomaly_DISTORTEDapneaecg2_10000_20950_21100.out,KDD21/055_UCR_Anomaly_DISTORTEDapneaecg2_10000_20950_21100.out,KDD21,055_UCR_Anomaly_DISTORTEDapneaecg2_10000_20950_21100.out,38500,150,0.0038961038961038,0,-1.3325063837909743,75.27394859401407
data/raw/KDD21/163_UCR_Anomaly_apneaecg2_10000_20950_21100.out,KDD21/163_UCR_Anomaly_apneaecg2_10000_20950_21100.out,KDD21,163_UCR_Anomaly_apneaecg2_10000_20950_21100.out,38500,150,0.0038961038961038,0,-1.521402597402597,74.60125842605987
data/raw/KDD21/205_UCR_Anomaly_CHARISfive_9812_28995_29085.out,KDD21/205_UCR_Anomaly_CHARISfive_9812_28995_29085.out,KDD21,205_UCR_Anomaly_CHARISfive_9812_28995_29085.out,39869,90,0.0022573929619503,0,1566.5436178860768,165.7560241156847
data/raw/KDD21/084_UCR_Anomaly_DISTORTEDs20101mML2_12000_35774_35874.out,KDD21/084_UCR_Anomaly_DISTORTEDs20101mML2_12000_35774_35874.out,KDD21,084_UCR_Anomaly_DISTORTEDs20101mML2_12000_35774_35874.out,39999,100,0.0025000625015625,0,-5.899544898793293,47.0696801812664
data/raw/KDD21/085_UCR_Anomaly_DISTORTEDs20101m_10000_35774_35874.out,KDD21/085_UCR_Anomaly_DISTORTEDs20101m_10000_35774_35874.out,KDD21,085_UCR_Anomaly_DISTORTEDs20101m_10000_35774_35874.out,39999,100,0.0025000625015625,0,-13.992116481324242,40.593364896514935
data/raw/KDD21/193_UCR_Anomaly_s20101m_10000_35774_35874.out,KDD21/193_UCR_Anomaly_s20101m_10000_35774_35874.out,KDD21,193_UCR_Anomaly_s20101m_10000_35774_35874.out,39999,100,0.0025000625015625,0,-14.139778494462362,40.25648353600099
data/raw/KDD21/192_UCR_Anomaly_s20101mML2_12000_35774_35874.out,KDD21/192_UCR_Anomaly_s20101mML2_12000_35774_35874.out,KDD21,192_UCR_Anomaly_s20101mML2_12000_35774_35874.out,39999,100,0.0025000625015625,0,-6.311032775819395,46.63780859228105
data/raw/NASA-MSL/P-10.test.out,NASA-MSL/P-10.test.out,NASA-MSL,P-10.test.out,6099,131,0.0214789309722905,0,0.5949704366169414,0.7158316168241297
data/raw/NASA-MSL/P-14.test.out,NASA-MSL/P-14.test.out,NASA-MSL,P-14.test.out,6099,181,0.0296769962288899,0,0.5949704366169414,0.7158316168241297
data/raw/NASA-SMAP/R-1.test.out,NASA-SMAP/R-1.test.out,NASA-SMAP,R-1.test.out,7243,81,0.0111832113765014,0,0.999723871324037,0.0235001564234358
data/raw/NASA-SMAP/G-2.test.out,NASA-SMAP/G-2.test.out,NASA-SMAP,G-2.test.out,7360,41,0.005570652173913,0,-0.9997282608695652,0.0233126202060083
data/raw/NASA-SMAP/D-11.test.out,NASA-SMAP/D-11.test.out,NASA-SMAP,D-11.test.out,7430,61,0.0082099596231493,0,-0.1222733819744515,0.8652458180884289
data/raw/NASA-SMAP/D-5.test.out,NASA-SMAP/D-5.test.out,NASA-SMAP,D-5.test.out,7627,51,0.0066867706830995,0,-0.996812854461814,0.0457700727736856
data/raw/NASA-SMAP/G-4.test.out,NASA-SMAP/G-4.test.out,NASA-SMAP,G-4.test.out,7631,31,0.0040623771458524,0,0.9943939195387236,0.0334471510086935
data/raw/NASA-SMAP/D-13.test.out,NASA-SMAP/D-13.test.out,NASA-SMAP,D-13.test.out,7662,161,0.0210127903941529,0,-0.3406421299921691,0.9340911665167446
data/raw/NASA-SMAP/D-8.test.out,NASA-SMAP/D-8.test.out,NASA-SMAP,D-8.test.out,7873,51,0.0064778356407976,0,-0.9997459672297726,0.0225403092360067
data/raw/NASA-SMAP/D-6.test.out,NASA-SMAP/D-6.test.out,NASA-SMAP,D-6.test.out,7883,81,0.0102752759101864,0,-0.99688361612909,0.0389967018378947
data/raw/NASA-SMAP/G-3.test.out,NASA-SMAP/G-3.test.out,NASA-SMAP,G-3.test.out,7906,51,0.0064507968631419,0,0.9996964330887934,0.0229381133669295
data/raw/NASA-SMAP/A-2.test.out,NASA-SMAP/A-2.test.out,NASA-SMAP,A-2.test.out,7913,111,0.0140275496019208,0,-0.0708151498536197,0.4950149858565785
data/raw/NASA-SMAP/G-7.test.out,NASA-SMAP/G-7.test.out,NASA-SMAP,G-7.test.out,8028,268,0.033383158943697,0,0.9761335326357748,0.1739719791073052
data/raw/NASA-SMAP/B-1.test.out,NASA-SMAP/B-1.test.out,NASA-SMAP,B-1.test.out,8043,71,0.0088275519084918,0,-0.2622155911973144,0.9650693141787804
data/raw/NASA-SMAP/A-4.test.out,NASA-SMAP/A-4.test.out,NASA-SMAP,A-4.test.out,8079,111,0.0137393241737838,0,0.1060873203231018,0.3172756695486312
data/raw/NASA-SMAP/A-3.test.out,NASA-SMAP/A-3.test.out,NASA-SMAP,A-3.test.out,8204,186,0.0226718673817649,0,-0.0007535255000133,0.4309077816887108
data/raw/NASA-SMAP/E-5.test.out,NASA-SMAP/E-5.test.out,NASA-SMAP,E-5.test.out,8293,321,0.0387073435427468,0,-0.7980224285542024,0.4021000659987997
data/raw/NASA-SMAP/E-6.test.out,NASA-SMAP/E-6.test.out,NASA-SMAP,E-6.test.out,8299,66,0.0079527653934208,0,0.990114452266228,0.0757823930081261
data/raw/NASA-SMAP/E-9.test.out,NASA-SMAP/E-9.test.out,NASA-SMAP,E-9.test.out,8301,351,0.0422840621611854,0,-0.2576761379192694,0.2622086594147481
data/raw/NASA-SMAP/E-7.test.out,NASA-SMAP/E-7.test.out,NASA-SMAP,E-7.test.out,8309,281,0.0338187507521964,0,-0.9645364464235568,0.1042544778358079
data/raw/NASA-SMAP/F-3.test.out,NASA-SMAP/F-3.test.out,NASA-SMAP,F-3.test.out,8375,41,0.0048955223880597,0,-0.0103013967871213,0.5833713318798425
data/raw/NASA-SMAP/G-1.test.out,NASA-SMAP/G-1.test.out,NASA-SMAP,G-1.test.out,8468,121,0.014289088332546,0,0.0843895526010028,0.5001229741145214
data/raw/NASA-SMAP/E-10.test.out,NASA-SMAP/E-10.test.out,NASA-SMAP,E-10.test.out,8504,322,0.0378645343367826,0,-0.5558840621698207,0.8302867947914941
data/raw/NASA-SMAP/E-11.test.out,NASA-SMAP/E-11.test.out,NASA-SMAP,E-11.test.out,8513,295,0.0346528838247386,0,-0.5597898664500708,0.8238343759580861
data/raw/NASA-SMAP/T-3.test.out,NASA-SMAP/T-3.test.out,NASA-SMAP,T-3.test.out,8578,184,0.0214502214968524,0,0.9797720944269608,0.0330012999629363
data/raw/NASA-SMAP/F-1.test.out,NASA-SMAP/F-1.test.out,NASA-SMAP,F-1.test.out,8583,101,0.011767447279506,0,-0.2275538973786989,0.2135176898055709
data/raw/NASA-SMAP/A-1.test.out,NASA-SMAP/A-1.test.out,NASA-SMAP,A-1.test.out,8639,85,0.0098391017478874,0,0.9997684917235792,0.0215178194258119
data/raw/NASA-SMAP/G-6.test.out,NASA-SMAP/G-6.test.out,NASA-SMAP,G-6.test.out,8639,101,0.0116911679592545,0,0.1911275833084715,0.7803877094229819
data/raw/NASA-SMAP/E-13.test.out,NASA-SMAP/E-13.test.out,NASA-SMAP,E-13.test.out,8639,264,0.0305590924875564,0,-0.6032967160306398,0.5699602088920402
data/raw/OPPORTUNITY/S4-ADL4.test.csv@108.out,OPPORTUNITY/S4-ADL4.test.csv@108.out,OPPORTUNITY,S4-ADL4.test.csv@108.out,22229,788,0.0354491879976607,0,84.00292410814701,392.45334864467776
data/raw/OPPORTUNITY/S4-ADL4.test.csv@118.out,OPPORTUNITY/S4-ADL4.test.csv@118.out,OPPORTUNITY,S4-ADL4.test.csv@118.out,22229,788,0.0354491879976607,0,41.37428584281794,90.57488000030942
data/raw/OPPORTUNITY/S4-ADL4.test.csv@104.out,OPPORTUNITY/S4-ADL4.test.csv@104.out,OPPORTUNITY,S4-ADL4.test.csv@104.out,22229,788,0.0354491879976607,0,-119.8872193980836,117.1050386543428
data/raw/OPPORTUNITY/S4-ADL4.test.csv@120.out,OPPORTUNITY/S4-ADL4.test.csv@120.out,OPPORTUNITY,S4-ADL4.test.csv@120.out,22229,788,0.0354491879976607,0,-128.86998965315578,86.162312217711
data/raw/OPPORTUNITY/S4-ADL4.test.csv@124.out,OPPORTUNITY/S4-ADL4.test.csv@124.out,OPPORTUNITY,S4-ADL4.test.csv@124.out,22229,788,0.0354491879976607,0,249.94997525754644,439.8738771733559
data/raw/OPPORTUNITY/S4-ADL4.test.csv@133.out,OPPORTUNITY/S4-ADL4.test.csv@133.out,OPPORTUNITY,S4-ADL4.test.csv@133.out,22229,788,0.0354491879976607,0,-25.92419811957353,49.42691242842962
data/raw/OPPORTUNITY/S4-ADL3.test.csv@108.out,OPPORTUNITY/S4-ADL3.test.csv@108.out,OPPORTUNITY,S4-ADL3.test.csv@108.out,25131,1112,0.0442481397477219,0,70.18272253392225,367.7200601217219
data/raw/OPPORTUNITY/S4-ADL3.test.csv@118.out,OPPORTUNITY/S4-ADL3.test.csv@118.out,OPPORTUNITY,S4-ADL3.test.csv@118.out,25131,1112,0.0442481397477219,0,40.82810075205921,94.5442069039796
data/raw/OPPORTUNITY/S4-ADL3.test.csv@124.out,OPPORTUNITY/S4-ADL3.test.csv@124.out,OPPORTUNITY,S4-ADL3.test.csv@124.out,25131,1112,0.0442481397477219,0,249.50041781067208,433.4167840136912
data/raw/OPPORTUNITY/S4-ADL3.test.csv@120.out,OPPORTUNITY/S4-ADL3.test.csv@120.out,OPPORTUNITY,S4-ADL3.test.csv@120.out,25131,1112,0.0442481397477219,0,-132.19481914766624,80.34108400913718
data/raw/OPPORTUNITY/S4-ADL2.test.csv@119.out,OPPORTUNITY/S4-ADL2.test.csv@119.out,OPPORTUNITY,S4-ADL2.test.csv@119.out,27736,877,0.0316195558119411,0,-32.650922988174216,14.927276671790322
data/raw/OPPORTUNITY/S4-ADL2.test.csv@120.out,OPPORTUNITY/S4-ADL2.test.csv@120.out,OPPORTUNITY,S4-ADL2.test.csv@120.out,27736,877,0.0316195558119411,0,-131.39958898182866,80.35150880250676
data/raw/OPPORTUNITY/S4-ADL2.test.csv@128.out,OPPORTUNITY/S4-ADL2.test.csv@128.out,OPPORTUNITY,S4-ADL2.test.csv@128.out,27736,877,0.0316195558119411,0,51.54247187770407,898.7977518936258
data/raw/OPPORTUNITY/S4-ADL2.test.csv@124.out,OPPORTUNITY/S4-ADL2.test.csv@124.out,OPPORTUNITY,S4-ADL2.test.csv@124.out,27736,877,0.0316195558119411,0,281.3009806749351,440.2542972397728
data/raw/OPPORTUNITY/S4-ADL2.test.csv@125.out,OPPORTUNITY/S4-ADL2.test.csv@125.out,OPPORTUNITY,S4-ADL2.test.csv@125.out,27736,877,0.0316195558119411,0,525.4863354485145,488.1474922006064
data/raw/OPPORTUNITY/S4-ADL2.test.csv@127.out,OPPORTUNITY/S4-ADL2.test.csv@127.out,OPPORTUNITY,S4-ADL2.test.csv@127.out,27736,877,0.0316195558119411,0,5.629795211998847,1742.0603821142245
data/raw/OPPORTUNITY/S4-ADL2.test.csv@131.out,OPPORTUNITY/S4-ADL2.test.csv@131.out,OPPORTUNITY,S4-ADL2.test.csv@131.out,27736,877,0.0316195558119411,0,-5.629795211998847,1742.0603821142245
data/raw/OPPORTUNITY/S1-ADL5.test.csv@104.out,OPPORTUNITY/S1-ADL5.test.csv@104.out,OPPORTUNITY,S1-ADL5.test.csv@104.out,30126,1218,0.0404301931886078,0,-2.78566686583018,27.773840075919782
data/raw/OPPORTUNITY/S1-ADL5.test.csv@103.out,OPPORTUNITY/S1-ADL5.test.csv@103.out,OPPORTUNITY,S1-ADL5.test.csv@103.out,30126,1218,0.0404301931886078,0,-30.15292438425281,18.67534241148561
data/raw/OPPORTUNITY/S1-ADL5.test.csv@106.out,OPPORTUNITY/S1-ADL5.test.csv@106.out,OPPORTUNITY,S1-ADL5.test.csv@106.out,30126,1218,0.0404301931886078,0,-2.543185288455155,456.9072966732346
data/raw/OPPORTUNITY/S1-ADL5.test.csv@109.out,OPPORTUNITY/S1-ADL5.test.csv@109.out,OPPORTUNITY,S1-ADL5.test.csv@109.out,30126,1218,0.0404301931886078,0,556.8016663347274,538.6770994689897
data/raw/OPPORTUNITY/S1-ADL5.test.csv@110.out,OPPORTUNITY/S1-ADL5.test.csv@110.out,OPPORTUNITY,S1-ADL5.test.csv@110.out,30126,1218,0.0404301931886078,0,-838.7673770165305,454.32998700073614
data/raw/OPPORTUNITY/S1-ADL5.test.csv@108.out,OPPORTUNITY/S1-ADL5.test.csv@108.out,OPPORTUNITY,S1-ADL5.test.csv@108.out,30126,1218,0.0404301931886078,0,9.783808006373231,392.0719145204526
data/raw/OPPORTUNITY/S1-ADL5.test.csv@111.out,OPPORTUNITY/S1-ADL5.test.csv@111.out,OPPORTUNITY,S1-ADL5.test.csv@111.out,30126,1218,0.0404301931886078,0,6.401646418376154,1812.5988023990997
data/raw/OPPORTUNITY/S1-ADL5.test.csv@112.out,OPPORTUNITY/S1-ADL5.test.csv@112.out,OPPORTUNITY,S1-ADL5.test.csv@112.out,30126,1218,0.0404301931886078,0,47.93995220075682,987.2006165955208
data/raw/OPPORTUNITY/S1-ADL5.test.csv@114.out,OPPORTUNITY/S1-ADL5.test.csv@114.out,OPPORTUNITY,S1-ADL5.test.csv@114.out,30126,1218,0.0404301931886078,0,47.93991900683795,987.200518827633
data/raw/OPPORTUNITY/S1-ADL5.test.csv@113.out,OPPORTUNITY/S1-ADL5.test.csv@113.out,OPPORTUNITY,S1-ADL5.test.csv@113.out,30126,1218,0.0404301931886078,0,-3.927670450773418,894.8125729782511
data/raw/OPPORTUNITY/S1-ADL5.test.csv@116.out,OPPORTUNITY/S1-ADL5.test.csv@116.out,OPPORTUNITY,S1-ADL5.test.csv@116.out,30126,1218,0.0404301931886078,0,-3.927670450773418,894.8125729782511
data/raw/OPPORTUNITY/S1-ADL5.test.csv@115.out,OPPORTUNITY/S1-ADL5.test.csv@115.out,OPPORTUNITY,S1-ADL5.test.csv@115.out,30126,1218,0.0404301931886078,0,-6.401646418376154,1812.5988023990997
data/raw/OPPORTUNITY/S1-ADL5.test.csv@119.out,OPPORTUNITY/S1-ADL5.test.csv@119.out,OPPORTUNITY,S1-ADL5.test.csv@119.out,30126,1218,0.0404301931886078,0,-27.831872800902875,13.7677588803978
data/raw/OPPORTUNITY/S1-ADL5.test.csv@122.out,OPPORTUNITY/S1-ADL5.test.csv@122.out,OPPORTUNITY,S1-ADL5.test.csv@122.out,30126,1218,0.0404301931886078,0,13.47981809732457,499.1821810719649
data/raw/OPPORTUNITY/S1-ADL5.test.csv@120.out,OPPORTUNITY/S1-ADL5.test.csv@120.out,OPPORTUNITY,S1-ADL5.test.csv@120.out,30126,1218,0.0404301931886078,0,16.75602469627564,21.45522310666151
data/raw/OPPORTUNITY/S1-ADL5.test.csv@124.out,OPPORTUNITY/S1-ADL5.test.csv@124.out,OPPORTUNITY,S1-ADL5.test.csv@124.out,30126,1218,0.0404301931886078,0,-257.6161787160592,477.56270804159226
data/raw/OPPORTUNITY/S1-ADL5.test.csv@129.out,OPPORTUNITY/S1-ADL5.test.csv@129.out,OPPORTUNITY,S1-ADL5.test.csv@129.out,30126,1218,0.0404301931886078,0,-26.85600477992432,1177.8150131451098
data/raw/OPPORTUNITY/S1-ADL5.test.csv@126.out,OPPORTUNITY/S1-ADL5.test.csv@126.out,OPPORTUNITY,S1-ADL5.test.csv@126.out,30126,1218,0.0404301931886078,0,-788.5705370776074,388.3647402966456
data/raw/OPPORTUNITY/S1-ADL5.test.csv@128.out,OPPORTUNITY/S1-ADL5.test.csv@128.out,OPPORTUNITY,S1-ADL5.test.csv@128.out,30126,1218,0.0404301931886078,0,-8.702980813914891,942.274292038376
data/raw/OPPORTUNITY/S1-ADL5.test.csv@127.out,OPPORTUNITY/S1-ADL5.test.csv@127.out,OPPORTUNITY,S1-ADL5.test.csv@127.out,30126,1218,0.0404301931886078,0,-13.55367456681936,1628.874262961401
data/raw/OPPORTUNITY/S1-ADL5.test.csv@125.out,OPPORTUNITY/S1-ADL5.test.csv@125.out,OPPORTUNITY,S1-ADL5.test.csv@125.out,30126,1218,0.0404301931886078,0,466.12587134037045,519.186399284107
data/raw/OPPORTUNITY/S1-ADL5.test.csv@131.out,OPPORTUNITY/S1-ADL5.test.csv@131.out,OPPORTUNITY,S1-ADL5.test.csv@131.out,30126,1218,0.0404301931886078,0,13.55367456681936,1628.874262961401
data/raw/OPPORTUNITY/S1-ADL5.test.csv@132.out,OPPORTUNITY/S1-ADL5.test.csv@132.out,OPPORTUNITY,S1-ADL5.test.csv@132.out,30126,1218,0.0404301931886078,0,-26.85600477992432,1177.8150131451098
data/raw/OPPORTUNITY/S1-ADL5.test.csv@130.out,OPPORTUNITY/S1-ADL5.test.csv@130.out,OPPORTUNITY,S1-ADL5.test.csv@130.out,30126,1218,0.0404301931886078,0,-8.702980813914891,942.2744743816831
data/raw/OPPORTUNITY/S2-ADL2.test.csv@104.out,OPPORTUNITY/S2-ADL2.test.csv@104.out,OPPORTUNITY,S2-ADL2.test.csv@104.out,30181,822,0.0272356780756104,0,5.701898545442497,28.589859837488984
data/raw/OPPORTUNITY/S2-ADL2.test.csv@108.out,OPPORTUNITY/S2-ADL2.test.csv@108.out,OPPORTUNITY,S2-ADL2.test.csv@108.out,30181,822,0.0272356780756104,0,-38.868029555018055,354.2149417546954
data/raw/OPPORTUNITY/S2-ADL2.test.csv@109.out,OPPORTUNITY/S2-ADL2.test.csv@109.out,OPPORTUNITY,S2-ADL2.test.csv@109.out,30181,822,0.0272356780756104,0,791.092210331003,481.9814128353006
data/raw/OPPORTUNITY/S2-ADL2.test.csv@103.out,OPPORTUNITY/S2-ADL2.test.csv@103.out,OPPORTUNITY,S2-ADL2.test.csv@103.out,30181,822,0.0272356780756104,0,-45.8268778370498,15.62310869846927
data/raw/OPPORTUNITY/S2-ADL2.test.csv@124.out,OPPORTUNITY/S2-ADL2.test.csv@124.out,OPPORTUNITY,S2-ADL2.test.csv@124.out,30181,822,0.0272356780756104,0,27.838043802392235,355.76390161144104
data/raw/OPPORTUNITY/S2-ADL2.test.csv@110.out,OPPORTUNITY/S2-ADL2.test.csv@110.out,OPPORTUNITY,S2-ADL2.test.csv@110.out,30181,822,0.0272356780756104,0,-661.5452436963652,387.57592451724815
data/raw/OPPORTUNITY/S2-ADL2.test.csv@119.out,OPPORTUNITY/S2-ADL2.test.csv@119.out,OPPORTUNITY,S2-ADL2.test.csv@119.out,30181,822,0.0272356780756104,0,-40.53729167356946,14.178378519283571
data/raw/OPPORTUNITY/S2-ADL2.test.csv@120.out,OPPORTUNITY/S2-ADL2.test.csv@120.out,OPPORTUNITY,S2-ADL2.test.csv@120.out,30181,822,0.0272356780756104,0,-3.4136708525231105,24.044772904370173
data/raw/OPPORTUNITY/S2-ADL2.test.csv@125.out,OPPORTUNITY/S2-ADL2.test.csv@125.out,OPPORTUNITY,S2-ADL2.test.csv@125.out,30181,822,0.0272356780756104,0,625.7078625625394,469.86676922564806
data/raw/OPPORTUNITY/S2-ADL2.test.csv@126.out,OPPORTUNITY/S2-ADL2.test.csv@126.out,OPPORTUNITY,S2-ADL2.test.csv@126.out,30181,822,0.0272356780756104,0,-700.0328683608893,376.0294752396295
data/raw/OPPORTUNITY/S4-ADL5.test.csv@118.out,OPPORTUNITY/S4-ADL5.test.csv@118.out,OPPORTUNITY,S4-ADL5.test.csv@118.out,30526,931,0.0304985913647382,0,35.31114459804757,81.48137801423455
data/raw/OPPORTUNITY/S4-ADL5.test.csv@108.out,OPPORTUNITY/S4-ADL5.test.csv@108.out,OPPORTUNITY,S4-ADL5.test.csv@108.out,30526,931,0.0304985913647382,0,-3.210476315272227,398.163377242996
data/raw/OPPORTUNITY/S4-ADL5.test.csv@127.out,OPPORTUNITY/S4-ADL5.test.csv@127.out,OPPORTUNITY,S4-ADL5.test.csv@127.out,30526,931,0.0304985913647382,0,19.74814911878399,1886.0272990345047
data/raw/OPPORTUNITY/S4-ADL5.test.csv@120.out,OPPORTUNITY/S4-ADL5.test.csv@120.out,OPPORTUNITY,S4-ADL5.test.csv@120.out,30526,931,0.0304985913647382,0,-131.68633296206514,79.864758666913
data/raw/OPPORTUNITY/S4-ADL5.test.csv@125.out,OPPORTUNITY/S4-ADL5.test.csv@125.out,OPPORTUNITY,S4-ADL5.test.csv@125.out,30526,931,0.0304985913647382,0,564.5839284544323,503.6956204395292
data/raw/OPPORTUNITY/S4-ADL5.test.csv@126.out,OPPORTUNITY/S4-ADL5.test.csv@126.out,OPPORTUNITY,S4-ADL5.test.csv@126.out,30526,931,0.0304985913647382,0,668.3608399397235,535.1778993865137
data/raw/OPPORTUNITY/S4-ADL5.test.csv@124.out,OPPORTUNITY/S4-ADL5.test.csv@124.out,OPPORTUNITY,S4-ADL5.test.csv@124.out,30526,931,0.0304985913647382,0,257.27153901592084,430.61364857549125
data/raw/OPPORTUNITY/S4-ADL5.test.csv@130.out,OPPORTUNITY/S4-ADL5.test.csv@130.out,OPPORTUNITY,S4-ADL5.test.csv@130.out,30526,931,0.0304985913647382,0,76.33024307148006,990.7806000351628
data/raw/OPPORTUNITY/S4-ADL5.test.csv@129.out,OPPORTUNITY/S4-ADL5.test.csv@129.out,OPPORTUNITY,S4-ADL5.test.csv@129.out,30526,931,0.0304985913647382,0,62.599325165432745,871.4417417885675
data/raw/OPPORTUNITY/S4-ADL5.test.csv@131.out,OPPORTUNITY/S4-ADL5.test.csv@131.out,OPPORTUNITY,S4-ADL5.test.csv@131.out,30526,931,0.0304985913647382,0,-19.74814911878399,1886.0272990345047
data/raw/OPPORTUNITY/S4-ADL5.test.csv@128.out,OPPORTUNITY/S4-ADL5.test.csv@128.out,OPPORTUNITY,S4-ADL5.test.csv@128.out,30526,931,0.0304985913647382,0,76.3303085893992,990.7805911188756
data/raw/OPPORTUNITY/S4-ADL5.test.csv@132.out,OPPORTUNITY/S4-ADL5.test.csv@132.out,OPPORTUNITY,S4-ADL5.test.csv@132.out,30526,931,0.0304985913647382,0,62.599325165432745,871.4417417885675
data/raw/OPPORTUNITY/S1-ADL2.test.csv@103.out,OPPORTUNITY/S1-ADL2.test.csv@103.out,OPPORTUNITY,S1-ADL2.test.csv@103.out,32223,1395,0.0432920584675542,0,-29.13204853675946,17.65868330502549
data/raw/OPPORTUNITY/S1-ADL2.test.csv@108.out,OPPORTUNITY/S1-ADL2.test.csv@108.out,OPPORTUNITY,S1-ADL2.test.csv@108.out,32223,1395,0.0432920584675542,0,-4.96819042298979,435.8693120399506
data/raw/OPPORTUNITY/S1-ADL2.test.csv@104.out,OPPORTUNITY/S1-ADL2.test.csv@104.out,OPPORTUNITY,S1-ADL2.test.csv@104.out,32223,1395,0.0432920584675542,0,-0.8085218632653695,26.630855944912597
data/raw/OPPORTUNITY/S1-ADL2.test.csv@110.out,OPPORTUNITY/S1-ADL2.test.csv@110.out,OPPORTUNITY,S1-ADL2.test.csv@110.out,32223,1395,0.0432920584675542,0,-857.0979424634578,494.4894647659254
data/raw/OPPORTUNITY/S1-ADL2.test.csv@109.out,OPPORTUNITY/S1-ADL2.test.csv@109.out,OPPORTUNITY,S1-ADL2.test.csv@109.out,32223,1395,0.0432920584675542,0,557.8328523104615,612.7515572501617
data/raw/OPPORTUNITY/S1-ADL2.test.csv@115.out,OPPORTUNITY/S1-ADL2.test.csv@115.out,OPPORTUNITY,S1-ADL2.test.csv@115.out,32223,1395,0.0432920584675542,0,-11.112900723085994,1976.4428695636552
data/raw/OPPORTUNITY/S1-ADL2.test.csv@111.out,OPPORTUNITY/S1-ADL2.test.csv@111.out,OPPORTUNITY,S1-ADL2.test.csv@111.out,32223,1395,0.0432920584675542,0,11.112900723085994,1976.4428695636552
data/raw/OPPORTUNITY/S1-ADL2.test.csv@114.out,OPPORTUNITY/S1-ADL2.test.csv@114.out,OPPORTUNITY,S1-ADL2.test.csv@114.out,32223,1395,0.0432920584675542,0,65.8655308320144,1099.346435959186
data/raw/OPPORTUNITY/S1-ADL2.test.csv@120.out,OPPORTUNITY/S1-ADL2.test.csv@120.out,OPPORTUNITY,S1-ADL2.test.csv@120.out,32223,1395,0.0432920584675542,0,14.37594264966018,29.54363319760201
data/raw/OPPORTUNITY/S1-ADL2.test.csv@122.out,OPPORTUNITY/S1-ADL2.test.csv@122.out,OPPORTUNITY,S1-ADL2.test.csv@122.out,32223,1395,0.0432920584675542,0,0.3450330509263569,531.0201923304955
data/raw/OPPORTUNITY/S1-ADL2.test.csv@126.out,OPPORTUNITY/S1-ADL2.test.csv@126.out,OPPORTUNITY,S1-ADL2.test.csv@126.out,32223,1395,0.0432920584675542,0,-818.2199360705087,437.652403075182
data/raw/OPPORTUNITY/S1-ADL2.test.csv@130.out,OPPORTUNITY/S1-ADL2.test.csv@130.out,OPPORTUNITY,S1-ADL2.test.csv@130.out,32223,1395,0.0432920584675542,0,-3.4527821742233806,977.238679535086
data/raw/OPPORTUNITY/S1-ADL2.test.csv@124.out,OPPORTUNITY/S1-ADL2.test.csv@124.out,OPPORTUNITY,S1-ADL2.test.csv@124.out,32223,1395,0.0432920584675542,0,-243.84753126648667,487.239695003744
data/raw/OPPORTUNITY/S1-ADL4.test.csv@103.out,OPPORTUNITY/S1-ADL4.test.csv@103.out,OPPORTUNITY,S1-ADL4.test.csv@103.out,32954,1000,0.0303453298537355,0,-30.310857559021667,17.099241189507804
data/raw/OPPORTUNITY/S1-ADL4.test.csv@110.out,OPPORTUNITY/S1-ADL4.test.csv@110.out,OPPORTUNITY,S1-ADL4.test.csv@110.out,32954,1000,0.0303453298537355,0,-839.2367846088487,458.2838766467518
data/raw/OPPORTUNITY/S1-ADL4.test.csv@108.out,OPPORTUNITY/S1-ADL4.test.csv@108.out,OPPORTUNITY,S1-ADL4.test.csv@108.out,32954,1000,0.0303453298537355,0,1.6552467075317108,382.79359832789805
data/raw/OPPORTUNITY/S1-ADL4.test.csv@104.out,OPPORTUNITY/S1-ADL4.test.csv@104.out,OPPORTUNITY,S1-ADL4.test.csv@104.out,32954,1000,0.0303453298537355,0,-3.196091521514839,26.250504201914385
data/raw/OPPORTUNITY/S1-ADL4.test.csv@109.out,OPPORTUNITY/S1-ADL4.test.csv@109.out,OPPORTUNITY,S1-ADL4.test.csv@109.out,32954,1000,0.0303453298537355,0,571.4844935364447,543.9285069149473
data/raw/OPPORTUNITY/S1-ADL4.test.csv@115.out,OPPORTUNITY/S1-ADL4.test.csv@115.out,OPPORTUNITY,S1-ADL4.test.csv@115.out,32954,1000,0.0303453298537355,0,-2.2796929052618804,1851.2048335811803
data/raw/OPPORTUNITY/S1-ADL4.test.csv@111.out,OPPORTUNITY/S1-ADL4.test.csv@111.out,OPPORTUNITY,S1-ADL4.test.csv@111.out,32954,1000,0.0303453298537355,0,2.2796625599320266,1851.2047341067012
data/raw/OPPORTUNITY/S1-ADL4.test.csv@120.out,OPPORTUNITY/S1-ADL4.test.csv@120.out,OPPORTUNITY,S1-ADL4.test.csv@120.out,32954,1000,0.0303453298537355,0,18.55149602476179,20.016825313736398
data/raw/OPPORTUNITY/S1-ADL4.test.csv@114.out,OPPORTUNITY/S1-ADL4.test.csv@114.out,OPPORTUNITY,S1-ADL4.test.csv@114.out,32954,1000,0.0303453298537355,0,72.1657461916611,1034.245922021147
data/raw/OPPORTUNITY/S1-ADL4.test.csv@112.out,OPPORTUNITY/S1-ADL4.test.csv@112.out,OPPORTUNITY,S1-ADL4.test.csv@112.out,32954,1000,0.0303453298537355,0,72.16571584633125,1034.2459116244747
data/raw/OPPORTUNITY/S1-ADL4.test.csv@133.out,OPPORTUNITY/S1-ADL4.test.csv@133.out,OPPORTUNITY,S1-ADL4.test.csv@133.out,32954,1000,0.0303453298537355,0,9.29001031741215,78.51861205261098
data/raw/OPPORTUNITY/S1-ADL4.test.csv@127.out,OPPORTUNITY/S1-ADL4.test.csv@127.out,OPPORTUNITY,S1-ADL4.test.csv@127.out,32954,1000,0.0303453298537355,0,-12.735843903623232,1644.3849126865898
data/raw/OPPORTUNITY/S1-ADL4.test.csv@124.out,OPPORTUNITY/S1-ADL4.test.csv@124.out,OPPORTUNITY,S1-ADL4.test.csv@124.out,32954,1000,0.0303453298537355,0,-276.9339078715786,461.394548960734
data/raw/OPPORTUNITY/S1-ADL3.test.csv@104.out,OPPORTUNITY/S1-ADL3.test.csv@104.out,OPPORTUNITY,S1-ADL3.test.csv@104.out,33272,1294,0.0388915604712671,0,-3.298479201731185,26.57546126044584
data/raw/OPPORTUNITY/S1-ADL3.test.csv@108.out,OPPORTUNITY/S1-ADL3.test.csv@108.out,OPPORTUNITY,S1-ADL3.test.csv@108.out,33272,1294,0.0388915604712671,0,14.328354171675883,405.0766382511607
data/raw/OPPORTUNITY/S1-ADL3.test.csv@103.out,OPPORTUNITY/S1-ADL3.test.csv@103.out,OPPORTUNITY,S1-ADL3.test.csv@103.out,33272,1294,0.0388915604712671,0,-29.9405205578264,18.40504314045005
data/raw/OPPORTUNITY/S1-ADL3.test.csv@110.out,OPPORTUNITY/S1-ADL3.test.csv@110.out,OPPORTUNITY,S1-ADL3.test.csv@110.out,33272,1294,0.0388915604712671,0,-837.0755590286127,474.33027219295786
data/raw/OPPORTUNITY/S1-ADL3.test.csv@111.out,OPPORTUNITY/S1-ADL3.test.csv@111.out,OPPORTUNITY,S1-ADL3.test.csv@111.out,33272,1294,0.0388915604712671,0,13.44959725895648,1865.451270511244
data/raw/OPPORTUNITY/S1-ADL3.test.csv@112.out,OPPORTUNITY/S1-ADL3.test.csv@112.out,OPPORTUNITY,S1-ADL3.test.csv@112.out,33272,1294,0.0388915604712671,0,41.81873647511421,1059.492857862033
data/raw/OPPORTUNITY/S1-ADL3.test.csv@109.out,OPPORTUNITY/S1-ADL3.test.csv@109.out,OPPORTUNITY,S1-ADL3.test.csv@109.out,33272,1294,0.0388915604712671,0,581.4432856455879,554.3839024679203
data/raw/OPPORTUNITY/S1-ADL3.test.csv@114.out,OPPORTUNITY/S1-ADL3.test.csv@114.out,OPPORTUNITY,S1-ADL3.test.csv@114.out,33272,1294,0.0388915604712671,0,41.81873647511421,1059.492857862033
data/raw/OPPORTUNITY/S1-ADL3.test.csv@120.out,OPPORTUNITY/S1-ADL3.test.csv@120.out,OPPORTUNITY,S1-ADL3.test.csv@120.out,33272,1294,0.0388915604712671,0,17.603179850925702,22.242901108945095
data/raw/OPPORTUNITY/S1-ADL3.test.csv@115.out,OPPORTUNITY/S1-ADL3.test.csv@115.out,OPPORTUNITY,S1-ADL3.test.csv@115.out,33272,1294,0.0388915604712671,0,-13.44959725895648,1865.451270511244
data/raw/OPPORTUNITY/S1-ADL3.test.csv@119.out,OPPORTUNITY/S1-ADL3.test.csv@119.out,OPPORTUNITY,S1-ADL3.test.csv@119.out,33272,1294,0.0388915604712671,0,-27.613037989901414,15.667511497922506
data/raw/OPPORTUNITY/S1-ADL3.test.csv@125.out,OPPORTUNITY/S1-ADL3.test.csv@125.out,OPPORTUNITY,S1-ADL3.test.csv@125.out,33272,1294,0.0388915604712671,0,457.0033661937966,555.9805322557554
data/raw/OPPORTUNITY/S1-ADL3.test.csv@122.out,OPPORTUNITY/S1-ADL3.test.csv@122.out,OPPORTUNITY,S1-ADL3.test.csv@122.out,33272,1294,0.0388915604712671,0,7.607898533301275,535.6942585398654
data/raw/OPPORTUNITY/S1-ADL3.test.csv@124.out,OPPORTUNITY/S1-ADL3.test.csv@124.out,OPPORTUNITY,S1-ADL3.test.csv@124.out,33272,1294,0.0388915604712671,0,-267.0939829285886,444.6271663949848
data/raw/OPPORTUNITY/S1-ADL3.test.csv@121.out,OPPORTUNITY/S1-ADL3.test.csv@121.out,OPPORTUNITY,S1-ADL3.test.csv@121.out,33272,1294,0.0388915604712671,0,-9.74603270016831,445.80133606086486
data/raw/OPPORTUNITY/S1-ADL3.test.csv@126.out,OPPORTUNITY/S1-ADL3.test.csv@126.out,OPPORTUNITY,S1-ADL3.test.csv@126.out,33272,1294,0.0388915604712671,0,-801.0811192594374,407.6152650770749
data/raw/OPPORTUNITY/S1-ADL3.test.csv@129.out,OPPORTUNITY/S1-ADL3.test.csv@129.out,OPPORTUNITY,S1-ADL3.test.csv@129.out,33272,1294,0.0388915604712671,0,-7.958974513104112,1174.1860846082373
data/raw/OPPORTUNITY/S1-ADL3.test.csv@127.out,OPPORTUNITY/S1-ADL3.test.csv@127.out,OPPORTUNITY,S1-ADL3.test.csv@127.out,33272,1294,0.0388915604712671,0,-0.90379297908151,1655.20220646754
data/raw/OPPORTUNITY/S1-ADL3.test.csv@128.out,OPPORTUNITY/S1-ADL3.test.csv@128.out,OPPORTUNITY,S1-ADL3.test.csv@128.out,33272,1294,0.0388915604712671,0,-18.727218081269537,937.8042948191928
data/raw/OPPORTUNITY/S1-ADL3.test.csv@130.out,OPPORTUNITY/S1-ADL3.test.csv@130.out,OPPORTUNITY,S1-ADL3.test.csv@130.out,33272,1294,0.0388915604712671,0,-18.727218081269537,937.8044496185036
data/raw/OPPORTUNITY/S1-ADL3.test.csv@131.out,OPPORTUNITY/S1-ADL3.test.csv@131.out,OPPORTUNITY,S1-ADL3.test.csv@131.out,33272,1294,0.0388915604712671,0,0.90379297908151,1655.20220646754
data/raw/OPPORTUNITY/S1-ADL3.test.csv@132.out,OPPORTUNITY/S1-ADL3.test.csv@132.out,OPPORTUNITY,S1-ADL3.test.csv@132.out,33272,1294,0.0388915604712671,0,-7.958974513104112,1174.1860846082373
data/raw/OPPORTUNITY/S2-ADL1.test.csv@102.out,OPPORTUNITY/S2-ADL1.test.csv@102.out,OPPORTUNITY,S2-ADL1.test.csv@102.out,42796,1281,0.0299327039910272,0,30.718291429105523,119.2044883931719
data/raw/OPPORTUNITY/S2-ADL1.test.csv@103.out,OPPORTUNITY/S2-ADL1.test.csv@103.out,OPPORTUNITY,S2-ADL1.test.csv@103.out,42796,1281,0.0299327039910272,0,-40.180484157397885,18.733981787524865
data/raw/OPPORTUNITY/S2-ADL1.test.csv@104.out,OPPORTUNITY/S2-ADL1.test.csv@104.out,OPPORTUNITY,S2-ADL1.test.csv@104.out,42796,1281,0.0299327039910272,0,3.0537199738293297,29.157606022540275
data/raw/OPPORTUNITY/S2-ADL1.test.csv@109.out,OPPORTUNITY/S2-ADL1.test.csv@109.out,OPPORTUNITY,S2-ADL1.test.csv@109.out,42796,1281,0.0299327039910272,0,692.7003925600524,449.56543206314825
data/raw/OPPORTUNITY/S2-ADL1.test.csv@108.out,OPPORTUNITY/S2-ADL1.test.csv@108.out,OPPORTUNITY,S2-ADL1.test.csv@108.out,42796,1281,0.0299327039910272,0,-1.3558743807832507,378.2257542877299
data/raw/OPPORTUNITY/S2-ADL1.test.csv@110.out,OPPORTUNITY/S2-ADL1.test.csv@110.out,OPPORTUNITY,S2-ADL1.test.csv@110.out,42796,1281,0.0299327039910272,0,-679.6556687540892,311.38313589251715
data/raw/OPPORTUNITY/S2-ADL1.test.csv@119.out,OPPORTUNITY/S2-ADL1.test.csv@119.out,OPPORTUNITY,S2-ADL1.test.csv@119.out,42796,1281,0.0299327039910272,0,-34.985138798018504,18.740216467372765
data/raw/OPPORTUNITY/S2-ADL1.test.csv@120.out,OPPORTUNITY/S2-ADL1.test.csv@120.out,OPPORTUNITY,S2-ADL1.test.csv@120.out,42796,1281,0.0299327039910272,0,-4.9906299654173285,21.52955524073071
data/raw/OPPORTUNITY/S2-ADL1.test.csv@124.out,OPPORTUNITY/S2-ADL1.test.csv@124.out,OPPORTUNITY,S2-ADL1.test.csv@124.out,42796,1281,0.0299327039910272,0,53.28843817179175,325.5233165151589
data/raw/SMD/machine-3-4.test.csv@6.out,SMD/machine-3-4.test.csv@6.out,SMD,machine-3-4.test.csv@6.out,23686,977,0.0412479945959638,0,0.9714459758084948,0.1009786458297569
data/raw/SMD/machine-3-4.test.csv@7.out,SMD/machine-3-4.test.csv@7.out,SMD,machine-3-4.test.csv@7.out,23686,977,0.0412479945959638,0,0.2028085245292577,0.2843768439793259
data/raw/SMD/machine-3-4.test.csv@34.out,SMD/machine-3-4.test.csv@34.out,SMD,machine-3-4.test.csv@34.out,23686,977,0.0412479945959638,0,0.0062398019927383,0.022352019424207
data/raw/SMD/machine-2-3.test.csv@1.out,SMD/machine-2-3.test.csv@1.out,SMD,machine-2-3.test.csv@1.out,23688,269,0.0113559608240459,0,0.0482701457700101,0.038283003518781
data/raw/SMD/machine-2-3.test.csv@23.out,SMD/machine-2-3.test.csv@23.out,SMD,machine-2-3.test.csv@23.out,23688,269,0.0113559608240459,0,0.0475635258780817,0.0402461585983927
data/raw/SMD/machine-2-3.test.csv@11.out,SMD/machine-2-3.test.csv@11.out,SMD,machine-2-3.test.csv@11.out,23688,269,0.0113559608240459,0,0.0763427721209051,0.0638726472507795
data/raw/SMD/machine-2-3.test.csv@6.out,SMD/machine-2-3.test.csv@6.out,SMD,machine-2-3.test.csv@6.out,23688,269,0.0113559608240459,0,0.877338876899696,0.0927198609981769
data/raw/SMD/machine-2-3.test.csv@19.out,SMD/machine-2-3.test.csv@19.out,SMD,machine-2-3.test.csv@19.out,23688,269,0.0113559608240459,0,0.1558676541286727,0.0958128242711735
data/raw/SMD/machine-2-3.test.csv@22.out,SMD/machine-2-3.test.csv@22.out,SMD,machine-2-3.test.csv@22.out,23688,269,0.0113559608240459,0,0.1103243773218507,0.0620328404063393
data/raw/SMD/machine-2-3.test.csv@14.out,SMD/machine-2-3.test.csv@14.out,SMD,machine-2-3.test.csv@14.out,23688,269,0.0113559608240459,0,0.0953209701958797,0.0211298508914426
data/raw/SMD/machine-2-3.test.csv@4.out,SMD/machine-2-3.test.csv@4.out,SMD,machine-2-3.test.csv@4.out,23688,269,0.0113559608240459,0,0.0025114414893617,0.025567667263404
data/raw/SMD/machine-2-3.test.csv@20.out,SMD/machine-2-3.test.csv@20.out,SMD,machine-2-3.test.csv@20.out,23688,269,0.0113559608240459,0,0.047533910925363,0.0288274006601335
data/raw/SMD/machine-2-3.test.csv@28.out,SMD/machine-2-3.test.csv@28.out,SMD,machine-2-3.test.csv@28.out,23688,269,0.0113559608240459,0,0.0977892097264437,0.0614970097414236
data/raw/SMD/machine-2-3.test.csv@16.out,SMD/machine-2-3.test.csv@16.out,SMD,machine-2-3.test.csv@16.out,23688,269,0.0113559608240459,0,0.0767803992738939,0.0645019696591817
data/raw/SMD/machine-2-3.test.csv@2.out,SMD/machine-2-3.test.csv@2.out,SMD,machine-2-3.test.csv@2.out,23688,269,0.0113559608240459,0,0.0015024801165146,0.0239213536315203
data/raw/SMD/machine-2-3.test.csv@7.out,SMD/machine-2-3.test.csv@7.out,SMD,machine-2-3.test.csv@7.out,23688,269,0.0113559608240459,0,0.907918859295846,0.0445182294724637
data/raw/SMD/machine-2-3.test.csv@25.out,SMD/machine-2-3.test.csv@25.out,SMD,machine-2-3.test.csv@25.out,23688,269,0.0113559608240459,0,0.0675146571259709,0.0430497977243344
data/raw/SMD/machine-2-3.test.csv@3.out,SMD/machine-2-3.test.csv@3.out,SMD,machine-2-3.test.csv@3.out,23688,269,0.0113559608240459,0,0.0016680334768659,0.0216256007294119
data/raw/SMD/machine-2-3.test.csv@21.out,SMD/machine-2-3.test.csv@21.out,SMD,machine-2-3.test.csv@21.out,23688,269,0.0113559608240459,0,0.1281405680091185,0.0765138652488648
data/raw/SMD/machine-2-3.test.csv@31.out,SMD/machine-2-3.test.csv@31.out,SMD,machine-2-3.test.csv@31.out,23688,269,0.0113559608240459,0,0.1015245537825059,0.0616651422847385
data/raw/SMD/machine-2-3.test.csv@32.out,SMD/machine-2-3.test.csv@32.out,SMD,machine-2-3.test.csv@32.out,23688,269,0.0113559608240459,0,0.0621052825059101,0.0616432795047291
data/raw/SMD/machine-2-5.test.csv@13.out,SMD/machine-2-5.test.csv@13.out,SMD,machine-2-5.test.csv@13.out,23688,980,0.0413711583924349,0,0.0010718069908814,0.0149451883747032
data/raw/SMD/machine-2-5.test.csv@14.out,SMD/machine-2-5.test.csv@14.out,SMD,machine-2-5.test.csv@14.out,23688,980,0.0413711583924349,0,0.0391156109000337,0.0261423587804271
data/raw/SMD/machine-2-5.test.csv@9.out,SMD/machine-2-5.test.csv@9.out,SMD,machine-2-5.test.csv@9.out,23688,980,0.0413711583924349,0,0.0078790114826072,0.0206525429753647
data/raw/SMD/machine-2-5.test.csv@12.out,SMD/machine-2-5.test.csv@12.out,SMD,machine-2-5.test.csv@12.out,23688,980,0.0413711583924349,0,0.0770607698412698,0.052314484312137
data/raw/SMD/machine-2-5.test.csv@1.out,SMD/machine-2-5.test.csv@1.out,SMD,machine-2-5.test.csv@1.out,23688,980,0.0413711583924349,0,0.0805865568220195,0.0808725949390975
data/raw/SMD/machine-2-5.test.csv@15.out,SMD/machine-2-5.test.csv@15.out,SMD,machine-2-5.test.csv@15.out,23688,980,0.0413711583924349,0,0.0405158050911854,0.0323282870782102
data/raw/SMD/machine-3-5.test.csv@28.out,SMD/machine-3-5.test.csv@28.out,SMD,machine-3-5.test.csv@28.out,23690,426,0.0179822710004221,0,0.0806414726044744,0.0705591352720323
data/raw/SMD/machine-3-5.test.csv@7.out,SMD/machine-3-5.test.csv@7.out,SMD,machine-3-5.test.csv@7.out,23690,426,0.0179822710004221,0,0.9368099058252428,0.0601716054318556
data/raw/SMD/machine-3-5.test.csv@23.out,SMD/machine-3-5.test.csv@23.out,SMD,machine-3-5.test.csv@23.out,23690,426,0.0179822710004221,0,0.009799405698607,0.0147080421196184
data/raw/SMD/machine-3-5.test.csv@31.out,SMD/machine-3-5.test.csv@31.out,SMD,machine-3-5.test.csv@31.out,23690,426,0.0179822710004221,0,0.0934140564373153,0.0698953969326693
data/raw/SMD/machine-3-10.test.csv@7.out,SMD/machine-3-10.test.csv@7.out,SMD,machine-3-10.test.csv@7.out,23692,1047,0.0441921323653553,0,0.5782411894310316,0.4080378889762512
data/raw/SMD/machine-3-10.test.csv@3.out,SMD/machine-3-10.test.csv@3.out,SMD,machine-3-10.test.csv@3.out,23692,1047,0.0441921323653553,0,0.0870777547273341,0.1325183103351826
data/raw/SMD/machine-3-10.test.csv@22.out,SMD/machine-3-10.test.csv@22.out,SMD,machine-3-10.test.csv@22.out,23692,1047,0.0441921323653553,0,0.1349953483876414,0.0766318011450221
data/raw/SMD/machine-3-10.test.csv@2.out,SMD/machine-3-10.test.csv@2.out,SMD,machine-3-10.test.csv@2.out,23692,1047,0.0441921323653553,0,0.0620519615904102,0.1102538412581357
data/raw/SMD/machine-3-10.test.csv@14.out,SMD/machine-3-10.test.csv@14.out,SMD,machine-3-10.test.csv@14.out,23692,1047,0.0441921323653553,0,0.1287206066182677,0.0518032878872739
data/raw/SMD/machine-3-10.test.csv@6.out,SMD/machine-3-10.test.csv@6.out,SMD,machine-3-10.test.csv@6.out,23692,1047,0.0441921323653553,0,0.050499032120547,0.0219653625763897
data/raw/SMD/machine-3-10.test.csv@20.out,SMD/machine-3-10.test.csv@20.out,SMD,machine-3-10.test.csv@20.out,23692,1047,0.0441921323653553,0,0.0764290901992233,0.0374448843377817
data/raw/SMD/machine-3-10.test.csv@21.out,SMD/machine-3-10.test.csv@21.out,SMD,machine-3-10.test.csv@21.out,23692,1047,0.0441921323653553,0,0.0784227233243288,0.0439012062325729
data/raw/SMD/machine-3-10.test.csv@23.out,SMD/machine-3-10.test.csv@23.out,SMD,machine-3-10.test.csv@23.out,23692,1047,0.0441921323653553,0,0.12099631027351,0.1149861245839898
data/raw/SMD/machine-3-10.test.csv@11.out,SMD/machine-3-10.test.csv@11.out,SMD,machine-3-10.test.csv@11.out,23692,1047,0.0441921323653553,0,0.1422662044572007,0.1210942883425321
data/raw/SMD/machine-3-10.test.csv@1.out,SMD/machine-3-10.test.csv@1.out,SMD,machine-3-10.test.csv@1.out,23692,1047,0.0441921323653553,0,0.2372691693820698,0.1775291356017617
data/raw/SMD/machine-3-10.test.csv@4.out,SMD/machine-3-10.test.csv@4.out,SMD,machine-3-10.test.csv@4.out,23692,1047,0.0441921323653553,0,0.09287904043559,0.138571874066835
data/raw/SMD/machine-3-10.test.csv@16.out,SMD/machine-3-10.test.csv@16.out,SMD,machine-3-10.test.csv@16.out,23692,1047,0.0441921323653553,0,0.1423194091676515,0.1211189753020312
data/raw/SMD/machine-3-10.test.csv@25.out,SMD/machine-3-10.test.csv@25.out,SMD,machine-3-10.test.csv@25.out,23692,1047,0.0441921323653553,0,0.1435051105436434,0.121190242951621
data/raw/SMD/machine-3-10.test.csv@26.out,SMD/machine-3-10.test.csv@26.out,SMD,machine-3-10.test.csv@26.out,23692,1047,0.0441921323653553,0,0.5759212371264562,0.2992927703390914
data/raw/SMD/machine-3-10.test.csv@28.out,SMD/machine-3-10.test.csv@28.out,SMD,machine-3-10.test.csv@28.out,23692,1047,0.0441921323653553,0,0.0784119893212898,0.0438982895344212
data/raw/SMD/machine-3-10.test.csv@24.out,SMD/machine-3-10.test.csv@24.out,SMD,machine-3-10.test.csv@24.out,23692,1047,0.0441921323653553,0,0.5748557889160899,0.2980663480266593
data/raw/SMD/machine-3-10.test.csv@31.out,SMD/machine-3-10.test.csv@31.out,SMD,machine-3-10.test.csv@31.out,23692,1047,0.0441921323653553,0,0.1349979569052845,0.0766321230611116
data/raw/SMD/machine-1-2.test.csv@12.out,SMD/machine-1-2.test.csv@12.out,SMD,machine-1-2.test.csv@12.out,23693,542,0.022875954923395,0,0.0261685457308065,0.0606069541183433
data/raw/SMD/machine-1-2.test.csv@13.out,SMD/machine-1-2.test.csv@13.out,SMD,machine-1-2.test.csv@13.out,23693,542,0.022875954923395,0,0.0113662263115688,0.0882612146304051
data/raw/SMD/machine-1-2.test.csv@11.out,SMD/machine-1-2.test.csv@11.out,SMD,machine-1-2.test.csv@11.out,23693,542,0.022875954923395,0,0.0050907348583969,0.0304185272839585
data/raw/SMD/machine-1-2.test.csv@24.out,SMD/machine-1-2.test.csv@24.out,SMD,machine-1-2.test.csv@24.out,23693,542,0.022875954923395,0,0.0762177092390157,0.0475870979522277
data/raw/SMD/machine-1-2.test.csv@26.out,SMD/machine-1-2.test.csv@26.out,SMD,machine-1-2.test.csv@26.out,23693,542,0.022875954923395,0,0.0733625424386949,0.0475467600944817
data/raw/SMD/machine-1-2.test.csv@4.out,SMD/machine-1-2.test.csv@4.out,SMD,machine-1-2.test.csv@4.out,23693,542,0.022875954923395,0,0.106569172033934,0.090604067694293
data/raw/SMD/machine-1-2.test.csv@15.out,SMD/machine-1-2.test.csv@15.out,SMD,machine-1-2.test.csv@15.out,23693,542,0.022875954923395,0,0.0069609659815135,0.0243703120828759
data/raw/SMD/machine-1-2.test.csv@7.out,SMD/machine-1-2.test.csv@7.out,SMD,machine-1-2.test.csv@7.out,23693,542,0.022875954923395,0,0.2159827779935002,0.120564728764654
data/raw/SMD/machine-1-2.test.csv@10.out,SMD/machine-1-2.test.csv@10.out,SMD,machine-1-2.test.csv@10.out,23693,542,0.022875954923395,0,0.0040408648968049,0.0258278622273825
data/raw/SMD/machine-1-2.test.csv@9.out,SMD/machine-1-2.test.csv@9.out,SMD,machine-1-2.test.csv@9.out,23693,542,0.022875954923395,0,0.0010729756046089,0.0135558758038174
data/raw/SMD/machine-1-2.test.csv@18.out,SMD/machine-1-2.test.csv@18.out,SMD,machine-1-2.test.csv@18.out,23693,542,0.022875954923395,0,0.0002531131135778,0.0095890330636204
data/raw/SMD/machine-2-1.test.csv@10.out,SMD/machine-2-1.test.csv@10.out,SMD,machine-2-1.test.csv@10.out,23693,1170,0.0493816739121259,0,0.0003852425610939,0.0125506735504742
data/raw/SMD/machine-2-1.test.csv@11.out,SMD/machine-2-1.test.csv@11.out,SMD,machine-2-1.test.csv@11.out,23693,1170,0.0493816739121259,0,0.0003075293124551,0.0108157030109232
data/raw/SMD/machine-2-1.test.csv@22.out,SMD/machine-2-1.test.csv@22.out,SMD,machine-2-1.test.csv@22.out,23693,1170,0.0493816739121259,0,0.1518642725277508,0.1117154600316777
data/raw/SMD/machine-2-1.test.csv@7.out,SMD/machine-2-1.test.csv@7.out,SMD,machine-2-1.test.csv@7.out,23693,1170,0.0493816739121259,0,0.3914425892879754,0.0974077021502113
data/raw/SMD/machine-2-1.test.csv@21.out,SMD/machine-2-1.test.csv@21.out,SMD,machine-2-1.test.csv@21.out,23693,1170,0.0493816739121259,0,0.1529479273625121,0.1065410311900377
data/raw/SMD/machine-2-1.test.csv@20.out,SMD/machine-2-1.test.csv@20.out,SMD,machine-2-1.test.csv@20.out,23693,1170,0.0493816739121259,0,0.1439320411091883,0.1097001025138838
data/raw/SMD/machine-2-7.test.csv@2.out,SMD/machine-2-7.test.csv@2.out,SMD,machine-2-7.test.csv@2.out,23695,417,0.0175986495041147,0,0.0025316730111837,0.0154134465945444
data/raw/SMD/machine-2-7.test.csv@24.out,SMD/machine-2-7.test.csv@24.out,SMD,machine-2-7.test.csv@24.out,23695,417,0.0175986495041147,0,0.4909991858619961,0.1720202122195653
data/raw/SMD/machine-2-7.test.csv@20.out,SMD/machine-2-7.test.csv@20.out,SMD,machine-2-7.test.csv@20.out,23695,417,0.0175986495041147,0,0.023267846592108,0.0238792760251804
data/raw/SMD/machine-2-7.test.csv@25.out,SMD/machine-2-7.test.csv@25.out,SMD,machine-2-7.test.csv@25.out,23695,417,0.0175986495041147,0,0.1682120654990504,0.1372552341418154
data/raw/SMD/machine-2-7.test.csv@23.out,SMD/machine-2-7.test.csv@23.out,SMD,machine-2-7.test.csv@23.out,23695,417,0.0175986495041147,0,0.2335745416332559,0.2117984772082917
data/raw/SMD/machine-2-7.test.csv@6.out,SMD/machine-2-7.test.csv@6.out,SMD,machine-2-7.test.csv@6.out,23695,417,0.0175986495041147,0,0.3983955580924246,0.1777356971537519
data/raw/SMD/machine-2-7.test.csv@4.out,SMD/machine-2-7.test.csv@4.out,SMD,machine-2-7.test.csv@4.out,23695,417,0.0175986495041147,0,0.0065726725047478,0.0282817564153559
data/raw/SMD/machine-2-7.test.csv@22.out,SMD/machine-2-7.test.csv@22.out,SMD,machine-2-7.test.csv@22.out,23695,417,0.0175986495041147,0,0.0420997489343743,0.0616547085332295
data/raw/SMD/machine-2-7.test.csv@1.out,SMD/machine-2-7.test.csv@1.out,SMD,machine-2-7.test.csv@1.out,23695,417,0.0175986495041147,0,0.0778992670605613,0.0747104083095785
data/raw/SMD/machine-2-7.test.csv@3.out,SMD/machine-2-7.test.csv@3.out,SMD,machine-2-7.test.csv@3.out,23695,417,0.0175986495041147,0,0.0033278551593163,0.0174542658309248
data/raw/SMD/machine-2-7.test.csv@21.out,SMD/machine-2-7.test.csv@21.out,SMD,machine-2-7.test.csv@21.out,23695,417,0.0175986495041147,0,0.0237972886262924,0.0565223172011472
data/raw/SMD/machine-2-7.test.csv@28.out,SMD/machine-2-7.test.csv@28.out,SMD,machine-2-7.test.csv@28.out,23695,417,0.0175986495041147,0,0.0237898666385313,0.0565222109889929
data/raw/SMD/machine-2-7.test.csv@19.out,SMD/machine-2-7.test.csv@19.out,SMD,machine-2-7.test.csv@19.out,23695,417,0.0175986495041147,0,0.0190451599071534,0.0559825859271759
data/raw/SMD/machine-2-7.test.csv@32.out,SMD/machine-2-7.test.csv@32.out,SMD,machine-2-7.test.csv@32.out,23695,417,0.0175986495041147,0,0.078365270267989,0.050252809798933
data/raw/SMD/machine-2-7.test.csv@31.out,SMD/machine-2-7.test.csv@31.out,SMD,machine-2-7.test.csv@31.out,23695,417,0.0175986495041147,0,0.0420686755855665,0.0616519051355061
data/raw/SMD/machine-1-8.test.csv@11.out,SMD/machine-1-8.test.csv@11.out,SMD,machine-1-8.test.csv@11.out,23698,763,0.0321968098573719,0,0.1018498622246603,0.0463146370623736
data/raw/SMD/machine-1-8.test.csv@24.out,SMD/machine-1-8.test.csv@24.out,SMD,machine-1-8.test.csv@24.out,23698,763,0.0321968098573719,0,0.2661245835935522,0.1281284873846445
data/raw/SMD/machine-1-8.test.csv@26.out,SMD/machine-1-8.test.csv@26.out,SMD,machine-1-8.test.csv@26.out,23698,763,0.0321968098573719,0,0.215865707570259,0.1073694923226624
data/raw/SMD/machine-2-8.test.csv@1.out,SMD/machine-2-8.test.csv@1.out,SMD,machine-2-8.test.csv@1.out,23702,161,0.0067926757235676,0,0.0862390709644755,0.0881617460572056
data/raw/SMD/machine-2-8.test.csv@3.out,SMD/machine-2-8.test.csv@3.out,SMD,machine-2-8.test.csv@3.out,23702,161,0.0067926757235676,0,0.0142514977639017,0.0316635853840977
data/raw/SMD/machine-2-8.test.csv@2.out,SMD/machine-2-8.test.csv@2.out,SMD,machine-2-8.test.csv@2.out,23702,161,0.0067926757235676,0,0.0099080127837313,0.0234863162559358
data/raw/SMD/machine-2-8.test.csv@9.out,SMD/machine-2-8.test.csv@9.out,SMD,machine-2-8.test.csv@9.out,23702,161,0.0067926757235676,0,0.0090806440806682,0.0307595461066204
data/raw/SMD/machine-2-8.test.csv@15.out,SMD/machine-2-8.test.csv@15.out,SMD,machine-2-8.test.csv@15.out,23702,161,0.0067926757235676,0,0.0902244074339718,0.0822147887319404
data/raw/SMD/machine-2-8.test.csv@13.out,SMD/machine-2-8.test.csv@13.out,SMD,machine-2-8.test.csv@13.out,23702,161,0.0067926757235676,0,0.0200615981773689,0.0453826908387421
data/raw/SMD/machine-2-8.test.csv@10.out,SMD/machine-2-8.test.csv@10.out,SMD,machine-2-8.test.csv@10.out,23702,161,0.0067926757235676,0,0.001399595645937,0.0231881073660469
data/raw/SMD/machine-2-8.test.csv@6.out,SMD/machine-2-8.test.csv@6.out,SMD,machine-2-8.test.csv@6.out,23702,161,0.0067926757235676,0,0.975014625348072,0.0962093560862039
data/raw/SMD/machine-2-8.test.csv@18.out,SMD/machine-2-8.test.csv@18.out,SMD,machine-2-8.test.csv@18.out,23702,161,0.0067926757235676,0,0.0003130522740696,0.012790436414506
data/raw/SMD/machine-2-8.test.csv@5.out,SMD/machine-2-8.test.csv@5.out,SMD,machine-2-8.test.csv@5.out,23702,161,0.0067926757235676,0,0.777045253649481,0.3538529472382126
data/raw/SMD/machine-2-8.test.csv@7.out,SMD/machine-2-8.test.csv@7.out,SMD,machine-2-8.test.csv@7.out,23702,161,0.0067926757235676,0,0.0518580343430934,0.045740426701023
data/raw/SMD/machine-2-8.test.csv@12.out,SMD/machine-2-8.test.csv@12.out,SMD,machine-2-8.test.csv@12.out,23702,161,0.0067926757235676,0,0.128055031220994,0.0746265990933882
data/raw/SMD/machine-2-8.test.csv@16.out,SMD/machine-2-8.test.csv@16.out,SMD,machine-2-8.test.csv@16.out,23702,161,0.0067926757235676,0,0.1030372232301071,0.0919013274972993
data/raw/SMD/machine-2-8.test.csv@14.out,SMD/machine-2-8.test.csv@14.out,SMD,machine-2-8.test.csv@14.out,23702,161,0.0067926757235676,0,0.0466207337777402,0.0445491144901185
data/raw/SMD/machine-2-8.test.csv@4.out,SMD/machine-2-8.test.csv@4.out,SMD,machine-2-8.test.csv@4.out,23702,161,0.0067926757235676,0,0.0184161374145641,0.0384829979848893
data/raw/SMD/machine-2-8.test.csv@17.out,SMD/machine-2-8.test.csv@17.out,SMD,machine-2-8.test.csv@17.out,23702,161,0.0067926757235676,0,0.0007164214834191,0.0181649297069909
data/raw/SMD/machine-2-8.test.csv@11.out,SMD/machine-2-8.test.csv@11.out,SMD,machine-2-8.test.csv@11.out,23702,161,0.0067926757235676,0,0.0008468641464855,0.0171010799415603
data/raw/SMD/machine-2-8.test.csv@20.out,SMD/machine-2-8.test.csv@20.out,SMD,machine-2-8.test.csv@20.out,23702,161,0.0067926757235676,0,0.2747057029786516,0.2260595824097599
data/raw/SMD/machine-2-8.test.csv@25.out,SMD/machine-2-8.test.csv@25.out,SMD,machine-2-8.test.csv@25.out,23702,161,0.0067926757235676,0,0.0044275492363513,0.024878846562693
data/raw/SMD/machine-2-8.test.csv@21.out,SMD/machine-2-8.test.csv@21.out,SMD,machine-2-8.test.csv@21.out,23702,161,0.0067926757235676,0,0.1533769955699941,0.1344898023937685
data/raw/SMD/machine-2-8.test.csv@34.out,SMD/machine-2-8.test.csv@34.out,SMD,machine-2-8.test.csv@34.out,23702,161,0.0067926757235676,0,0.0025293629651506,0.0235684642521769
data/raw/SMD/machine-2-8.test.csv@19.out,SMD/machine-2-8.test.csv@19.out,SMD,machine-2-8.test.csv@19.out,23702,161,0.0067926757235676,0,0.2078742232722977,0.1877479115554119
data/raw/SMD/machine-2-8.test.csv@26.out,SMD/machine-2-8.test.csv@26.out,SMD,machine-2-8.test.csv@26.out,23702,161,0.0067926757235676,0,0.1258237896801957,0.0535393786866082
data/raw/SMD/machine-2-8.test.csv@32.out,SMD/machine-2-8.test.csv@32.out,SMD,machine-2-8.test.csv@32.out,23702,161,0.0067926757235676,0,0.0023649078558771,0.0282759882700685
data/raw/SMD/machine-2-8.test.csv@30.out,SMD/machine-2-8.test.csv@30.out,SMD,machine-2-8.test.csv@30.out,23702,161,0.0067926757235676,0,0.0017405953506033,0.0186167955453629
data/raw/SMD/machine-2-8.test.csv@33.out,SMD/machine-2-8.test.csv@33.out,SMD,machine-2-8.test.csv@33.out,23702,161,0.0067926757235676,0,0.0010257321745,0.0232274097834782
data/raw/SMD/machine-2-8.test.csv@28.out,SMD/machine-2-8.test.csv@28.out,SMD,machine-2-8.test.csv@28.out,23702,161,0.0067926757235676,0,0.1662157800185638,0.1486397577758627
data/raw/SMD/machine-2-8.test.csv@29.out,SMD/machine-2-8.test.csv@29.out,SMD,machine-2-8.test.csv@29.out,23702,161,0.0067926757235676,0,0.0005287309509746,0.0162773638124645
data/raw/SMD/machine-2-8.test.csv@24.out,SMD/machine-2-8.test.csv@24.out,SMD,machine-2-8.test.csv@24.out,23702,161,0.0067926757235676,0,0.0645109548983208,0.0490749509103942
data/raw/SMD/machine-2-8.test.csv@31.out,SMD/machine-2-8.test.csv@31.out,SMD,machine-2-8.test.csv@31.out,23702,161,0.0067926757235676,0,0.1496104871740781,0.1368678211523648
data/raw/SMD/machine-2-8.test.csv@22.out,SMD/machine-2-8.test.csv@22.out,SMD,machine-2-8.test.csv@22.out,23702,161,0.0067926757235676,0,0.1682129087418783,0.1450294981801347
data/raw/SMD/machine-2-8.test.csv@23.out,SMD/machine-2-8.test.csv@23.out,SMD,machine-2-8.test.csv@23.out,23702,161,0.0067926757235676,0,0.0023406464855286,0.027032872664511
data/raw/SMD/machine-2-8.test.csv@35.out,SMD/machine-2-8.test.csv@35.out,SMD,machine-2-8.test.csv@35.out,23702,161,0.0067926757235676,0,0.2204610856889714,0.1641181254740044
data/raw/SMD/machine-2-8.test.csv@36.out,SMD/machine-2-8.test.csv@36.out,SMD,machine-2-8.test.csv@36.out,23702,161,0.0067926757235676,0,0.220486471394819,0.1641131064723499
data/raw/SMD/machine-3-3.test.csv@1.out,SMD/machine-3-3.test.csv@1.out,SMD,machine-3-3.test.csv@1.out,23702,632,0.0266644165049362,0,0.2134886281748375,0.1345851892137875
data/raw/SMD/machine-3-3.test.csv@6.out,SMD/machine-3-3.test.csv@6.out,SMD,machine-3-3.test.csv@6.out,23702,632,0.0266644165049362,0,0.9250688957050036,0.1209080913607851
data/raw/SMD/machine-3-3.test.csv@16.out,SMD/machine-3-3.test.csv@16.out,SMD,machine-3-3.test.csv@16.out,23702,632,0.0266644165049362,0,0.0142786739093747,0.0235399108465057
data/raw/SMD/machine-3-3.test.csv@37.out,SMD/machine-3-3.test.csv@37.out,SMD,machine-3-3.test.csv@37.out,23702,632,0.0266644165049362,0,0.3042624486119314,0.1733531062350711
data/raw/SMD/machine-3-3.test.csv@31.out,SMD/machine-3-3.test.csv@31.out,SMD,machine-3-3.test.csv@31.out,23702,632,0.0266644165049362,0,0.3514624327904818,0.207372970930521
data/raw/SMD/machine-3-3.test.csv@38.out,SMD/machine-3-3.test.csv@38.out,SMD,machine-3-3.test.csv@38.out,23702,632,0.0266644165049362,0,0.3042624486119314,0.1733531062350711
data/raw/SMD/machine-3-3.test.csv@35.out,SMD/machine-3-3.test.csv@35.out,SMD,machine-3-3.test.csv@35.out,23702,632,0.0266644165049362,0,0.3045046861024386,0.1733334748794314
data/raw/SMD/machine-3-3.test.csv@36.out,SMD/machine-3-3.test.csv@36.out,SMD,machine-3-3.test.csv@36.out,23702,632,0.0266644165049362,0,0.3037926118471015,0.1734435643311668
data/raw/SMD/machine-3-3.test.csv@22.out,SMD/machine-3-3.test.csv@22.out,SMD,machine-3-3.test.csv@22.out,23702,632,0.0266644165049362,0,0.3559119628723314,0.209939806232201
data/raw/SMD/machine-3-2.test.csv@11.out,SMD/machine-3-2.test.csv@11.out,SMD,machine-3-2.test.csv@11.out,23702,1109,0.046789300480972,0,6.839005147244958e-05,0.0045695940204286
data/raw/SMD/machine-1-5.test.csv@1.out,SMD/machine-1-5.test.csv@1.out,SMD,machine-1-5.test.csv@1.out,23705,100,0.0042185192997257,0,0.0164999342754693,0.0304611208354342
data/raw/SMD/machine-1-5.test.csv@16.out,SMD/machine-1-5.test.csv@16.out,SMD,machine-1-5.test.csv@16.out,23705,100,0.0042185192997257,0,0.1247446928917949,0.2046878273116325
data/raw/SMD/machine-1-5.test.csv@7.out,SMD/machine-1-5.test.csv@7.out,SMD,machine-1-5.test.csv@7.out,23705,100,0.0042185192997257,0,0.0553562896435351,0.0265106365023924
data/raw/SMD/machine-1-5.test.csv@19.out,SMD/machine-1-5.test.csv@19.out,SMD,machine-1-5.test.csv@19.out,23705,100,0.0042185192997257,0,0.0301052424804893,0.0342056110936569
data/raw/SMD/machine-1-5.test.csv@4.out,SMD/machine-1-5.test.csv@4.out,SMD,machine-1-5.test.csv@4.out,23705,100,0.0042185192997257,0,0.0058847588694368,0.0312076798358581
data/raw/SMD/machine-1-5.test.csv@24.out,SMD/machine-1-5.test.csv@24.out,SMD,machine-1-5.test.csv@24.out,23705,100,0.0042185192997257,0,0.042083515629614,0.03488766163003
data/raw/SMD/machine-1-5.test.csv@26.out,SMD/machine-1-5.test.csv@26.out,SMD,machine-1-5.test.csv@26.out,23705,100,0.0042185192997257,0,0.0416087921957392,0.0344545050268787
data/raw/SMD/machine-1-5.test.csv@20.out,SMD/machine-1-5.test.csv@20.out,SMD,machine-1-5.test.csv@20.out,23705,100,0.0042185192997257,0,0.0270042400759333,0.0281004331002805
data/raw/SMD/machine-1-5.test.csv@21.out,SMD/machine-1-5.test.csv@21.out,SMD,machine-1-5.test.csv@21.out,23705,100,0.0042185192997257,0,0.0768626436194895,0.0700738331321251
data/raw/SMD/machine-1-5.test.csv@22.out,SMD/machine-1-5.test.csv@22.out,SMD,machine-1-5.test.csv@22.out,23705,100,0.0042185192997257,0,0.0686460562750474,0.0638660813658459
data/raw/SMD/machine-1-5.test.csv@31.out,SMD/machine-1-5.test.csv@31.out,SMD,machine-1-5.test.csv@31.out,23705,100,0.0042185192997257,0,0.1602535790761442,0.151668829214117
data/raw/SMD/machine-1-5.test.csv@25.out,SMD/machine-1-5.test.csv@25.out,SMD,machine-1-5.test.csv@25.out,23705,100,0.0042185192997257,0,0.1224509938409618,0.1477095570756105
data/raw/SMD/machine-1-5.test.csv@28.out,SMD/machine-1-5.test.csv@28.out,SMD,machine-1-5.test.csv@28.out,23705,100,0.0042185192997257,0,0.1117447945581101,0.0988046335480128
data/raw/SMD/machine-1-5.test.csv@32.out,SMD/machine-1-5.test.csv@32.out,SMD,machine-1-5.test.csv@32.out,23705,100,0.0042185192997257,0,0.0658795098080573,0.0707727497403356
data/raw/SMD/machine-1-5.test.csv@23.out,SMD/machine-1-5.test.csv@23.out,SMD,machine-1-5.test.csv@23.out,23705,100,0.0042185192997257,0,0.142025510609576,0.1529903869733435
data/raw/SMD/machine-1-4.test.csv@14.out,SMD/machine-1-4.test.csv@14.out,SMD,machine-1-4.test.csv@14.out,23706,720,0.0303720577069096,0,0.0118658201299249,0.0156625018180918
data/raw/SMD/machine-1-4.test.csv@9.out,SMD/machine-1-4.test.csv@9.out,SMD,machine-1-4.test.csv@9.out,23706,720,0.0303720577069096,0,0.0017577792541972,0.0333603073287139
data/raw/SMD/machine-3-11.test.csv@1.out,SMD/machine-3-11.test.csv@1.out,SMD,machine-3-11.test.csv@1.out,28695,198,0.0069001568217459,0,0.210692455131556,0.1185222345004293
data/raw/SMD/machine-3-11.test.csv@20.out,SMD/machine-3-11.test.csv@20.out,SMD,machine-3-11.test.csv@20.out,28695,198,0.0069001568217459,0,0.4286770552361038,0.2182165110994236
data/raw/SMD/machine-3-11.test.csv@7.out,SMD/machine-3-11.test.csv@7.out,SMD,machine-3-11.test.csv@7.out,28695,198,0.0069001568217459,0,0.932899620386827,0.092945118944978
data/raw/SMD/machine-3-11.test.csv@4.out,SMD/machine-3-11.test.csv@4.out,SMD,machine-3-11.test.csv@4.out,28695,198,0.0069001568217459,0,0.2102439233664401,0.1313384946170292
data/raw/SMD/machine-3-11.test.csv@3.out,SMD/machine-3-11.test.csv@3.out,SMD,machine-3-11.test.csv@3.out,28695,198,0.0069001568217459,0,0.1578590516466283,0.1018580482060517
data/raw/SMD/machine-3-11.test.csv@6.out,SMD/machine-3-11.test.csv@6.out,SMD,machine-3-11.test.csv@6.out,28695,198,0.0069001568217459,0,0.8002111630597665,0.3279257514040149
data/raw/SMD/machine-3-11.test.csv@16.out,SMD/machine-3-11.test.csv@16.out,SMD,machine-3-11.test.csv@16.out,28695,198,0.0069001568217459,0,0.1059191414183655,0.222160133447277
data/raw/SMD/machine-3-11.test.csv@10.out,SMD/machine-3-11.test.csv@10.out,SMD,machine-3-11.test.csv@10.out,28695,198,0.0069001568217459,0,0.000153383272347,0.0095182692819104
data/raw/SMD/machine-3-11.test.csv@11.out,SMD/machine-3-11.test.csv@11.out,SMD,machine-3-11.test.csv@11.out,28695,198,0.0069001568217459,0,9.765802404600102e-05,0.0085382284183526
data/raw/SMD/machine-3-11.test.csv@19.out,SMD/machine-3-11.test.csv@19.out,SMD,machine-3-11.test.csv@19.out,28695,198,0.0069001568217459,0,0.4422399882209444,0.2127432706092963
data/raw/SMD/machine-3-11.test.csv@5.out,SMD/machine-3-11.test.csv@5.out,SMD,machine-3-11.test.csv@5.out,28695,198,0.0069001568217459,0,0.7487864982401115,0.4059461164494338
data/raw/SMD/machine-3-11.test.csv@15.out,SMD/machine-3-11.test.csv@15.out,SMD,machine-3-11.test.csv@15.out,28695,198,0.0069001568217459,0,0.0015080152639832,0.0037456773100773
data/raw/SMD/machine-3-11.test.csv@12.out,SMD/machine-3-11.test.csv@12.out,SMD,machine-3-11.test.csv@12.out,28695,198,0.0069001568217459,0,0.004226332287855,0.0063722875563926
data/raw/SMD/machine-3-11.test.csv@37.out,SMD/machine-3-11.test.csv@37.out,SMD,machine-3-11.test.csv@37.out,28695,198,0.0069001568217459,0,0.1943744934309113,0.1236362048284875
data/raw/SMD/machine-3-11.test.csv@35.out,SMD/machine-3-11.test.csv@35.out,SMD,machine-3-11.test.csv@35.out,28695,198,0.0069001568217459,0,0.4502704048440494,0.2180642005151127
data/raw/SMD/machine-3-11.test.csv@26.out,SMD/machine-3-11.test.csv@26.out,SMD,machine-3-11.test.csv@26.out,28695,198,0.0069001568217459,0,0.5372134598013591,0.0128022690977934
data/raw/SMD/machine-3-11.test.csv@32.out,SMD/machine-3-11.test.csv@32.out,SMD,machine-3-11.test.csv@32.out,28695,198,0.0069001568217459,0,0.000390311901028,0.017979438573766
data/raw/SMD/machine-3-11.test.csv@36.out,SMD/machine-3-11.test.csv@36.out,SMD,machine-3-11.test.csv@36.out,28695,198,0.0069001568217459,0,0.4508900110123715,0.2190597077924503
data/raw/SMD/machine-3-11.test.csv@31.out,SMD/machine-3-11.test.csv@31.out,SMD,machine-3-11.test.csv@31.out,28695,198,0.0069001568217459,0,0.4476646171806935,0.2142643478244361
data/raw/SMD/machine-3-11.test.csv@22.out,SMD/machine-3-11.test.csv@22.out,SMD,machine-3-11.test.csv@22.out,28695,198,0.0069001568217459,0,0.447649621641401,0.2142615996582736
data/raw/SMD/machine-3-11.test.csv@21.out,SMD/machine-3-11.test.csv@21.out,SMD,machine-3-11.test.csv@21.out,28695,198,0.0069001568217459,0,0.4359211280362432,0.2133566738025431
data/raw/SMD/machine-3-11.test.csv@28.out,SMD/machine-3-11.test.csv@28.out,SMD,machine-3-11.test.csv@28.out,28695,198,0.0069001568217459,0,0.4428678158215717,0.2086438573995648
data/raw/SMD/machine-3-11.test.csv@24.out,SMD/machine-3-11.test.csv@24.out,SMD,machine-3-11.test.csv@24.out,28695,198,0.0069001568217459,0,0.5374908963582505,0.0128133018971608
data/raw/SMD/machine-3-1.test.csv@20.out,SMD/machine-3-1.test.csv@20.out,SMD,machine-3-1.test.csv@20.out,28699,308,0.0107320812571866,0,0.1905949384995993,0.1064997787085753
data/raw/SMD/machine-3-1.test.csv@36.out,SMD/machine-3-1.test.csv@36.out,SMD,machine-3-1.test.csv@36.out,28699,308,0.0107320812571866,0,0.0036939987804453,0.0270371361644281
data/raw/SMD/machine-3-1.test.csv@35.out,SMD/machine-3-1.test.csv@35.out,SMD,machine-3-1.test.csv@35.out,28699,308,0.0107320812571866,0,0.0036811118854315,0.027038018093359
data/raw/SMD/machine-3-1.test.csv@14.out,SMD/machine-3-1.test.csv@14.out,SMD,machine-3-1.test.csv@14.out,28699,308,0.0107320812571866,0,0.1168382406704066,0.0993781866909751
data/raw/SMD/machine-3-1.test.csv@30.out,SMD/machine-3-1.test.csv@30.out,SMD,machine-3-1.test.csv@30.out,28699,308,0.0107320812571866,0,0.0186520405589044,0.0030647907706059
data/raw/SMD/machine-3-8.test.csv@2.out,SMD/machine-3-8.test.csv@2.out,SMD,machine-3-8.test.csv@2.out,28703,1371,0.0477650419816743,0,0.0386182222764171,0.0657248638618293
data/raw/SMD/machine-3-8.test.csv@3.out,SMD/machine-3-8.test.csv@3.out,SMD,machine-3-8.test.csv@3.out,28703,1371,0.0477650419816743,0,0.042307240009755,0.0712805530013925
data/raw/SMD/machine-3-8.test.csv@1.out,SMD/machine-3-8.test.csv@1.out,SMD,machine-3-8.test.csv@1.out,28703,1371,0.0477650419816743,0,0.0427566376685363,0.0641808734769198
data/raw/SMD/machine-3-8.test.csv@19.out,SMD/machine-3-8.test.csv@19.out,SMD,machine-3-8.test.csv@19.out,28703,1371,0.0477650419816743,0,0.0402305123506253,0.0831581253678766
data/raw/SMD/machine-3-8.test.csv@28.out,SMD/machine-3-8.test.csv@28.out,SMD,machine-3-8.test.csv@28.out,28703,1371,0.0477650419816743,0,0.0364184256001114,0.0682435493726314
data/raw/SMD/machine-3-8.test.csv@21.out,SMD/machine-3-8.test.csv@21.out,SMD,machine-3-8.test.csv@21.out,28703,1371,0.0477650419816743,0,0.0364159338048287,0.0682428348971115
data/raw/SMD/machine-3-8.test.csv@4.out,SMD/machine-3-8.test.csv@4.out,SMD,machine-3-8.test.csv@4.out,28703,1371,0.0477650419816743,0,0.0401778077552869,0.075556273574294
data/raw/SMD/machine-3-8.test.csv@22.out,SMD/machine-3-8.test.csv@22.out,SMD,machine-3-8.test.csv@22.out,28703,1371,0.0477650419816743,0,0.0448519147475873,0.0805315170695269
data/raw/SMD/machine-3-8.test.csv@32.out,SMD/machine-3-8.test.csv@32.out,SMD,machine-3-8.test.csv@32.out,28703,1371,0.0477650419816743,0,0.0052011898059436,0.0137762917032247
data/raw/SMD/machine-3-8.test.csv@20.out,SMD/machine-3-8.test.csv@20.out,SMD,machine-3-8.test.csv@20.out,28703,1371,0.0477650419816743,0,0.0407529581228442,0.0828574666079459
data/raw/SMD/machine-3-8.test.csv@16.out,SMD/machine-3-8.test.csv@16.out,SMD,machine-3-8.test.csv@16.out,28703,1371,0.0477650419816743,0,0.1033641227397833,0.0347772252686565
data/raw/SMD/machine-3-8.test.csv@35.out,SMD/machine-3-8.test.csv@35.out,SMD,machine-3-8.test.csv@35.out,28703,1371,0.0477650419816743,0,0.5291918639166638,0.1552088257218557
data/raw/SMD/machine-3-8.test.csv@25.out,SMD/machine-3-8.test.csv@25.out,SMD,machine-3-8.test.csv@25.out,28703,1371,0.0477650419816743,0,0.0079434127094728,0.051068787722732
data/raw/SMD/machine-3-8.test.csv@31.out,SMD/machine-3-8.test.csv@31.out,SMD,machine-3-8.test.csv@31.out,28703,1371,0.0477650419816743,0,0.0448447299237013,0.0805343039104865
data/raw/SMD/machine-3-8.test.csv@11.out,SMD/machine-3-8.test.csv@11.out,SMD,machine-3-8.test.csv@11.out,28703,1371,0.0477650419816743,0,0.1030334280737205,0.0346553291393757
data/raw/SMD/machine-3-8.test.csv@36.out,SMD/machine-3-8.test.csv@36.out,SMD,machine-3-8.test.csv@36.out,28703,1371,0.0477650419816743,0,0.5384175438804306,0.1552424893277816
data/raw/SMD/machine-3-7.test.csv@10.out,SMD/machine-3-7.test.csv@10.out,SMD,machine-3-7.test.csv@10.out,28704,434,0.0151198439241917,0,0.0005889095248049,0.0184710853776528
data/raw/SMD/machine-3-7.test.csv@12.out,SMD/machine-3-7.test.csv@12.out,SMD,machine-3-7.test.csv@12.out,28704,434,0.0151198439241917,0,0.0249482875905797,0.0162323203824723
data/raw/SMD/machine-3-7.test.csv@14.out,SMD/machine-3-7.test.csv@14.out,SMD,machine-3-7.test.csv@14.out,28704,434,0.0151198439241917,0,0.0100339942168338,0.0157846842029744
data/raw/SMD/machine-3-7.test.csv@7.out,SMD/machine-3-7.test.csv@7.out,SMD,machine-3-7.test.csv@7.out,28704,434,0.0151198439241917,0,0.1800321116220735,0.0586785051314239
data/raw/SMD/machine-3-7.test.csv@17.out,SMD/machine-3-7.test.csv@17.out,SMD,machine-3-7.test.csv@17.out,28704,434,0.0151198439241917,0,0.0003805788391861,0.0132185062135052
data/raw/SMD/machine-3-7.test.csv@6.out,SMD/machine-3-7.test.csv@6.out,SMD,machine-3-7.test.csv@6.out,28704,434,0.0151198439241917,0,0.8616452212235228,0.1613431642597948
data/raw/SMD/machine-3-7.test.csv@13.out,SMD/machine-3-7.test.csv@13.out,SMD,machine-3-7.test.csv@13.out,28704,434,0.0151198439241917,0,0.0007629598662207,0.0241203037434137
data/raw/SMD/machine-3-7.test.csv@11.out,SMD/machine-3-7.test.csv@11.out,SMD,machine-3-7.test.csv@11.out,28704,434,0.0151198439241917,0,0.0003116786162207,0.0104456768579085
data/raw/SMD/machine-3-7.test.csv@30.out,SMD/machine-3-7.test.csv@30.out,SMD,machine-3-7.test.csv@30.out,28704,434,0.0151198439241917,0,0.0004493949623745,0.0077136120972773
data/raw/SMD/machine-3-9.test.csv@25.out,SMD/machine-3-9.test.csv@25.out,SMD,machine-3-9.test.csv@25.out,28712,303,0.0105530788520479,0,0.0366128385692393,0.012365086992344
data/raw/SMD/machine-3-9.test.csv@35.out,SMD/machine-3-9.test.csv@35.out,SMD,machine-3-9.test.csv@35.out,28712,303,0.0105530788520479,0,0.0035557830872109,0.0264262357120821
data/raw/SMD/machine-3-9.test.csv@21.out,SMD/machine-3-9.test.csv@21.out,SMD,machine-3-9.test.csv@21.out,28712,303,0.0105530788520479,0,0.2341982809626637,0.131603607372819
data/raw/SMD/machine-3-9.test.csv@36.out,SMD/machine-3-9.test.csv@36.out,SMD,machine-3-9.test.csv@36.out,28712,303,0.0105530788520479,0,0.0035597206394538,0.0264262989923989
data/raw/SMD/machine-3-9.test.csv@20.out,SMD/machine-3-9.test.csv@20.out,SMD,machine-3-9.test.csv@20.out,28712,303,0.0105530788520479,0,0.1865661005154639,0.1044060665830948
data/raw/SMD/machine-3-9.test.csv@31.out,SMD/machine-3-9.test.csv@31.out,SMD,machine-3-9.test.csv@31.out,28712,303,0.0105530788520479,0,0.2108104856854277,0.1083147900731807
data/raw/SMD/machine-3-6.test.csv@6.out,SMD/machine-3-6.test.csv@6.out,SMD,machine-3-6.test.csv@6.out,28725,1194,0.0415665796344647,0,0.9830339178416014,0.088419363035621
data/raw/SMD/machine-3-6.test.csv@12.out,SMD/machine-3-6.test.csv@12.out,SMD,machine-3-6.test.csv@12.out,28725,1194,0.0415665796344647,0,0.079444872689295,0.0470799600531111
data/raw/SMD/machine-3-6.test.csv@9.out,SMD/machine-3-6.test.csv@9.out,SMD,machine-3-6.test.csv@9.out,28725,1194,0.0415665796344647,0,0.0365339981897302,0.0241860667476355
data/raw/SMD/machine-3-6.test.csv@7.out,SMD/machine-3-6.test.csv@7.out,SMD,machine-3-6.test.csv@7.out,28725,1194,0.0415665796344647,0,0.030845822454308,0.0416424137805644
data/raw/SMD/machine-3-6.test.csv@4.out,SMD/machine-3-6.test.csv@4.out,SMD,machine-3-6.test.csv@4.out,28725,1194,0.0415665796344647,0,0.3675821395996518,0.1951382278166681
data/raw/SMD/machine-3-6.test.csv@10.out,SMD/machine-3-6.test.csv@10.out,SMD,machine-3-6.test.csv@10.out,28725,1194,0.0415665796344647,0,0.0014735062140992,0.0150247865753562
data/raw/SMD/machine-3-6.test.csv@1.out,SMD/machine-3-6.test.csv@1.out,SMD,machine-3-6.test.csv@1.out,28725,1194,0.0415665796344647,0,0.2607110352306353,0.1267004981870267
data/raw/SMD/machine-3-6.test.csv@36.out,SMD/machine-3-6.test.csv@36.out,SMD,machine-3-6.test.csv@36.out,28725,1194,0.0415665796344647,0,0.1163162114534377,0.0550552329266181
data/raw/SMD/machine-3-6.test.csv@22.out,SMD/machine-3-6.test.csv@22.out,SMD,machine-3-6.test.csv@22.out,28725,1194,0.0415665796344647,0,0.3185670009051348,0.150710466494431
data/raw/SMD/machine-3-6.test.csv@31.out,SMD/machine-3-6.test.csv@31.out,SMD,machine-3-6.test.csv@31.out,28725,1194,0.0415665796344647,0,0.3185968753002611,0.1507012264271239
data/raw/SMD/machine-3-6.test.csv@32.out,SMD/machine-3-6.test.csv@32.out,SMD,machine-3-6.test.csv@32.out,28725,1194,0.0415665796344647,0,0.1208303993385552,0.0568699903131091
data/raw/SMD/machine-3-6.test.csv@15.out,SMD/machine-3-6.test.csv@15.out,SMD,machine-3-6.test.csv@15.out,28725,1194,0.0415665796344647,0,0.1861664528111401,0.0915462674988285
data/raw/SMD/machine-3-6.test.csv@24.out,SMD/machine-3-6.test.csv@24.out,SMD,machine-3-6.test.csv@24.out,28725,1194,0.0415665796344647,0,0.0129843535248041,0.025867509588857
data/raw/SMD/machine-3-6.test.csv@20.out,SMD/machine-3-6.test.csv@20.out,SMD,machine-3-6.test.csv@20.out,28725,1194,0.0415665796344647,0,0.3039774708442124,0.1453639857408148
data/raw/SMD/machine-3-6.test.csv@13.out,SMD/machine-3-6.test.csv@13.out,SMD,machine-3-6.test.csv@13.out,28725,1194,0.0415665796344647,0,0.0233350509660574,0.0242039693945827
data/raw/SMD/machine-3-6.test.csv@14.out,SMD/machine-3-6.test.csv@14.out,SMD,machine-3-6.test.csv@14.out,28725,1194,0.0415665796344647,0,0.0558433024194952,0.024074037471301
data/raw/SMD/machine-2-6.test.csv@1.out,SMD/machine-2-6.test.csv@1.out,SMD,machine-2-6.test.csv@1.out,28742,424,0.0147519309720965,0,0.2579939304154199,0.1335979341446061
data/raw/SMD/machine-2-6.test.csv@16.out,SMD/machine-2-6.test.csv@16.out,SMD,machine-2-6.test.csv@16.out,28742,424,0.0147519309720965,0,0.0967568859856655,0.021152748510407
data/raw/SMD/machine-2-6.test.csv@22.out,SMD/machine-2-6.test.csv@22.out,SMD,machine-2-6.test.csv@22.out,28742,424,0.0147519309720965,0,0.2821191441096653,0.1407970462719598
data/raw/SMD/machine-2-6.test.csv@15.out,SMD/machine-2-6.test.csv@15.out,SMD,machine-2-6.test.csv@15.out,28742,424,0.0147519309720965,0,0.1226630087676571,0.1039733407559082
data/raw/SMD/machine-2-6.test.csv@20.out,SMD/machine-2-6.test.csv@20.out,SMD,machine-2-6.test.csv@20.out,28742,424,0.0147519309720965,0,0.2717051761881567,0.1368316052957451
data/raw/SMD/machine-2-6.test.csv@11.out,SMD/machine-2-6.test.csv@11.out,SMD,machine-2-6.test.csv@11.out,28742,424,0.0147519309720965,0,0.0974470062278198,0.0188886078768503
data/raw/SMD/machine-2-6.test.csv@2.out,SMD/machine-2-6.test.csv@2.out,SMD,machine-2-6.test.csv@2.out,28742,424,0.0147519309720965,0,0.2262965887551319,0.1170413848039102
data/raw/SMD/machine-2-6.test.csv@7.out,SMD/machine-2-6.test.csv@7.out,SMD,machine-2-6.test.csv@7.out,28742,424,0.0147519309720965,0,0.0130357928814974,0.0284768393864048
data/raw/SMD/machine-2-6.test.csv@31.out,SMD/machine-2-6.test.csv@31.out,SMD,machine-2-6.test.csv@31.out,28742,424,0.0147519309720965,0,0.2821636980377148,0.1407884935761607
data/raw/SMD/machine-2-6.test.csv@24.out,SMD/machine-2-6.test.csv@24.out,SMD,machine-2-6.test.csv@24.out,28742,424,0.0147519309720965,0,0.0033240949829517,0.0095100929019006
data/raw/SMD/machine-2-6.test.csv@26.out,SMD/machine-2-6.test.csv@26.out,SMD,machine-2-6.test.csv@26.out,28742,424,0.0147519309720965,0,0.0035363285088024,0.0096070663405662
